,model_week,date,iso_week,iso_year,ga4_sessions,refined_ga4_ressions,podcast_streams,linkedin_spend,linkedin_impressions,linkedin_clicks,linkedin_spend_demandgen,linkedin_leads,lead_conv_rate,converted_leads,non_lead_gen,gSearch_sessions,gSearch_impressions,gift_spend,email_opened_cnt,direct_spend,direct_spend_pharios,direct_spend_dc360,fb_spend,fb_impressions,fb_clicks,googleAds_spend,googleAds_impressions,event_spend,all_mql_count,linkedin_mql_count,sales_sourced_mql_cnt,pharios_mql_cnt,dc360_mql_count,dc360_mql_count,impactDotCom_ga4_sessions,sum_content_download,sum_blog_subscribers,sum_newsletter_signup,month,daily_avg_queries,inflation_rate,durable_goods_rates,week,WEI,all_less_linkedin_mql,averageMQL_linkedin,smoothed_MQL_linkedin,smoothed_linkedin_MQL_all,averageMQL,smoothed_MQL
0,202415,2024-04-11,15,2024,5092.0,5092.0,332.0,11063.500000000002,186008,1265,9545.870000000004,97,0.0879419764279238,8.53037171350861,1517.6299999999974,1324.0,32644.0,0.0,0.0,0.0,0,0,2169.57,112790.0,460.0,6448.16,9873.0,0.0,61,34,0,0,0,0,4813.0,0.0,0.0,0.0,4,24779.0,0.0336,0.0022,15,1.87,27,,34.0,61.0,,61.0
1,202415,2024-04-12,15,2024,4061.0,4061.0,227.0,10985.4,167930,1187,9245.069999999998,80,0.0782778864970645,6.262230919765161,1740.3300000000017,1127.0,29793.0,498.86,0.0,0.0,0,0,2189.92,107564.0,472.0,4544.18,7438.0,0.0,60,24,0,0,0,0,4061.0,0.0,0.0,0.0,4,24779.0,0.0336,0.0022,15,1.87,36,23.5,24.0,60.0,41.0,60.0
2,202415,2024-04-13,15,2024,2350.0,2350.0,186.0,8826.290000000003,124526,930,7341.07,43,0.0534161490683229,2.2968944099378845,1485.220000000003,504.0,21040.0,0.0,0.0,0.0,0,0,2140.8799999999997,97362.0,468.0,1676.13,8682.0,0.0,21,13,0,0,0,0,2350.0,0.0,0.0,0.0,4,24779.0,0.0336,0.0022,15,1.87,8,18.5,13.0,21.0,45.0,21.0
3,202415,2024-04-14,15,2024,2426.0,2426.0,120.0,7257.839999999997,111431,844,6220.499999999999,38,0.0500658761528326,1.902503293807639,1037.3399999999983,519.0,23214.0,0.0,0.0,0.0,0,0,2404.75,112847.0,570.0,2054.01,4673.0,0.0,30,13,0,0,0,0,2307.0,0.0,0.0,0.0,4,24779.0,0.0336,0.0022,15,1.87,17,36.0,13.0,30.0,68.5,30.0
4,202416,2024-04-15,16,2024,6368.0,6368.0,182.0,10275.429999999998,159627,1160,8618.450000000003,63,0.0623762376237623,3.9297029702970248,1656.979999999996,1133.0,32072.0,339.42,0.0,0.0,0,0,2307.37,120812.0,464.0,5510.42,8131.0,0.0,116,59,0,0,0,0,5930.0,0.0,0.0,0.0,4,24779.0,0.0336,0.0022,16,1.72,57,16.5,16.5,73.5,41.0,116.0
5,202416,2024-04-16,16,2024,4536.0,4536.0,151.0,10460.65,168669,1158,8091.2,70,0.0727650727650727,5.093555093555089,2369.45,1210.0,31353.0,423.66,0.0,0.0,0,0,2164.09,105145.0,504.0,5447.02,8470.0,26000.0,52,20,0,0,0,0,4337.0,0.0,0.0,0.0,4,24779.0,0.0336,0.0022,16,1.72,32,41.5,20.0,52.0,83.0,52.0
6,202416,2024-04-17,16,2024,5493.0,5493.0,156.0,9972.180000000002,173911,1172,8974.809999999998,100,0.0942507068803016,9.42507068803016,997.3700000000044,1234.0,31130.0,0.0,0.0,0.0,0,0,2171.6499999999996,98961.0,481.0,6137.32,8890.0,0.0,50,24,0,0,0,0,5214.0,0.0,0.0,0.0,4,24779.0,0.0336,0.0022,16,1.72,26,43.5,24.0,50.0,79.5,50.0
7,202416,2024-04-18,16,2024,4181.0,4181.0,113.0,10352.859999999988,193165,1161,9051.33,83,0.0816929133858267,6.780511811023616,1301.529999999988,1143.0,31232.0,500.0,0.0,0.0,0,0,2154.41,92106.0,457.0,5834.61,8319.0,0.0,107,67,1,0,1,1,4101.0,0.0,0.0,0.0,4,24779.0,0.0336,0.0022,16,1.72,40,24.0,24.0,64.0,53.0,107.0
8,202416,2024-04-19,16,2024,3420.0,3420.0,117.0,12439.649999999996,203916,1249,10689.570000000002,84,0.0773480662983425,6.497237569060769,1750.0799999999945,1033.0,31283.0,561.38,0.0,0.0,0,0,2157.61,100017.0,462.0,5161.21,6976.0,0.0,56,24,0,0,0,0,3023.0,0.0,0.0,0.0,4,24779.0,0.0336,0.0022,16,1.72,32,42.0,24.0,56.0,68.0,56.0
9,202416,2024-04-20,16,2024,2227.0,2227.0,60.0,10756.73,158021,1111,9430.180000000004,55,0.0564102564102564,3.1025641025641018,1326.5499999999956,493.0,22212.0,0.0,0.0,0.0,0,0,2109.1000000000004,91319.0,544.0,2361.58,4455.0,0.0,29,17,0,0,0,0,2028.0,0.0,0.0,0.0,4,24779.0,0.0336,0.0022,16,1.72,12,18.5,17.0,29.0,42.5,29.0
10,202416,2024-04-21,16,2024,2785.0,2785.0,82.0,9916.260000000004,148204,1081,8421.699999999999,41,0.0438972162740899,1.7997858672376859,1494.560000000005,581.0,24238.0,0.0,0.0,0.0,0,0,2371.6,121924.0,528.0,3073.5,5359.0,0.0,29,13,0,0,0,0,2506.0,0.0,0.0,0.0,4,24779.0,0.0336,0.0022,16,1.72,16,41.5,13.0,29.0,61.0,29.0
11,202417,2024-04-22,17,2024,5252.0,5252.0,126.0,11792.610000000006,194998,1253,9916.43,82,0.0777251184834123,6.373459715639809,1876.1800000000057,1277.0,49181.0,350.0,4936.0,0.0,0,0,2450.5699999999997,154250.0,572.0,6842.19,9802.0,0.0,93,66,0,0,0,0,4974.0,0.0,0.0,0.0,4,24779.0,0.0336,0.0022,17,1.78,27,16.5,16.5,43.5,41.5,93.0
12,202417,2024-04-23,17,2024,4773.0,4773.0,1438.0,13799.49000000001,218530,1372,11930.33,77,0.0646515533165407,4.978169605373633,1869.1600000000108,1351.0,37246.0,199.26,0.0,0.0,0,0,2635.1499999999996,188116.0,607.0,7004.26,10119.0,0.0,54,20,0,0,0,0,4415.0,0.0,0.0,0.0,4,24779.0,0.0336,0.0022,17,1.78,34,51.5,20.0,54.0,83.0,54.0
13,202417,2024-04-24,17,2024,5254.0,5254.0,524.0,14647.420000000002,204026,1237,12870.87,60,0.0562851782363977,3.377110694183862,1776.550000000001,1301.0,39948.0,576.52,0.0,0.0,0,0,2790.64,99789.0,573.0,5807.69,9453.0,0.0,73,37,0,0,0,0,5135.0,0.0,0.0,0.0,4,24779.0,0.0336,0.0022,17,1.78,36,20.5,37.0,73.0,59.0,73.0
14,202417,2024-04-25,17,2024,5332.0,5332.0,305.0,14790.409999999996,192045,1206,12567.67,68,0.0670611439842209,4.560157790927021,2222.739999999996,1213.0,35547.0,224.46,0.0,0.0,0,0,2758.2000000000003,94041.0,537.0,5677.35,8892.0,0.0,64,21,1,0,0,0,5173.0,0.0,0.0,0.0,4,24779.0,0.0336,0.0022,17,1.78,43,25.0,21.0,64.0,55.0,64.0
15,202417,2024-04-26,17,2024,4021.0,4021.0,217.0,14519.940000000008,179825,1167,12097.389999999998,69,0.071875,4.959375,2422.55000000001,975.0,35050.0,0.0,0.0,0.0,0,0,2821.5500000000006,126962.0,597.0,4983.79,7948.0,0.0,37,13,0,0,0,0,3941.0,0.0,0.0,0.0,4,24779.0,0.0336,0.0022,17,1.78,24,17.5,13.0,37.0,45.5,37.0
16,202417,2024-04-27,17,2024,2747.0,2747.0,154.0,11237.920000000002,131836,934,9469.83,46,0.0584498094027954,2.6886912325285883,1768.090000000002,519.0,28113.0,0.0,0.0,0.0,0,0,2835.43,118898.0,579.0,2381.43,5613.0,0.0,27,14,0,0,0,0,2747.0,0.0,0.0,0.0,4,24779.0,0.0336,0.0022,17,1.78,13,14.0,14.0,27.0,32.5,27.0
17,202417,2024-04-28,17,2024,5650.0,5650.0,101.0,9824.439999999997,122683,900,8236.359999999999,55,0.0727513227513227,4.001322751322749,1588.079999999998,601.0,24839.0,0.0,0.0,0.0,0,0,3177.7700000000004,141294.0,721.0,2912.87,6090.0,0.0,28,15,1,0,0,0,5372.0,0.0,0.0,0.0,4,24779.0,0.0336,0.0022,17,1.78,13,20.0,15.0,28.0,42.5,28.0
18,202418,2024-04-29,18,2024,5613.0,5613.0,253.0,13157.250000000002,184884,1086,11137.489999999998,75,0.0815217391304347,6.114130434782602,2019.7600000000039,1329.0,34983.0,0.0,5379.0,0.0,0,0,3058.399999999999,131765.0,690.0,6723.12,9920.0,0.0,58,26,0,0,0,0,5334.0,0.0,0.0,0.0,4,24779.0,0.0336,0.0022,18,1.49,32,42.5,26.0,58.0,69.0,58.0
19,202418,2024-04-30,18,2024,4339.0,4339.0,192.0,14322.33,185968,1186,12041.089999999998,88,0.0879120879120879,7.736263736263735,2281.2400000000016,1358.0,34627.0,0.0,0.0,47087.0,0,0,3061.55,103233.0,727.0,7081.03,10943.0,0.0,110,70,0,0,0,0,4179.0,0.0,0.0,0.0,4,24779.0,0.0336,0.0022,18,1.49,40,24.0,24.0,64.0,57.5,110.0
20,202418,2024-05-01,18,2024,3505.0,3505.0,149.0,14304.94999999999,199936,1238,12116.87,76,0.0725190839694656,5.511450381679386,2188.079999999989,1199.0,34292.0,0.0,0.0,15000.0,0,0,2937.32,90512.0,728.0,8034.96,10864.0,0.0,57,22,1,0,0,0,3346.0,0.0,0.0,0.0,5,20084.0,0.0327,0.0012,18,1.49,35,47.0,22.0,57.0,85.0,57.0
21,202418,2024-05-02,18,2024,7596.0,7596.0,180.0,14394.150000000009,170920,1163,11651.530000000002,73,0.0772486772486772,5.639153439153436,2742.6200000000063,1184.0,36945.0,250.0,0.0,0.0,0,0,2899.6899999999996,91628.0,735.0,7081.2,9671.0,0.0,60,24,1,0,0,0,7477.0,0.0,0.0,0.0,5,20084.0,0.0327,0.0012,18,1.49,36,19.0,24.0,60.0,48.5,60.0
22,202418,2024-05-03,18,2024,4102.0,4102.0,144.0,14429.540000000005,183963,1173,11478.249999999998,73,0.0784946236559139,5.730107526881715,2951.2900000000063,1006.0,35458.0,25.12,0.0,0.0,0,0,2835.0,101188.0,696.0,5427.2,7495.0,0.0,40,16,0,0,0,0,3943.0,0.0,0.0,0.0,5,20084.0,0.0327,0.0012,18,1.49,24,22.0,16.0,40.0,48.5,40.0
23,202418,2024-05-04,18,2024,2585.0,2585.0,85.0,12565.429999999991,135511,1043,10112.400000000003,55,0.0636574074074074,3.501157407407407,2453.029999999988,496.0,33661.0,0.0,0.0,0.0,0,0,2670.4,139315.0,769.0,3292.12,5088.0,0.0,37,20,0,0,0,0,2585.0,0.0,0.0,0.0,5,20084.0,0.0327,0.0012,18,1.49,17,17.5,20.0,37.0,39.5,37.0
24,202418,2024-05-05,18,2024,4496.0,4496.0,74.0,10269.050000000016,136991,976,8166.700000000002,46,0.0576441102756892,2.651629072681703,2102.350000000014,537.0,27299.0,0.0,0.0,0.0,0,0,3133.619999999999,161147.0,804.0,2787.83,5247.0,0.0,39,19,1,0,0,0,4297.0,0.0,0.0,0.0,5,20084.0,0.0327,0.0012,18,1.49,20,23.0,19.0,39.0,51.0,39.0
25,202419,2024-05-06,19,2024,4776.0,4776.0,123.0,14265.17,192519,1187,11673.73,76,0.0777096114519427,5.905930470347646,2591.4400000000005,1229.0,39583.0,25.0,207.0,0.0,0,0,3100.3300000000004,167056.0,842.0,7014.76,9216.0,0.0,65,26,0,0,0,0,4378.0,0.0,0.0,0.0,5,20084.0,0.0327,0.0012,19,2.01,39,63.0,26.0,65.0,100.5,65.0
26,202419,2024-05-07,19,2024,5610.0,5610.0,1605.0,14443.49,180581,1197,11915.409999999998,80,0.0814663951120163,6.517311608961304,2528.0800000000017,1259.0,40527.0,250.14,0.0,0.0,0,0,2986.76,209224.0,849.0,7523.79,9978.0,0.0,162,107,0,0,0,0,5371.0,0.0,0.0,0.0,5,20084.0,0.0327,0.0012,19,2.01,55,27.0,27.0,82.0,74.5,74.5
27,202419,2024-05-08,19,2024,5733.0,5733.0,499.0,14448.279999999995,183731,1141,12060.900000000003,97,0.1017838405036726,9.873032528856243,2387.379999999992,1300.0,34739.0,123.17,0.0,0.0,0,0,2956.35,201448.0,810.0,7407.86,10015.0,23500.0,84,28,1,0,0,0,5493.0,0.0,0.0,0.0,5,20084.0,0.0327,0.0012,19,2.01,56,81.0,28.0,84.0,126.5,84.0
28,202419,2024-05-09,19,2024,5328.0,5328.0,239.0,14596.02,171866,1131,11970.150000000003,97,0.1043010752688172,10.117204301075269,2625.869999999997,1210.0,34708.0,275.0,0.0,0.0,0,0,2935.61,149464.0,729.0,7066.65,9526.0,0.0,91,55,0,0,0,0,4891.0,0.0,0.0,0.0,5,20084.0,0.0327,0.0012,19,2.01,36,24.0,24.0,60.0,65.5,91.0
29,202419,2024-05-10,19,2024,3024.0,3024.0,198.0,13999.05999999998,191497,1178,11414.37,59,0.0605749486652977,3.5739219712525645,2584.6899999999787,984.0,33011.0,175.0,0.0,0.0,0,0,2862.74,229049.0,760.0,5251.13,7614.0,0.0,47,20,0,0,0,0,2944.0,0.0,0.0,0.0,5,20084.0,0.0327,0.0012,19,2.01,27,31.5,20.0,47.0,54.5,47.0
30,202419,2024-05-11,19,2024,2627.0,2627.0,196.0,11678.630000000005,136274,1003,9538.660000000002,61,0.072189349112426,4.403550295857986,2139.970000000003,462.0,23177.0,0.0,0.0,0.0,0,0,2828.5,203111.0,874.0,2532.49,5001.0,0.0,18,8,0,0,0,0,2627.0,0.0,0.0,0.0,5,20084.0,0.0327,0.0012,19,2.01,10,13.5,8.0,18.0,32.5,18.0
31,202419,2024-05-12,19,2024,1951.0,1951.0,140.0,9241.719999999996,125323,905,7724.56,39,0.0505836575875486,1.9727626459143952,1517.1599999999953,458.0,27072.0,0.0,0.0,0.0,0,0,3313.04,184058.0,836.0,2496.88,5045.0,0.0,18,7,0,0,0,0,1871.0,0.0,0.0,0.0,5,20084.0,0.0327,0.0012,19,2.01,11,18.5,7.0,18.0,43.0,18.0
32,202420,2024-05-13,20,2024,5133.0,5133.0,136.0,12905.490000000009,178712,1099,10301.470000000005,79,0.0892655367231638,7.05197740112994,2604.020000000004,1289.0,34348.0,274.98,0.0,0.0,0,0,3226.82,242260.0,860.0,7429.83,10413.0,0.0,68,29,0,0,0,0,5053.0,0.0,0.0,0.0,5,20084.0,0.0327,0.0012,20,1.84,39,44.0,29.0,68.0,74.5,68.0
33,202420,2024-05-14,20,2024,4614.0,4614.0,135.0,13931.03,184076,1156,11442.13,74,0.0766839378238342,5.674611398963731,2488.9000000000015,1268.0,35901.0,136.66,11874.0,0.0,0,0,3093.46,195740.0,780.0,7147.3,10916.0,0.0,131,81,1,0,0,0,4216.0,0.0,0.0,0.0,5,20084.0,0.0327,0.0012,20,1.84,50,25.5,25.5,75.5,62.5,62.5
34,202420,2024-05-15,20,2024,4777.0,4777.0,162.0,11214.13,147762,940,10044.36,63,0.0743801652892562,4.68595041322314,1169.7699999999986,1199.0,36633.0,100.0,0.0,0.0,0,0,3027.5900000000006,196586.0,811.0,7745.72,10656.0,0.0,57,22,0,0,0,0,4459.0,0.0,0.0,0.0,5,20084.0,0.0327,0.0012,20,1.84,35,66.5,22.0,57.0,112.5,57.0
35,202420,2024-05-16,20,2024,4497.0,4497.0,520.0,11775.169999999998,157711,954,10192.79,81,0.0966587112171837,7.82935560859188,1582.3799999999974,1199.0,36365.0,223.75,0.0,7950.0,0,7950.0,2988.3400000000006,193770.0,739.0,7219.42,10036.0,0.0,94,52,0,0,0,0,4139.0,0.0,0.0,0.0,5,20084.0,0.0327,0.0012,20,1.84,42,23.0,23.0,65.0,53.5,94.0
36,202420,2024-05-17,20,2024,3700.0,3700.0,1166.0,10544.669999999998,137318,879,9163.13,74,0.095360824742268,7.056701030927831,1381.539999999999,946.0,33723.0,466.65,0.0,0.0,0,0,2981.1800000000003,222058.0,794.0,5588.89,8129.0,0.0,50,24,0,0,0,0,3501.0,0.0,0.0,0.0,5,20084.0,0.0327,0.0012,20,1.84,26,31.5,24.0,50.0,59.0,50.0
37,202420,2024-05-18,20,2024,3861.0,3861.0,1246.0,8978.800000000005,107142,781,7766.72,61,0.0877697841726618,5.3539568345323705,1212.0800000000045,498.0,22234.0,0.0,0.0,0.0,0,0,2868.9999999999995,335414.0,911.0,3034.08,5538.0,0.0,24,11,0,0,0,0,3861.0,0.0,0.0,0.0,5,20084.0,0.0327,0.0012,20,1.84,13,17.5,11.0,24.0,36.0,24.0
38,202420,2024-05-19,20,2024,3624.0,3624.0,865.0,8424.509999999995,105311,738,7349.36,45,0.0683890577507598,3.0775075987841913,1075.149999999995,496.0,25716.0,0.0,0.0,0.0,0,0,3164.87,654480.0,1432.0,3151.39,5626.0,0.0,22,11,0,0,0,0,3624.0,0.0,0.0,0.0,5,20084.0,0.0327,0.0012,20,1.84,11,37.5,11.0,22.0,60.0,22.0
39,202421,2024-05-20,21,2024,4457.0,4457.0,1706.0,10285.309999999994,132503,893,8787.980000000001,74,0.095360824742268,7.056701030927831,1497.3299999999927,1226.0,37884.0,202.5,5313.0,0.0,0,0,3141.0899999999997,541492.0,1164.0,7451.8,10181.0,0.0,96,64,0,0,0,0,4297.0,0.0,0.0,0.0,5,20084.0,0.0327,0.0012,21,2.5,32,22.0,22.0,54.0,49.5,96.0
40,202421,2024-05-21,21,2024,5094.0,5094.0,3996.0,10778.040000000006,142379,917,9364.749999999998,80,0.099009900990099,7.92079207920792,1413.2900000000081,1245.0,38563.0,580.03,0.0,0.0,0,0,3081.05,375497.0,1135.0,7812.33,9918.0,0.0,77,33,0,0,0,0,4417.0,0.0,0.0,0.0,5,20084.0,0.0327,0.0012,21,2.5,44,43.5,33.0,77.0,76.5,77.0
41,202421,2024-05-22,21,2024,5888.0,5888.0,2149.0,10990.100000000006,139025,934,9559.420000000002,72,0.0865384615384615,6.230769230769227,1430.680000000004,1260.0,34917.0,425.0,285.0,0.0,0,0,3057.8799999999997,364999.0,1097.0,6395.05,9721.0,0.0,57,23,0,0,0,0,5689.0,0.0,0.0,0.0,5,20084.0,0.0327,0.0012,21,2.5,34,25.0,23.0,57.0,62.5,57.0
42,202421,2024-05-23,21,2024,4177.0,4177.0,1257.0,11382.670000000006,133993,920,9851.97,80,0.099009900990099,7.92079207920792,1530.7000000000062,1248.0,33825.0,400.0,0.0,0.0,0,0,3054.08,262138.0,1021.0,5516.53,8600.0,0.0,48,17,0,0,0,0,4018.0,0.0,0.0,0.0,5,20084.0,0.0327,0.0012,21,2.5,31,19.0,17.0,48.0,46.5,48.0
43,202421,2024-05-24,21,2024,2983.0,2983.0,1129.0,10191.599999999997,117848,804,9104.080000000002,72,0.0994475138121546,7.1602209944751305,1087.519999999995,907.0,30779.0,150.0,0.0,0.0,0,0,2954.49,183104.0,885.0,4375.24,7458.0,0.0,36,15,0,0,0,0,2466.0,0.0,0.0,0.0,5,20084.0,0.0327,0.0012,21,2.5,21,12.0,15.0,36.0,32.0,36.0
44,202421,2024-05-25,21,2024,2706.0,2706.0,1204.0,8118.399999999997,104266,736,7406.250000000001,36,0.0532544378698224,1.9171597633136066,712.149999999996,520.0,25235.0,0.0,0.0,0.0,0,0,2925.8899999999994,266040.0,1108.0,2242.16,4844.0,0.0,16,7,0,0,0,0,2587.0,0.0,0.0,0.0,5,20084.0,0.0327,0.0012,21,2.5,9,11.5,7.0,16.0,28.0,16.0
45,202421,2024-05-26,21,2024,3461.0,3461.0,1133.0,8402.769999999993,106183,792,7593.72,41,0.0562414266117969,2.305898491083673,809.0499999999929,517.0,23938.0,0.0,0.0,0.0,0,0,3238.2900000000004,262815.0,1078.0,2327.61,4512.0,0.0,20,8,0,0,0,0,3262.0,0.0,0.0,0.0,5,20084.0,0.0327,0.0012,21,2.5,12,22.5,8.0,20.0,38.5,20.0
46,202422,2024-05-27,22,2024,4657.0,4657.0,1259.0,7565.96,89653,636,6816.089999999998,40,0.0689655172413793,2.7586206896551717,749.8700000000017,697.0,25353.0,0.0,0.0,0.0,0,0,3125.09,297365.0,1056.0,3880.58,5720.0,0.0,61,38,0,0,0,0,4299.0,0.0,0.0,0.0,5,20084.0,0.0327,0.0012,22,2.03,23,14.5,38.0,61.0,43.5,61.0
47,202422,2024-05-28,22,2024,5927.0,5927.0,1287.0,11859.55,148695,1059,10512.96,80,0.0839454354669464,6.7156348373557115,1346.5900000000001,1243.0,38660.0,175.53,0.0,0.0,0,0,3003.9199999999996,424398.0,1239.0,6157.89,9346.0,0.0,67,21,0,0,0,0,5808.0,0.0,0.0,0.0,5,20084.0,0.0327,0.0012,22,2.03,46,29.5,21.0,67.0,56.5,67.0
48,202422,2024-05-29,22,2024,5451.0,5451.0,1178.0,14047.719999999998,196132,1349,13087.19,79,0.0622537431048069,4.918045705279745,960.529999999997,1205.0,35225.0,1183.2,10006.0,0.0,0,0,2975.380000000001,471372.0,1321.0,6146.68,9779.0,0.0,52,21,0,0,0,0,4973.0,0.0,0.0,0.0,5,20084.0,0.0327,0.0012,22,2.03,31,19.0,21.0,52.0,58.0,52.0
49,202422,2024-05-30,22,2024,4058.0,4058.0,852.0,12023.429999999998,181781,1297,11013.64,94,0.0781379883624272,7.344970906068157,1009.789999999999,1266.0,34378.0,50.0,0.0,0.0,0,0,2970.75,314057.0,1136.0,6384.5,9168.0,0.0,49,17,0,0,0,0,3978.0,0.0,0.0,0.0,5,20084.0,0.0327,0.0012,22,2.03,32,16.0,17.0,49.0,47.5,49.0
50,202422,2024-05-31,22,2024,3102.0,3102.0,834.0,13438.49999999999,180204,1192,12281.56,82,0.0747493163172288,6.129443938012761,1156.9399999999914,978.0,29680.0,250.0,0.0,47087.0,0,0,2941.64,297493.0,1126.0,5594.96,8360.0,0.0,43,11,0,0,0,0,3102.0,0.0,0.0,0.0,5,20084.0,0.0327,0.0012,22,2.03,32,12.0,11.0,43.0,30.0,43.0
51,202422,2024-06-01,22,2024,2786.0,2786.0,777.0,11374.659999999996,150069,1067,10366.28,54,0.0549338758901322,2.9664292980671387,1008.3799999999956,644.0,20076.0,0.0,0.0,0.0,0,0,2858.9399999999996,586899.0,1601.0,0.0,0.0,0.0,11,7,0,0,0,0,2547.0,0.0,0.0,0.0,6,18965.0,0.0297,-0.0691,22,2.03,4,13.0,7.0,11.0,34.0,11.0
52,202422,2024-06-02,22,2024,3181.0,3181.0,786.0,10394.769999999997,140464,1050,9636.670000000002,45,0.0459652706843718,2.068437180796731,758.0999999999949,693.0,22219.0,0.0,0.0,0.0,0,0,3218.21,692090.0,1774.0,0.0,0.0,0.0,25,15,0,0,0,0,3181.0,0.0,0.0,0.0,6,18965.0,0.0297,-0.0691,22,2.03,10,15.0,15.0,25.0,32.0,25.0
53,202423,2024-06-03,23,2024,4377.0,4377.0,915.0,12883.07,179016,1179,11907.84,81,0.0735694822888283,5.959128065395093,975.2299999999996,1419.0,38206.0,226.89,0.0,9000.0,0,0,3138.8099999999995,303515.0,1304.0,2611.94,4584.0,0.0,53,23,1,0,0,0,4138.0,0.0,0.0,0.0,6,18965.0,0.0297,-0.0691,23,2.37,30,19.0,23.0,53.0,42.0,53.0
54,202423,2024-06-04,23,2024,3938.0,3938.0,4618.0,14440.409999999994,203812,1407,12883.940000000002,84,0.0719794344473007,6.046272493573259,1556.469999999992,1266.0,32069.0,463.37,0.0,0.0,0,0,3033.0100000000007,180083.0,1064.0,6883.98,9810.0,6250.0,59,23,0,0,0,0,3699.0,0.0,0.0,0.0,6,18965.0,0.0297,-0.0691,23,2.37,36,22.0,23.0,59.0,51.0,59.0
55,202423,2024-06-05,23,2024,5016.0,5016.0,2068.0,14724.969999999998,192206,1381,13038.85,83,0.0713671539122957,5.923473774720543,1686.1199999999972,1318.0,33422.0,0.0,25058.0,0.0,0,0,2988.4699999999993,210682.0,1117.0,6889.78,10154.0,0.0,49,21,0,0,0,0,4658.0,0.0,0.0,0.0,6,18965.0,0.0297,-0.0691,23,2.37,28,23.0,21.0,49.0,57.5,49.0
56,202423,2024-06-06,23,2024,5095.0,5095.0,1311.0,14549.969999999998,206241,1377,12584.459999999995,90,0.0778546712802768,7.006920415224912,1965.510000000002,1215.0,36011.0,795.98,43.0,0.0,0,0,2769.26,185550.0,1142.0,6404.77,9745.0,0.0,56,23,0,0,0,0,4896.0,0.0,0.0,0.0,6,18965.0,0.0297,-0.0691,23,2.37,33,18.5,23.0,56.0,42.0,56.0
57,202423,2024-06-07,23,2024,2229.0,2229.0,1170.0,13752.809999999994,178687,1287,11750.329999999998,76,0.0705663881151346,5.36304549675023,2002.479999999996,1021.0,32973.0,200.0,305.0,0.0,0,0,2593.0,199679.0,1082.0,5063.34,7493.0,0.0,35,16,0,0,0,0,2229.0,0.0,0.0,0.0,6,18965.0,0.0297,-0.0691,23,2.37,19,17.0,16.0,35.0,39.5,35.0
58,202423,2024-06-08,23,2024,2347.0,2347.0,1048.0,10392.230000000009,138539,1022,8932.119999999999,51,0.0587557603686636,2.9965437788018434,1460.1100000000097,477.0,24490.0,0.0,0.0,0.0,0,0,2545.9800000000005,252999.0,1201.0,2102.4,5177.0,0.0,23,11,0,0,0,0,2347.0,0.0,0.0,0.0,6,18965.0,0.0297,-0.0691,23,2.37,12,13.0,11.0,23.0,28.0,23.0
59,202423,2024-06-09,23,2024,2270.0,2270.0,958.0,8746.690000000006,124426,973,7888.6799999999985,43,0.0486425339366515,2.0916289592760147,858.0100000000075,485.0,34835.0,0.0,0.0,0.0,0,0,2844.9700000000003,260212.0,1175.0,2413.76,4911.0,0.0,21,10,0,0,0,0,2110.0,0.0,0.0,0.0,6,18965.0,0.0297,-0.0691,23,2.37,11,11.5,10.0,21.0,30.5,21.0
60,202424,2024-06-10,24,2024,5848.0,5848.0,763.0,14334.930000000004,197018,1499,12740.3,91,0.0717665615141955,6.53075709779179,1594.6300000000047,1290.0,39303.0,175.0,0.0,0.0,0,0,2821.38,203051.0,1107.0,5772.73,9159.0,0.0,38,12,0,0,0,0,5450.0,0.0,0.0,0.0,6,18965.0,0.0297,-0.0691,24,2.23,26,15.5,12.0,38.0,38.0,38.0
61,202424,2024-06-11,24,2024,4061.0,4061.0,518.0,14458.54000000001,173208,1416,12500.770000000002,81,0.0675,5.4675,1957.7700000000077,1441.0,40539.0,221.73000000000002,28741.0,0.0,0,0,2752.9099999999994,187787.0,1025.0,6066.74,9445.0,0.0,55,21,0,0,0,0,3862.0,0.0,0.0,0.0,6,18965.0,0.0297,-0.0691,24,2.23,34,17.5,21.0,55.0,44.0,55.0
62,202424,2024-06-12,24,2024,4936.0,4936.0,498.0,14344.78,199617,1458,11871.159999999996,93,0.0868347338935574,8.075630252100838,2473.6200000000044,1281.0,47644.0,250.0,314.0,0.0,0,0,2700.26,208802.0,1169.0,6424.31,9276.0,0.0,50,23,0,0,0,0,4339.0,0.0,0.0,0.0,6,18965.0,0.0297,-0.0691,24,2.23,27,22.5,23.0,50.0,54.0,50.0
63,202424,2024-06-13,24,2024,3976.0,3976.0,421.0,14343.410000000007,188463,1438,12038.35,86,0.0811320754716981,6.977358490566036,2305.0600000000068,1263.0,57878.0,339.1,0.0,0.0,0,0,2635.85,226305.0,1018.0,5948.19,8865.0,0.0,53,24,0,0,0,0,3579.0,0.0,0.0,0.0,6,18965.0,0.0297,-0.0691,24,2.23,29,86.5,24.0,53.0,119.0,53.0
64,202424,2024-06-14,24,2024,2784.0,2784.0,397.0,13152.45999999999,179493,1416,11083.370000000004,79,0.0793172690763052,6.26606425702811,2069.0899999999856,995.0,46568.0,247.26,321.0,0.0,0,0,2630.54,238289.0,1056.0,5107.83,8065.0,0.0,188,150,0,0,0,0,2545.0,0.0,0.0,0.0,6,18965.0,0.0297,-0.0691,24,2.23,38,16.5,16.5,54.5,36.5,36.5
65,202424,2024-06-15,24,2024,2306.0,2306.0,417.0,10305.260000000004,125777,1014,8676.589999999998,52,0.0688741721854304,3.5814569536423813,1628.6700000000055,489.0,28467.0,0.0,0.0,0.0,0,0,2520.46,246897.0,1082.0,2372.49,4780.0,0.0,20,9,0,0,0,0,2147.0,0.0,0.0,0.0,6,18965.0,0.0297,-0.0691,24,2.23,11,80.0,9.0,20.0,106.0,20.0
66,202424,2024-06-16,24,2024,2306.0,2306.0,455.0,8185.620000000002,101213,898,6544.180000000001,39,0.0598159509202454,2.3328220858895707,1641.4400000000005,530.0,34853.0,0.0,0.0,0.0,0,0,2907.5200000000004,241538.0,1192.0,2472.91,4830.0,0.0,24,10,0,0,0,0,2306.0,0.0,0.0,0.0,6,18965.0,0.0297,-0.0691,24,2.23,14,15.0,10.0,24.0,56.0,24.0
67,202425,2024-06-17,25,2024,4849.0,4849.0,458.0,14050.860000000004,183029,1526,11701.81,96,0.086720867208672,8.325203252032512,2349.0500000000047,1497.0,59311.0,0.0,452.0,0.0,0,0,2860.65,231685.0,1209.0,6689.54,9515.0,1200000.0,92,21,0,0,0,0,4491.0,0.0,0.0,0.0,6,18965.0,0.0297,-0.0691,25,2.16,71,16.0,21.0,92.0,47.5,92.0
68,202425,2024-06-18,25,2024,4927.0,4927.0,3207.0,14476.039999999994,172483,1443,12156.79,78,0.0742150333016175,5.788772597526164,2319.2499999999927,1311.0,43139.0,258.7,0.0,0.0,0,0,2789.4999999999995,194727.0,1156.0,6953.3,10465.0,0.0,71,22,0,0,0,0,4808.0,0.0,0.0,0.0,6,18965.0,0.0297,-0.0691,25,2.16,49,39.0,22.0,71.0,95.0,71.0
69,202425,2024-06-19,25,2024,3895.0,3895.0,1057.0,14501.340000000002,163498,1396,11438.8,76,0.0767676767676767,5.834343434343429,3062.5400000000027,964.0,47324.0,0.0,288.0,0.0,0,0,2730.7000000000003,204723.0,1140.0,6164.68,9181.0,0.0,98,57,1,0,0,0,3776.0,0.0,0.0,0.0,6,18965.0,0.0297,-0.0691,25,2.16,41,23.5,23.5,64.5,70.0,98.0
70,202425,2024-06-20,25,2024,4693.0,4693.0,573.0,14462.11,184745,1473,11644.249999999998,80,0.073126142595978,5.8500914076782395,2817.8600000000024,1146.0,30348.0,297.58,0.0,0.0,0,0,2746.5600000000004,236892.0,1285.0,7723.38,9824.0,0.0,69,25,0,0,0,0,4255.0,0.0,0.0,0.0,6,18965.0,0.0297,-0.0691,25,2.16,44,40.5,25.0,69.0,69.0,69.0
71,202425,2024-06-21,25,2024,3459.0,3459.0,407.0,13871.959999999988,169630,1390,11497.459999999995,68,0.0657004830917874,4.467632850241543,2374.4999999999927,895.0,29137.0,50.0,0.0,0.0,0,0,2764.03,245771.0,1352.0,4847.03,7941.0,0.0,40,24,0,0,0,0,3300.0,0.0,0.0,0.0,6,18965.0,0.0297,-0.0691,25,2.16,16,19.5,24.0,40.0,45.5,40.0
72,202425,2024-06-22,25,2024,3855.0,3855.0,282.0,11947.500000000016,132591,1195,9740.79,55,0.0599781897491821,3.2988004362050156,2206.7100000000155,480.0,21629.0,0.0,0.0,0.0,0,0,2644.04,251893.0,1419.0,2108.32,5328.0,0.0,22,14,0,0,0,0,3855.0,0.0,0.0,0.0,6,18965.0,0.0297,-0.0691,25,2.16,8,16.0,14.0,22.0,32.5,22.0
73,202425,2024-06-23,25,2024,4015.0,4015.0,280.0,10828.940000000002,124505,1057,8504.840000000002,46,0.0558252427184466,2.5679611650485437,2324.1000000000004,524.0,22582.0,0.0,0.0,0.0,0,0,3039.47,278974.0,1497.0,2608.26,5886.0,0.0,25,8,0,0,0,0,3856.0,0.0,0.0,0.0,6,18965.0,0.0297,-0.0691,25,2.16,17,15.0,8.0,25.0,51.0,25.0
74,202426,2024-06-24,26,2024,4493.0,4493.0,244.0,14524.149999999998,177482,1491,11404.929999999998,69,0.0654648956356736,4.517077798861479,3119.2199999999993,1209.0,34626.0,0.0,0.0,0.0,0,0,2989.57,348984.0,1508.0,7028.67,10255.0,0.0,80,16,0,0,20,20,4294.0,0.0,0.0,0.0,6,18965.0,0.0297,-0.0691,26,2.38,64,33.5,16.0,80.0,66.5,80.0
75,202426,2024-06-25,26,2024,3657.0,3657.0,202.0,14556.420000000007,187418,1475,10849.14,87,0.0887755102040816,7.723469387755099,3707.280000000008,1213.0,32730.0,225.0,0.0,0.0,0,0,2892.0699999999997,322448.0,1434.0,7438.97,10435.0,0.0,108,59,0,0,0,0,3657.0,0.0,0.0,0.0,6,18965.0,0.0297,-0.0691,26,2.38,49,19.5,19.5,68.5,74.0,108.0
76,202426,2024-06-26,26,2024,4095.0,4095.0,176.0,13085.710000000012,172437,1331,9679.359999999995,96,0.1065482796892341,10.228634850166474,3406.3500000000167,1195.0,31944.0,569.81,11298.0,0.0,0,0,2820.919999999999,263261.0,1200.0,7582.54,11045.0,0.0,68,23,0,0,0,0,3856.0,0.0,0.0,0.0,6,18965.0,0.0297,-0.0691,26,2.38,45,38.5,23.0,68.0,82.5,68.0
77,202426,2024-06-27,26,2024,3736.0,3736.0,191.0,11406.960000000005,155160,1210,9184.9,63,0.0724137931034482,4.562068965517237,2222.060000000005,1156.0,28235.0,163.26,269.0,0.0,0,0,2804.2000000000003,286994.0,1364.0,6711.21,9832.0,0.0,57,18,0,0,0,0,3537.0,0.0,0.0,0.0,6,18965.0,0.0297,-0.0691,26,2.38,39,19.0,18.0,57.0,56.5,57.0
78,202426,2024-06-28,26,2024,2347.0,2347.0,195.0,10590.88,151371,1132,8253.529999999999,70,0.0899742930591259,6.298200514138813,2337.3500000000004,885.0,28297.0,91.43,0.0,0.0,0,0,2769.17,287781.0,1431.0,4470.11,7909.0,0.0,45,15,0,0,0,0,2347.0,0.0,0.0,0.0,6,18965.0,0.0297,-0.0691,26,2.38,30,15.5,15.0,45.0,41.0,45.0
79,202426,2024-06-29,26,2024,2863.0,2863.0,122.0,9507.77,126854,994,7841.730000000001,55,0.0710594315245478,3.908268733850129,1666.039999999999,507.0,21313.0,0.0,0.0,0.0,0,0,2622.73,333134.0,1555.0,3042.43,5181.0,0.0,25,13,0,0,0,0,2863.0,0.0,0.0,0.0,6,18965.0,0.0297,-0.0691,26,2.38,12,11.5,13.0,25.0,33.5,25.0
80,202426,2024-06-30,26,2024,3537.0,3537.0,137.0,9956.54,128358,1038,8043.620000000003,55,0.0686641697877653,3.7765293383270913,1912.9199999999983,532.0,22578.0,0.0,0.0,204000.0,0,0,3045.71,288304.0,1597.0,3013.89,5329.0,0.0,22,8,0,0,0,0,3537.0,0.0,0.0,0.0,6,18965.0,0.0297,-0.0691,26,2.38,14,17.0,8.0,22.0,39.0,22.0
81,202427,2024-07-01,27,2024,5367.0,5367.0,99.0,14298.229995990972,232747,1241,11058.039996883135,88,0.0921465968586387,8.108900523560205,3240.189999107837,1159.0,33278.0,313.93,0.0,8500.0,0,0,2892.4000000000005,334635.0,1807.0,7222.47,9650.0,0.0,53,21,0,0,0,0,4890.0,0.0,0.0,0.0,7,18593.0,0.0289,0.0987,27,2.66,32,11.0,21.0,53.0,36.0,53.0
82,202427,2024-07-02,27,2024,3538.0,3538.0,122.0,14435.189995846871,212200,1198,10698.109996525362,71,0.080773606370876,5.734926052332195,3737.0799993215096,1204.0,34435.0,50.0,11308.0,0.0,0,0,2771.43,344434.0,1757.0,5682.48,9423.0,0.0,50,14,0,0,0,0,3339.0,0.0,0.0,0.0,7,18593.0,0.0289,0.0987,27,2.66,36,19.5,14.0,50.0,57.0,50.0
83,202427,2024-07-03,27,2024,2902.0,2902.0,125.0,14460.069980611808,227217,1283,11019.519981650146,74,0.0755102040816326,5.587755102040813,3440.549998961662,957.0,31837.0,2400.0,0.0,0.0,0,0,2713.14,291393.0,1719.0,5776.13,8178.0,0.0,61,18,0,0,0,0,2783.0,0.0,0.0,0.0,7,18593.0,0.0289,0.0987,27,2.66,43,13.5,18.0,61.0,38.5,61.0
84,202427,2024-07-04,27,2024,3418.0,3418.0,122.0,11408.209993110928,142600,928,8341.279994414397,48,0.0701754385964912,3.3684210526315774,3066.9299986965307,510.0,23763.0,25.0,0.0,0.0,0,0,2613.7200000000003,345740.0,1702.0,3311.24,4761.0,0.0,27,13,0,0,0,0,3299.0,0.0,0.0,0.0,7,18593.0,0.0289,0.0987,27,2.66,14,14.5,13.0,27.0,48.5,27.0
85,202427,2024-07-05,27,2024,2265.0,2265.0,111.0,10807.52999350269,153198,911,8250.529995246032,42,0.0592383638928067,2.4880112834978814,2556.9999982566587,640.0,27329.0,51.54,0.0,0.0,0,0,2564.2299999999996,360713.0,1604.0,4180.2,6356.0,0.0,36,11,0,0,6,6,2265.0,0.0,0.0,0.0,7,18593.0,0.0289,0.0987,27,2.66,25,13.0,11.0,36.0,24.5,36.0
86,202427,2024-07-06,27,2024,2704.0,2704.0,131.0,9421.82998682536,144236,896,7717.599988200771,47,0.0626666666666666,2.9453333333333305,1704.229998624589,437.0,22830.0,0.0,0.0,0.0,0,0,2404.1499999999996,325216.0,1483.0,2459.02,4709.0,0.0,22,13,0,0,0,0,2704.0,0.0,0.0,0.0,7,18593.0,0.0289,0.0987,27,2.66,9,9.0,13.0,22.0,28.0,22.0
87,202427,2024-07-07,27,2024,2305.0,2305.0,112.0,9257.689990291894,143198,898,7666.559991098478,51,0.0679094540612516,3.4633821571238315,1591.1299991934156,551.0,24083.0,0.0,0.0,0.0,0,0,2780.8200000000006,267129.0,1578.0,2828.4,5371.0,0.0,20,7,0,0,0,0,2305.0,0.0,0.0,0.0,7,18593.0,0.0289,0.0987,27,2.66,13,20.0,7.0,20.0,45.5,20.0
88,202428,2024-07-08,28,2024,3974.0,3974.0,119.0,13787.479994834475,222153,1211,10614.459996118982,92,0.1019955654101995,9.383592017738353,3173.019998715494,1299.0,31552.0,67.0,0.0,0.0,0,0,2728.81,280218.0,1569.0,7219.55,9165.0,0.0,69,27,0,0,0,0,3855.0,0.0,0.0,0.0,7,18593.0,0.0289,0.0987,28,1.81,42,61.5,27.0,69.0,102.0,69.0
89,202428,2024-07-09,28,2024,5130.0,5130.0,90.0,13666.539992338772,181513,1206,10462.33999295994,86,0.101775147928994,8.752662721893484,3204.199999378832,1207.0,29678.0,447.73,23152.0,0.0,0,0,2617.6899999999996,244545.0,1451.0,7549.28,9983.0,0.0,184,116,0,0,0,0,4891.0,0.0,0.0,0.0,7,18593.0,0.0289,0.0987,28,1.81,68,19.5,19.5,87.5,56.0,56.0
90,202428,2024-07-10,28,2024,3976.0,3976.0,128.0,14484.91999496449,213514,1246,10853.649995884403,63,0.0691547749725576,4.356750823271129,3631.2699990800866,1191.0,31418.0,50.0,283.0,0.0,0,0,2607.01,212260.0,1498.0,6437.54,9193.0,0.0,43,12,0,0,0,0,3538.0,0.0,0.0,0.0,7,18593.0,0.0289,0.0987,28,1.81,31,64.0,12.0,43.0,116.0,43.0
91,202428,2024-07-11,28,2024,4094.0,4094.0,95.0,14287.779994500215,214210,1177,10910.729995764555,71,0.0781078107810781,5.5456545654565454,3377.0499987356598,1061.0,29175.0,125.89,0.0,0.0,0,0,2544.29,228913.0,1414.0,6899.76,8844.0,0.0,48,12,0,0,2,2,3736.0,0.0,0.0,0.0,7,18593.0,0.0289,0.0987,28,1.81,36,25.0,12.0,48.0,59.0,48.0
92,202428,2024-07-12,28,2024,2943.0,2943.0,100.0,12884.019988115637,194562,1097,9759.719989583784,62,0.0752427184466019,4.665048543689317,3124.299998531853,950.0,28409.0,547.59,0.0,0.0,0,0,2533.3999999999996,231498.0,1410.0,6395.42,8527.0,0.0,75,38,0,0,0,0,2943.0,0.0,0.0,0.0,7,18593.0,0.0289,0.0987,28,1.81,37,9.0,38.0,75.0,33.0,75.0
93,202428,2024-07-13,28,2024,2544.0,2544.0,77.0,10106.74999429264,142443,906,7750.739995802572,46,0.0657142857142857,3.0228571428571422,2356.009998490069,498.0,21437.0,0.0,0.0,0.0,0,0,2454.7300000000005,229383.0,1364.0,2899.51,5516.0,0.0,18,6,0,0,0,0,2544.0,0.0,0.0,0.0,7,18593.0,0.0289,0.0987,28,1.81,12,25.5,6.0,18.0,51.0,18.0
94,202428,2024-07-14,28,2024,2385.0,2385.0,72.0,9644.52999433254,140276,893,7956.90999512471,57,0.0773405698778833,4.408412483039348,1687.619999207831,555.0,21494.0,0.0,0.0,0.0,0,0,2736.3500000000004,262589.0,1430.0,2784.47,5691.0,0.0,27,13,0,0,0,0,2385.0,0.0,0.0,0.0,7,18593.0,0.0289,0.0987,28,1.81,14,11.5,13.0,27.0,30.5,27.0
95,202429,2024-07-15,29,2024,4333.0,4333.0,65.0,13705.719992599234,213970,1144,10615.999993222127,75,0.0860091743119266,6.450688073394495,3089.7199993771064,1207.0,30725.0,282.58,10188.0,0.0,0,0,2701.25,200880.0,1258.0,7133.37,9972.0,0.0,43,17,0,0,0,0,4333.0,0.0,0.0,0.0,7,18593.0,0.0289,0.0987,29,1.98,26,20.5,17.0,43.0,47.5,43.0
96,202429,2024-07-16,29,2024,4015.0,4015.0,68.0,12967.509991689258,213594,1156,9926.979994500229,77,0.096612296110414,7.439146800501878,3040.529997189029,1229.0,29492.0,117.38,9.0,0.0,0,0,2478.6400000000003,182149.0,1009.0,6876.94,10372.0,0.0,68,28,0,0,0,0,3618.0,0.0,0.0,0.0,7,18593.0,0.0289,0.0987,29,1.98,40,38.0,28.0,68.0,70.5,68.0
97,202429,2024-07-17,29,2024,4372.0,4372.0,107.0,13890.129994044775,201103,1164,10230.229995573243,72,0.0865384615384615,6.230769230769227,3659.899998471532,1263.0,30871.0,1220.01,291.0,0.0,0,0,2311.8499999999995,136358.0,814.0,7259.86,10206.0,0.0,98,59,0,0,0,0,4014.0,0.0,0.0,0.0,7,18593.0,0.0289,0.0987,29,1.98,39,25.5,25.5,64.5,62.5,98.0
98,202429,2024-07-18,29,2024,3858.0,3858.0,55.0,14163.729995934533,205695,1217,10720.449997042337,78,0.0863787375415282,6.737541528239199,3443.279998892196,1193.0,29392.0,0.0,95.0,7950.0,0,7950.0,2249.4,179076.0,889.0,6258.09,8853.0,0.0,57,23,0,0,0,0,3540.0,0.0,0.0,0.0,7,18593.0,0.0289,0.0987,29,1.98,34,51.5,23.0,57.0,81.5,57.0
99,202429,2024-07-19,29,2024,2265.0,2265.0,112.0,12438.43998880912,190875,1098,8912.179989715816,76,0.1013333333333333,7.701333333333331,3526.259999093303,963.0,27131.0,0.0,0.0,0.0,0,0,2131.6800000000003,177810.0,904.0,5658.65,7480.0,0.0,65,44,0,0,0,0,2146.0,0.0,0.0,0.0,7,18593.0,0.0289,0.0987,29,1.98,21,17.5,17.5,38.5,38.5,65.0
100,202429,2024-07-20,29,2024,1074.0,1074.0,85.0,10434.779995843232,158744,994,8088.339997142908,44,0.0583554376657824,2.5676392572944255,2346.4399987003235,551.0,24886.0,0.0,0.0,0.0,0,0,1936.84,187413.0,881.0,3253.82,5201.0,0.0,20,12,0,0,0,0,1074.0,0.0,0.0,0.0,7,18593.0,0.0289,0.0987,29,1.98,8,24.5,12.0,20.0,40.5,20.0
101,202429,2024-07-21,29,2024,1948.0,1948.0,79.0,8353.069990842525,127155,791,6983.969993634365,38,0.0574018126888217,2.1812688821752246,1369.09999720816,534.0,27486.0,0.0,0.0,0.0,0,0,2280.81,177770.0,869.0,2829.71,5476.0,0.0,16,5,0,0,0,0,1789.0,0.0,0.0,0.0,7,18593.0,0.0289,0.0987,29,1.98,11,27.5,5.0,16.0,54.5,16.0
102,202430,2024-07-22,30,2024,3497.0,3497.0,93.0,10753.579993137912,168771,860,7972.999994670042,59,0.1,5.9,2780.5799984678697,1214.0,34721.0,375.85,0.0,0.0,0,0,2220.13,167375.0,829.0,7654.98,9312.0,0.0,89,43,0,0,0,0,3060.0,0.0,0.0,0.0,7,18593.0,0.0289,0.0987,30,1.68,46,12.0,12.0,58.0,52.5,89.0
103,202430,2024-07-23,30,2024,3978.0,3978.0,57.0,13182.609992273869,201343,1186,9602.789993026783,69,0.0885750962772785,6.111681643132217,3579.8199992470854,1347.0,34129.0,200.0,0.0,0.0,0,0,2141.96,215489.0,934.0,7369.74,9305.0,0.0,89,19,0,0,0,0,3700.0,0.0,0.0,0.0,7,18593.0,0.0289,0.0987,30,1.68,70,34.0,19.0,89.0,82.0,89.0
104,202430,2024-07-24,30,2024,3578.0,3578.0,97.0,12900.519990301273,203885,1118,10342.559991555365,64,0.0752941176470588,4.818823529411763,2557.959998745908,1270.0,31682.0,97.14,0.0,0.0,0,0,2093.33,212352.0,971.0,7262.86,9543.0,0.0,75,25,0,0,0,0,3340.0,0.0,0.0,0.0,7,18593.0,0.0289,0.0987,30,1.68,50,23.5,25.0,75.0,73.0,75.0
105,202430,2024-07-25,30,2024,3537.0,3537.0,54.0,13244.029991045429,212558,1155,10155.889991459386,53,0.0627218934911242,3.3242603550295824,3088.139999586043,1106.0,30139.0,122.08,0.0,0.0,0,0,2082.31,215170.0,948.0,6445.12,8537.0,0.0,57,28,0,0,0,0,3537.0,0.0,0.0,0.0,7,18593.0,0.0289,0.0987,30,1.68,29,31.0,28.0,57.0,71.5,57.0
106,202430,2024-07-26,30,2024,3300.0,3300.0,57.0,13473.569994402447,226828,1279,11367.05999487652,77,0.0780933062880324,6.013184584178495,2106.509999525928,974.0,28715.0,150.0,0.0,0.0,0,0,2215.99,155966.0,804.0,4849.73,7565.0,0.0,68,37,0,0,0,0,3300.0,0.0,0.0,0.0,7,18593.0,0.0289,0.0987,30,1.68,31,20.5,37.0,68.0,42.0,68.0
107,202430,2024-07-27,30,2024,1709.0,1709.0,79.0,12122.859997300093,182659,1200,9843.359997628042,67,0.067067067067067,4.493493493493489,2279.4999996720508,561.0,25023.0,0.0,0.0,0.0,0,0,2218.82,150149.0,858.0,2333.41,5173.0,0.0,27,13,0,0,0,0,1709.0,0.0,0.0,0.0,7,18593.0,0.0289,0.0987,30,1.68,14,26.0,13.0,27.0,47.0,27.0
108,202430,2024-07-28,30,2024,2703.0,2703.0,54.0,9514.569988964166,168134,1036,8267.909989655214,51,0.0566666666666666,2.8899999999999966,1246.6599993089512,675.0,23614.0,0.0,0.0,0.0,0,0,2530.73,125145.0,809.0,2378.73,5259.0,0.0,26,15,0,0,0,0,2584.0,0.0,0.0,0.0,7,18593.0,0.0289,0.0987,30,1.68,11,28.5,15.0,26.0,73.5,26.0
109,202431,2024-07-29,31,2024,4173.0,4173.0,53.0,13139.029990597432,244591,1284,11237.459991776392,81,0.078564500484966,6.363724539282245,1901.56999882104,1264.0,31671.0,241.18,0.0,0.0,0,0,2449.76,114597.0,750.0,6749.88,15720.0,22500.0,120,44,1,0,0,0,3974.0,0.0,0.0,0.0,7,18593.0,0.0289,0.0987,31,1.83,76,21.5,21.5,97.5,58.5,120.0
110,202431,2024-07-30,31,2024,6360.0,6360.0,73.0,13559.74999404328,249586,1324,11892.479995092108,92,0.0876190476190476,8.06095238095238,1667.269998951173,1298.0,30858.0,372.6,11086.0,0.0,0,0,2386.99,103398.0,711.0,7314.5,11273.0,0.0,91,28,0,0,0,0,5963.0,0.0,0.0,0.0,7,18593.0,0.0289,0.0987,31,1.83,63,38.0,28.0,91.0,105.0,91.0
111,202431,2024-07-31,31,2024,4094.0,4094.0,34.0,14372.619992962942,247956,1362,12643.089994000087,98,0.0852173913043478,8.351304347826085,1729.5299989628547,1229.0,30603.0,170.0,0.0,92637.0,0,0,2364.6,126335.0,730.0,6101.58,10379.0,0.0,90,32,0,0,0,0,4094.0,0.0,0.0,0.0,7,18593.0,0.0289,0.0987,31,1.83,58,28.0,32.0,90.0,78.5,90.0
112,202431,2024-08-01,31,2024,5326.0,5326.0,62.0,13922.799992492668,215989,1239,12359.619993786184,91,0.0848089468779123,7.717614165890019,1563.1799987064842,1286.0,31044.0,68.66,0.0,0.0,0,0,2326.130000000001,122671.0,752.0,7134.83,10219.0,0.0,66,28,0,0,0,0,4730.0,0.0,0.0,0.0,8,18733.0,0.0253,-0.0089,31,1.83,38,48.5,28.0,66.0,97.0,66.0
113,202431,2024-08-02,31,2024,3378.0,3378.0,78.0,13113.199991611766,212004,1196,11638.369994448034,85,0.0862944162436548,7.3350253807106585,1474.8299971637316,1006.0,31355.0,100.0,0.0,0.0,0,0,2316.88,138136.0,781.0,5606.87,8162.0,0.0,104,65,0,0,0,0,3219.0,0.0,0.0,0.0,8,18733.0,0.0253,-0.0089,31,1.83,39,18.5,18.5,57.5,44.5,104.0
114,202431,2024-08-03,31,2024,2942.0,2942.0,67.0,11218.1999959755,171908,1176,9693.749997757415,72,0.0738461538461538,5.316923076923073,1524.4499982180841,511.0,24340.0,0.0,0.0,0.0,0,0,2206.68,130815.0,733.0,2631.76,6010.0,0.0,23,9,0,0,0,0,2743.0,0.0,0.0,0.0,8,18733.0,0.0253,-0.0089,31,1.83,14,40.5,9.0,23.0,62.5,23.0
115,202431,2024-08-04,31,2024,2503.0,2503.0,69.0,9217.589989246168,162425,988,8057.609991786592,46,0.0554216867469879,2.549397590361443,1159.9799974595753,624.0,26743.0,0.0,0.0,0.0,0,0,2521.07,162029.0,900.0,2571.12,5817.0,0.0,21,16,0,0,0,0,2344.0,0.0,0.0,0.0,8,18733.0,0.0253,-0.0089,31,1.83,5,12.5,16.0,21.0,43.5,21.0
116,202432,2024-08-05,32,2024,4691.0,4691.0,94.0,12320.05998763508,206217,1150,10420.109989512926,82,0.0916201117318435,7.512849162011167,1899.9499981221543,1277.0,32823.0,341.2,0.0,0.0,0,0,2451.3900000000003,169847.0,872.0,6773.89,9830.0,0.0,64,16,0,0,0,0,4055.0,0.0,0.0,0.0,8,18733.0,0.0253,-0.0089,32,1.99,48,20.0,16.0,64.0,43.0,64.0
117,202432,2024-08-06,32,2024,3775.0,3775.0,53.0,14246.479989946163,240165,1371,11174.309991876284,85,0.08682328907048,7.379979570990799,3072.1699980698795,1366.0,36921.0,200.0,0.0,0.0,0,0,2447.11,148097.0,821.0,8278.67,10896.0,0.0,65,24,0,0,0,0,3616.0,0.0,0.0,0.0,8,18733.0,0.0253,-0.0089,32,1.99,41,51.0,24.0,65.0,102.0,65.0
118,202432,2024-08-07,32,2024,4333.0,4333.0,79.0,14204.189992303804,231687,1268,11630.769993269185,81,0.081081081081081,6.567567567567561,2573.4199990346187,1342.0,32976.0,97.62,0.0,0.0,0,0,2159.2000000000003,106210.0,625.0,7179.1,10654.0,0.0,140,86,0,0,0,0,4015.0,0.0,0.0,0.0,8,18733.0,0.0253,-0.0089,32,1.99,54,28.0,28.0,82.0,71.5,71.5
119,202432,2024-08-08,32,2024,5050.0,5050.0,61.0,13384.649990070884,227384,1224,11261.669990645176,79,0.0789210789210789,6.234765234765233,2122.9799994257082,1248.0,35650.0,3200.0,0.0,0.0,0,0,2131.53,113929.0,693.0,7637.14,9785.0,0.0,78,32,0,0,1,1,4931.0,0.0,0.0,0.0,8,18733.0,0.0253,-0.0089,32,1.99,46,51.5,32.0,78.0,93.0,78.0
120,202432,2024-08-09,32,2024,3579.0,3579.0,48.0,13056.779994463022,227411,1258,10584.24999480941,84,0.0867768595041322,7.289256198347105,2472.5299996536123,995.0,31480.0,150.0,0.0,0.0,0,0,2251.77,123307.0,709.0,6137.87,8500.0,0.0,46,17,0,0,0,0,3340.0,0.0,0.0,0.0,8,18733.0,0.0253,-0.0089,32,1.99,29,26.5,17.0,46.0,53.0,46.0
121,202432,2024-08-10,32,2024,2425.0,2425.0,127.0,10512.239992462395,166121,1061,8102.5899927029395,50,0.0625782227784731,3.128911138923655,2409.6499997594556,528.0,23252.0,0.0,0.0,0.0,0,0,2125.7,123531.0,706.0,2498.46,5725.0,0.0,28,21,0,0,0,0,2306.0,0.0,0.0,0.0,8,18733.0,0.0253,-0.0089,32,1.99,7,13.0,21.0,28.0,32.0,28.0
122,202432,2024-08-11,32,2024,2266.0,2266.0,45.0,8813.049994667033,147282,904,7178.7599965793515,46,0.0632737276478679,2.9105914718019235,1634.2899980876819,611.0,24765.0,0.0,0.0,0.0,0,0,2427.91,122718.0,703.0,2497.4,5515.0,0.0,18,9,0,0,0,0,2147.0,0.0,0.0,0.0,8,18733.0,0.0253,-0.0089,32,1.99,9,39.0,9.0,18.0,65.0,18.0
123,202433,2024-08-12,33,2024,4293.0,4293.0,51.0,12496.209989623449,218322,1145,10797.299991549236,65,0.069593147751606,4.5235546038543895,1698.9099980742121,1300.0,33901.0,145.0,0.0,0.0,0,0,2321.4200000000005,121594.0,666.0,6523.81,9298.0,0.0,102,57,0,0,0,0,4054.0,0.0,0.0,0.0,8,18733.0,0.0253,-0.0089,33,2.02,45,17.0,17.0,62.0,40.0,102.0
124,202433,2024-08-13,33,2024,4413.0,4413.0,40.0,14200.939988666249,233143,1269,11604.489989343158,84,0.0856269113149847,7.192660550458715,2596.449999323091,1325.0,33610.0,300.0,13258.0,0.0,0,0,2344.3399999999997,115120.0,605.0,6874.13,10065.0,0.0,62,25,0,0,2,2,4135.0,0.0,0.0,0.0,8,18733.0,0.0253,-0.0089,33,2.02,37,42.0,25.0,62.0,88.0,62.0
125,202433,2024-08-14,33,2024,3139.0,3139.0,52.0,14149.25999447599,220267,1293,11565.819995228105,88,0.0868706811451135,7.644619940769988,2583.4399992478848,1353.0,32024.0,725.0,86.0,50000.0,50000.0,0,2336.45,101452.0,599.0,7232.15,9970.0,0.0,74,27,0,0,0,0,2741.0,0.0,0.0,0.0,8,18733.0,0.0253,-0.0089,33,2.02,47,39.5,27.0,74.0,83.0,74.0
126,202433,2024-08-15,33,2024,3101.0,3101.0,41.0,13407.439995605146,214878,1191,11285.54999688,67,0.0690721649484536,4.627835051546391,2121.889998725146,1322.0,31781.0,150.0,0.0,10000.0,0,0,2174.2,90812.0,611.0,6682.45,9323.0,0.0,104,54,2,0,0,0,2902.0,0.0,0.0,0.0,8,18733.0,0.0253,-0.0089,33,2.02,50,23.0,23.0,73.0,62.0,104.0
127,202433,2024-08-16,33,2024,2743.0,2743.0,44.0,12938.639986908547,205705,1140,10091.179987343883,66,0.0778301886792452,5.136792452830183,2847.459999564664,1034.0,32893.0,172.42000000000002,0.0,0.0,0,0,2196.2,95999.0,588.0,5015.26,7752.0,0.0,50,19,0,0,0,0,2743.0,0.0,0.0,0.0,8,18733.0,0.0253,-0.0089,33,2.02,31,33.5,19.0,50.0,65.5,50.0
128,202433,2024-08-17,33,2024,2026.0,2026.0,28.0,10276.659987791298,170805,1008,7771.789988393259,51,0.0686406460296096,3.5006729475100897,2504.869999398039,626.0,23058.0,0.0,0.0,0.0,0,0,2033.88,88456.0,615.0,2366.09,5515.0,0.0,27,13,0,0,0,0,2026.0,0.0,0.0,0.0,8,18733.0,0.0253,-0.0089,33,2.02,14,13.5,13.0,27.0,43.0,27.0
129,202433,2024-08-18,33,2024,2186.0,2186.0,47.0,8567.759992406178,150193,912,6563.649993933641,48,0.0640854472630173,3.076101468624831,2004.109998472537,626.0,24069.0,0.0,0.0,0.0,0,0,2286.5899999999997,87247.0,561.0,2896.73,5888.0,0.0,36,8,0,0,0,0,2067.0,0.0,0.0,0.0,8,18733.0,0.0253,-0.0089,33,2.02,28,15.0,8.0,36.0,74.5,36.0
130,202434,2024-08-19,34,2024,4690.0,4690.0,55.0,12774.249997165927,212585,1106,10297.629998050734,68,0.0777142857142857,5.284571428571427,2476.6199991151934,1277.0,33606.0,350.0,136.0,0.0,0,0,2407.38,120431.0,690.0,6559.77,8885.0,0.0,122,17,0,0,22,22,4293.0,0.0,0.0,0.0,8,18733.0,0.0253,-0.0089,34,1.97,105,35.5,17.0,122.0,79.0,122.0
131,202434,2024-08-20,34,2024,3417.0,3417.0,728.0,13158.449995854937,225742,1214,10667.07999660186,72,0.0774193548387096,5.5741935483870915,2491.3699992530765,1410.0,33152.0,175.0,0.0,0.0,0,0,2313.21,105538.0,655.0,6872.16,9809.0,0.0,122,63,0,0,0,0,2861.0,0.0,0.0,0.0,8,18733.0,0.0253,-0.0089,34,1.97,59,19.5,19.5,78.5,94.0,122.0
132,202434,2024-08-21,34,2024,2744.0,2744.0,321.0,12520.729991029364,198939,1098,10510.359992358362,78,0.088939566704675,6.93728620296465,2010.3699986710017,1416.0,36386.0,50.0,64.0,0.0,0,0,2212.15,94684.0,537.0,6689.94,9660.0,0.0,66,22,0,0,0,0,2744.0,0.0,0.0,0.0,8,18733.0,0.0253,-0.0089,34,1.97,44,50.5,22.0,66.0,107.5,66.0
133,202434,2024-08-22,34,2024,3418.0,3418.0,179.0,11808.939985499312,190588,1058,10526.069987683057,72,0.0786885245901639,5.6655737704918,1282.869997816255,1332.0,35465.0,51.22,0.0,0.0,0,0,2250.5699999999997,110673.0,558.0,7515.61,8880.0,0.0,93,38,0,0,0,0,3100.0,0.0,0.0,0.0,8,18733.0,0.0253,-0.0089,34,1.97,55,19.0,38.0,93.0,66.5,93.0
134,202434,2024-08-23,34,2024,2345.0,2345.0,114.0,12326.959987860091,197937,1153,10849.76998902116,69,0.070264765784114,4.848268839103866,1477.1899988389305,1073.0,31846.0,605.8100000000001,0.0,0.0,0,0,2189.34,65160.0,454.0,4467.87,7063.0,0.0,67,16,0,0,0,0,2226.0,0.0,0.0,0.0,8,18733.0,0.0253,-0.0089,34,1.97,51,28.0,16.0,67.0,63.5,67.0
135,202434,2024-08-24,34,2024,1471.0,1471.0,110.0,10641.699989192,160259,1087,9409.749990866476,55,0.0586979722518676,3.2283884738527178,1231.9499983255246,556.0,24407.0,0.0,0.0,0.0,0,0,1990.8,69055.0,500.0,2498.96,4613.0,0.0,34,18,0,0,0,0,1471.0,0.0,0.0,0.0,8,18733.0,0.0253,-0.0089,34,1.97,16,15.5,18.0,34.0,47.5,34.0
136,202434,2024-08-25,34,2024,2385.0,2385.0,95.0,9573.269991441524,140429,995,8575.839992044544,69,0.0785876993166287,5.422551252847381,997.4299993969798,595.0,24048.0,0.0,0.0,0.0,0,0,2248.81,108307.0,616.0,2958.07,5861.0,0.0,28,15,0,0,0,0,2385.0,0.0,0.0,0.0,8,18733.0,0.0253,-0.0089,34,1.97,13,22.5,15.0,28.0,45.0,28.0
137,202435,2024-08-26,35,2024,3221.0,3221.0,101.0,12164.029992410386,203935,1116,10645.159992610816,96,0.1024546424759871,9.83564567769476,1518.86999979957,1291.0,32073.0,450.0,0.0,15000.0,0,0,2157.1600000000003,104138.0,594.0,6779.59,9170.0,0.0,56,27,0,0,0,0,2982.0,0.0,0.0,0.0,8,18733.0,0.0253,-0.0089,35,2.35,29,39.0,27.0,56.0,79.5,56.0
138,202435,2024-08-27,35,2024,2822.0,2822.0,98.0,12331.769994830096,199262,1081,10873.009996364515,80,0.0883002207505518,7.0640176600441436,1458.7599984655808,1334.0,32676.0,225.0,56.0,0.0,0,0,2177.14,100687.0,589.0,7804.83,9582.0,0.0,131,63,0,0,0,0,2822.0,0.0,0.0,0.0,8,18733.0,0.0253,-0.0089,35,2.35,68,22.5,22.5,90.5,60.0,60.0
139,202435,2024-08-28,35,2024,3538.0,3538.0,86.0,11449.199986875432,188077,974,9991.359987659262,70,0.087719298245614,6.14035087719298,1457.8399992161703,1342.0,32363.0,200.0,0.0,0.0,0,0,2174.4,99532.0,519.0,6437.38,8854.0,0.0,64,18,0,0,0,0,3538.0,0.0,0.0,0.0,8,18733.0,0.0253,-0.0089,35,2.35,46,58.0,18.0,64.0,110.0,64.0
140,202435,2024-08-29,35,2024,3975.0,3975.0,101.0,11227.309984893996,180066,953,9932.059988150262,68,0.0846824408468244,5.758405977584059,1295.2499967437343,1176.0,32099.0,118.17,0.0,0.0,0,0,2399.0899999999997,104163.0,653.0,6817.25,7979.0,0.0,89,53,0,0,0,0,3816.0,0.0,0.0,0.0,8,18733.0,0.0253,-0.0089,35,2.35,36,16.5,16.5,52.5,54.0,89.0
141,202435,2024-08-30,35,2024,3062.0,3062.0,78.0,10960.379985525597,174089,966,9475.179986588906,72,0.0911392405063291,6.562025316455696,1485.1999989366905,992.0,29134.0,0.0,0.0,0.0,0,0,2294.7899999999995,100992.0,1224.0,5048.16,7529.0,0.0,44,15,0,0,0,0,3062.0,0.0,0.0,0.0,8,18733.0,0.0253,-0.0089,35,2.35,29,32.5,15.0,44.0,57.5,44.0
142,202435,2024-08-31,35,2024,2068.0,2068.0,50.0,9153.829994767237,134838,875,8055.939995389729,50,0.0667556742323097,3.337783711615485,1097.8899993775076,534.0,21681.0,0.0,0.0,0.0,0,0,2193.73,95524.0,1061.0,2744.73,5307.0,0.0,26,12,0,0,0,0,1750.0,0.0,0.0,0.0,8,18733.0,0.0253,-0.0089,35,2.35,14,12.5,12.0,26.0,32.5,26.0
143,202435,2024-09-01,35,2024,2782.0,2782.0,65.0,6844.459992280018,108609,668,6302.379993806753,40,0.0675675675675675,2.7027027027027,542.0799984732648,521.0,23319.0,0.0,0.0,0.0,0,0,2398.6599999999994,99050.0,1021.0,2282.35,5135.0,0.0,21,10,0,0,0,0,2782.0,0.0,0.0,0.0,9,20353.0,0.0244,-0.004,35,2.35,11,13.0,10.0,21.0,31.5,21.0
144,202436,2024-09-02,36,2024,4135.0,4135.0,67.0,8270.829990988113,130251,743,7198.189994840714,39,0.0666666666666666,2.5999999999999974,1072.6399961473999,672.0,26239.0,0.0,0.0,0.0,0,0,2369.5,115080.0,1575.0,3686.68,6311.0,0.0,37,14,0,0,0,0,4135.0,0.0,0.0,0.0,9,20353.0,0.0244,-0.004,36,1.99,23,26.5,14.0,37.0,50.5,37.0
145,202436,2024-09-03,36,2024,3658.0,3658.0,533.0,10743.389992444778,180370,939,9451.039995122128,67,0.0879265091863517,5.891076115485564,1292.3499973226499,1282.0,37418.0,0.0,5834.0,0.0,0,0,2312.18,113389.0,1521.0,6481.42,8755.0,0.0,80,43,0,0,1,1,3459.0,0.0,0.0,0.0,9,20353.0,0.0244,-0.004,36,1.99,37,29.5,29.5,66.5,59.0,80.0
146,202436,2024-09-04,36,2024,3856.0,3856.0,322.0,11633.139992249557,205788,1009,10371.699993411636,87,0.1029585798816568,8.957396449704142,1261.439998837921,1384.0,36848.0,113.34,70.0,42637.0,0,0,2341.31,90328.0,848.0,6870.21,8726.0,0.0,81,45,0,0,0,0,3618.0,0.0,0.0,0.0,9,20353.0,0.0244,-0.004,36,1.99,36,49.5,49.5,85.5,149.0,81.0
147,202436,2024-09-05,36,2024,3260.0,3260.0,173.0,11213.089992379884,187359,986,9991.639993780173,76,0.0911270983213429,6.92565947242206,1221.4499985997118,1304.0,34720.0,150.0,0.0,0.0,0,0,2221.35,80552.0,573.0,6857.24,8616.0,0.0,218,56,0,54,1,1,3260.0,0.0,0.0,0.0,9,20353.0,0.0244,-0.004,36,1.99,162,32.5,32.5,194.5,142.5,142.5
148,202436,2024-09-06,36,2024,3974.0,3974.0,117.0,10659.569991193706,163635,869,9452.86999290659,78,0.1038615179760319,8.101198402130487,1206.6999982871166,1079.0,32810.0,120.59,0.0,0.0,0,0,2323.84,83403.0,569.0,5259.8,7290.0,0.0,204,20,0,145,0,0,3537.0,0.0,0.0,0.0,9,20353.0,0.0244,-0.004,36,1.99,184,35.0,20.0,204.0,124.5,124.5
149,202436,2024-09-07,36,2024,2386.0,2386.0,89.0,8145.839988866704,126195,755,7316.409990966998,48,0.0730593607305936,3.506849315068493,829.429997899706,551.0,24169.0,0.0,0.0,0.0,0,0,2077.7,74716.0,582.0,3394.74,4781.0,0.0,31,14,0,0,0,0,2386.0,0.0,0.0,0.0,9,20353.0,0.0244,-0.004,36,1.99,17,15.0,14.0,31.0,115.0,31.0
150,202436,2024-09-08,36,2024,2505.0,2505.0,99.0,7022.099988244469,117924,704,6333.509989833175,60,0.0988467874794069,5.930807248764413,688.5899984112948,593.0,26890.0,0.0,0.0,0.0,0,0,2396.6000000000004,88363.0,599.0,2911.5,5271.0,0.0,26,10,0,0,0,0,2346.0,0.0,0.0,0.0,9,20353.0,0.0244,-0.004,36,1.99,16,17.5,10.0,26.0,41.5,26.0
151,202437,2024-09-09,37,2024,2782.0,2782.0,219.0,10236.589991862367,175281,875,9354.059992549595,68,0.0887728459530026,6.036553524804177,882.5299993127719,1199.0,37129.0,1141.89,0.0,8501.0,0,0,2421.1899999999996,81477.0,731.0,6406.25,8820.0,0.0,52,21,0,0,0,0,2623.0,0.0,0.0,0.0,9,20353.0,0.0244,-0.004,37,2.03,31,19.5,21.0,52.0,51.0,52.0
152,202437,2024-09-10,37,2024,4613.0,4613.0,168.0,11559.679992152462,184638,993,10673.379994954646,88,0.0989876265466816,8.710911136107981,886.2999971978152,1302.0,38520.0,948.09,877.0,0.0,0,0,2475.9600000000005,86917.0,726.0,8123.3,9543.0,0.0,76,29,0,0,0,0,4335.0,0.0,0.0,0.0,9,20353.0,0.0244,-0.004,37,2.03,47,22.0,29.0,76.0,59.0,76.0
153,202437,2024-09-11,37,2024,5805.0,5805.0,112.0,12380.489992999186,180563,1077,11307.869994490342,91,0.0962962962962963,8.762962962962963,1072.6199985088442,2164.0,39587.0,50.0,0.0,0.0,0,0,2472.0800000000004,92435.0,518.0,9408.73,10295.0,0.0,66,23,0,0,0,0,5527.0,0.0,0.0,0.0,9,20353.0,0.0244,-0.004,37,2.03,43,56.0,23.0,66.0,102.0,66.0
154,202437,2024-09-12,37,2024,5646.0,5646.0,110.0,11395.129990920866,162453,938,10068.369991227148,86,0.1063040791100123,9.142150803461059,1326.7599996937188,1150.0,38034.0,226.1,0.0,0.0,0,0,2500.6099999999997,83270.0,544.0,9598.38,9824.0,0.0,128,83,0,2,0,0,5169.0,0.0,0.0,0.0,9,20353.0,0.0244,-0.004,37,2.03,45,24.5,24.5,69.5,63.5,128.0
155,202437,2024-09-13,37,2024,4451.0,4451.0,126.0,9732.48998734062,154092,853,8636.839987804167,65,0.0901525658807212,5.859916782246878,1095.649999536452,970.0,34223.0,168.01,0.0,0.0,0,0,2362.0699999999997,73553.0,540.0,8442.14,9670.0,0.0,61,26,0,0,0,0,3815.0,0.0,0.0,0.0,9,20353.0,0.0244,-0.004,37,2.03,35,52.0,26.0,61.0,84.0,61.0
156,202437,2024-09-14,37,2024,3060.0,3060.0,113.0,9015.769986034296,121574,838,8249.109987281288,59,0.0795148247978436,4.691374663072772,766.659998753008,579.0,26332.0,0.0,0.0,0.0,0,0,2268.13,68905.0,528.0,4185.36,6958.0,0.0,40,21,0,0,0,0,3060.0,0.0,0.0,0.0,9,20353.0,0.0244,-0.004,37,2.03,19,20.0,21.0,40.0,42.5,40.0
157,202437,2024-09-15,37,2024,2425.0,2425.0,85.0,8265.419990348235,114904,814,7687.719992313069,50,0.0680272108843537,3.4013605442176855,577.6999980351657,572.0,29191.0,0.0,56.0,0.0,0,0,2504.3199999999997,80872.0,567.0,2996.74,6071.0,0.0,24,14,0,0,0,0,2266.0,0.0,0.0,0.0,9,20353.0,0.0244,-0.004,37,2.03,10,20.0,14.0,24.0,43.0,24.0
158,202438,2024-09-16,38,2024,4930.0,4930.0,64.0,10200.149987031093,169800,868,9443.739990823422,64,0.0848806366047745,5.432360742705568,756.4099962076707,1190.0,39300.0,348.26,0.0,0.0,0,0,2486.2,89425.0,549.0,8691.63,10112.0,0.0,46,19,1,0,0,0,4731.0,0.0,0.0,0.0,9,20353.0,0.0244,-0.004,38,2.4,27,25.0,19.0,46.0,53.0,46.0
159,202438,2024-09-17,38,2024,3775.0,3775.0,718.0,11283.149990716614,176844,941,10208.85999297732,69,0.0844553243574051,5.827417380660952,1074.2899977392935,1167.0,38447.0,754.79,14264.0,0.0,0,0,2399.37,82152.0,636.0,8919.27,9999.0,0.0,82,36,0,0,0,0,3656.0,0.0,0.0,0.0,9,20353.0,0.0244,-0.004,38,2.4,46,27.0,36.0,82.0,61.0,82.0
160,202438,2024-09-18,38,2024,4571.0,4571.0,2116.0,12350.449991293248,189861,1002,11155.579992198063,77,0.0889145496535796,6.8464203233256296,1194.8699990951845,1240.0,38067.0,50.0,0.0,5750.0,0,0,2389.65,85872.0,486.0,8786.89,10885.0,0.0,76,35,0,0,0,0,4015.0,0.0,0.0,0.0,9,20353.0,0.0244,-0.004,38,2.4,41,30.5,35.0,76.0,69.5,76.0
161,202438,2024-09-19,38,2024,3460.0,3460.0,1342.0,10722.559989268815,166160,883,10076.269991259698,73,0.0922882427307206,6.737041719342604,646.289998009117,1259.0,38428.0,221.59,0.0,30000.0,0,0,2199.2200000000003,77090.0,488.0,8364.72,9512.0,0.0,57,25,0,0,0,0,3221.0,0.0,0.0,0.0,9,20353.0,0.0244,-0.004,38,2.4,32,27.5,25.0,57.0,62.5,57.0
162,202438,2024-09-20,38,2024,4413.0,4413.0,622.0,8495.81998917723,115423,660,8330.839990473545,70,0.1071975497702909,7.503828483920363,164.97999870368403,1031.0,36377.0,300.0,7484.0,0.0,0,0,2193.73,67341.0,528.0,7164.18,9098.0,0.0,49,20,0,0,0,0,4294.0,0.0,0.0,0.0,9,20353.0,0.0244,-0.004,38,2.4,29,19.0,20.0,49.0,47.5,49.0
163,202438,2024-09-21,38,2024,1670.0,1670.0,179.0,7788.679993452285,94672,700,7691.769993951256,44,0.0633093525179856,2.7856115107913664,96.90999950102923,496.0,31242.0,0.0,0.0,0.0,0,0,2017.5200000000004,62015.0,439.0,3900.06,6639.0,0.0,38,13,0,0,0,0,1670.0,0.0,0.0,0.0,9,20353.0,0.0244,-0.004,38,2.4,25,17.5,13.0,38.0,37.5,38.0
164,202438,2024-09-22,38,2024,2663.0,2663.0,207.0,8433.829992937717,105772,782,8103.169993483959,51,0.0670170827858081,3.4178712220762133,330.65999945375825,564.0,29471.0,136.14,0.0,0.0,0,0,2263.5899999999997,70568.0,525.0,3319.9,5611.0,0.0,26,15,0,0,0,0,2663.0,0.0,0.0,0.0,9,20353.0,0.0244,-0.004,38,2.4,11,18.0,15.0,26.0,52.0,26.0
165,202439,2024-09-23,39,2024,4014.0,4014.0,273.0,10172.069980990336,138371,832,9935.839983439238,91,0.1112469437652811,10.12347188264058,236.22999755109777,1271.0,42921.0,341.71999999999997,0.0,0.0,0,0,2330.19,81368.0,475.0,8519.73,10220.0,0.0,66,23,0,0,0,0,3736.0,0.0,0.0,0.0,9,20353.0,0.0244,-0.004,39,2.07,43,17.5,23.0,66.0,49.0,66.0
166,202439,2024-09-24,39,2024,3538.0,3538.0,303.0,11146.429991970344,142174,876,10932.319993495465,77,0.0890173410404624,6.8543352601156045,214.10999847487983,1359.0,42860.0,317.85,8078.0,0.0,0,0,2223.3999999999996,60449.0,397.0,10038.93,10039.0,0.0,72,20,0,0,0,0,3220.0,0.0,0.0,0.0,9,20353.0,0.0244,-0.004,39,2.07,52,24.0,20.0,72.0,65.0,72.0
167,202439,2024-09-25,39,2024,3022.0,3022.0,224.0,11050.699991798156,142099,877,10721.689992296184,97,0.1126596980255516,10.927990708478506,329.00999950197183,1262.0,38630.0,125.0,0.0,0.0,0,0,2158.45,58370.0,331.0,8246.25,9520.0,0.0,64,25,1,0,0,0,2863.0,0.0,0.0,0.0,9,20353.0,0.0244,-0.004,39,2.07,39,26.0,25.0,64.0,72.5,64.0
168,202439,2024-09-26,39,2024,3338.0,3338.0,226.0,10053.9299910253,127635,781,9764.729992262584,73,0.0956749672346002,6.984272608125814,289.19999876271504,1134.0,37538.0,422.99,0.0,0.0,0,0,2134.8700000000003,60056.0,358.0,7955.06,9121.0,0.0,73,32,0,1,0,0,3179.0,0.0,0.0,0.0,9,20353.0,0.0244,-0.004,39,2.07,41,18.5,32.0,73.0,58.5,73.0
169,202439,2024-09-27,39,2024,3021.0,3021.0,203.0,9926.639994703495,128473,770,9446.87999575317,62,0.0841248303934871,5.215739484396201,479.7599989503251,939.0,35625.0,201.16,0.0,0.0,0,0,2019.03,54954.0,328.0,7171.2,7551.0,0.0,53,12,0,0,0,0,2663.0,0.0,0.0,0.0,9,20353.0,0.0244,-0.004,39,2.07,41,22.5,12.0,53.0,50.5,53.0
170,202439,2024-09-28,39,2024,1829.0,1829.0,248.0,8229.999987910225,109109,718,7726.379990088177,43,0.0643712574850299,2.767964071856286,503.6199978220484,505.0,28029.0,0.0,0.0,0.0,0,0,1670.53,41250.0,248.0,4777.37,5391.0,0.0,28,13,0,0,0,0,1710.0,0.0,0.0,0.0,9,20353.0,0.0244,-0.004,39,2.07,15,10.0,13.0,28.0,43.5,28.0
171,202439,2024-09-29,39,2024,2903.0,2903.0,271.0,9311.59999115588,118109,844,8580.839992760344,49,0.0629011553273427,3.082156611039792,730.7599983955351,603.0,29187.0,0.0,0.0,0.0,0,0,1950.98,40494.0,279.0,6404.68,6210.0,0.0,34,8,0,0,0,0,2704.0,0.0,0.0,0.0,9,20353.0,0.0244,-0.004,39,2.07,26,16.5,8.0,34.0,38.0,34.0
172,202440,2024-09-30,40,2024,3339.0,3339.0,10718.0,11954.199994712775,166632,929,10940.8799952486,87,0.1028368794326241,8.946808510638297,1013.3199994641745,1320.0,39292.0,0.0,0.0,42638.0,0,0,1909.81,46348.0,224.0,9401.93,9305.0,0.0,48,20,0,0,0,0,3061.0,0.0,0.0,0.0,9,20353.0,0.0244,-0.004,40,2.22,28,14.5,20.0,48.0,45.5,48.0
173,202440,2024-10-01,40,2024,4692.0,4692.0,1070.0,13566.65998621491,210379,1146,11980.789986649885,92,0.0896686159844054,8.249512670565297,1585.8699995650259,1271.0,39401.0,50.0,7066.0,3000.0,0,0,1840.52,53661.0,293.0,3656.9,4483.0,0.0,57,21,0,0,0,0,4533.0,0.0,0.0,0.0,10,18677.0,0.026,0.0079,40,2.22,36,23.0,21.0,57.0,57.5,57.0
174,202440,2024-10-02,40,2024,2981.0,2981.0,538.0,14623.719994708774,218911,1227,13074.029996117566,106,0.0954954954954954,10.122522522522512,1549.6899985912078,1183.0,40420.0,550.0,0.0,10333.0,0,0,1814.7799999999995,54133.0,329.0,8248.78,7865.0,0.0,67,26,0,0,0,0,2981.0,0.0,0.0,0.0,10,18677.0,0.026,0.0079,40,2.22,41,27.5,26.0,67.0,65.5,67.0
175,202440,2024-10-03,40,2024,3021.0,3021.0,401.0,14656.489988149608,194068,1160,13643.58998957329,80,0.0747663551401869,5.981308411214952,1012.8999985763185,1149.0,37329.0,353.02,0.0,0.0,0,0,1771.08,53038.0,295.0,8246.02,7178.0,0.0,74,34,0,0,0,0,2862.0,0.0,0.0,0.0,10,18677.0,0.026,0.0079,40,2.22,40,26.0,34.0,74.0,58.0,74.0
176,202440,2024-10-04,40,2024,1590.0,1590.0,226.0,14658.11998779542,179559,1094,13671.259989435766,87,0.086053412462908,7.486646884272996,986.8599983596541,940.0,36193.0,438.44,0.0,0.0,0,0,1746.7400000000002,50544.0,337.0,6271.52,6451.0,0.0,49,26,0,0,0,0,1590.0,0.0,0.0,0.0,10,18677.0,0.026,0.0079,40,2.22,23,21.5,26.0,49.0,47.0,49.0
177,202440,2024-10-05,40,2024,1432.0,1432.0,237.0,13000.189989106331,152211,1044,12229.009990897091,58,0.0593654042988741,3.443193449334698,771.1799982092398,480.0,25872.0,0.0,0.0,0.0,0,0,1633.8099999999995,46489.0,279.0,2710.0,4529.0,0.0,20,9,0,0,0,0,1432.0,0.0,0.0,0.0,10,18677.0,0.026,0.0079,40,2.22,11,20.0,9.0,20.0,39.0,20.0
178,202440,2024-10-06,40,2024,1670.0,1670.0,232.0,11162.219990371645,143714,994,10520.879991007754,50,0.0535905680600214,2.67952840300107,641.3399993638905,540.0,29403.0,68.22,0.0,0.0,0,0,1935.05,52736.0,306.0,3263.17,5682.0,0.0,29,14,0,0,0,0,1670.0,0.0,0.0,0.0,10,18677.0,0.026,0.0079,40,2.22,15,10.5,14.0,29.0,35.5,29.0
179,202441,2024-10-07,41,2024,3775.0,3775.0,287.0,14586.5199788156,198788,1121,13764.179979915954,74,0.0711538461538461,5.265384615384611,822.3399988996462,1262.0,37870.0,0.0,0.0,0.0,0,0,1801.88,60099.0,254.0,7713.02,8243.0,0.0,51,12,0,0,0,0,3616.0,0.0,0.0,0.0,10,18677.0,0.026,0.0079,41,1.94,39,10.0,12.0,51.0,34.0,51.0
180,202441,2024-10-08,41,2024,3419.0,3419.0,253.0,14509.679979979206,199314,1138,13665.269983522016,96,0.0906515580736544,8.702549575070822,844.4099964571906,1312.0,39196.0,500.0,14090.0,0.0,0,0,1750.12,48267.0,243.0,6724.63,8472.0,0.0,39,6,0,0,0,0,3141.0,0.0,0.0,0.0,10,18677.0,0.026,0.0079,41,1.94,33,25.5,6.0,39.0,62.5,39.0
181,202441,2024-10-09,41,2024,4968.0,4968.0,204.0,13807.429987312926,183029,1059,12930.759988442367,72,0.0736949846468782,5.30603889457523,876.6699988705586,1176.0,38194.0,49.14,708.0,10333.0,0,0,1656.77,46939.0,279.0,6492.83,8252.0,38000.0,74,39,0,0,0,0,4690.0,0.0,0.0,0.0,10,18677.0,0.026,0.0079,41,1.94,35,13.5,39.0,74.0,46.0,74.0
182,202441,2024-10-10,41,2024,4333.0,4333.0,183.0,12672.849992609645,190614,1089,11775.179992933128,81,0.0805168986083499,6.521868787276342,897.6699996765165,1108.0,37752.0,0.0,0.0,7950.0,0,7950.0,1675.25,47911.0,247.0,6564.23,8521.0,0.0,53,21,0,0,0,0,3776.0,0.0,0.0,0.0,10,18677.0,0.026,0.0079,41,1.94,32,27.0,21.0,53.0,57.0,53.0
183,202441,2024-10-11,41,2024,3181.0,3181.0,209.0,12420.619991389656,181544,1040,10997.189991823829,82,0.0888407367280606,7.284940411700969,1423.4299995658275,906.0,35447.0,98.13,0.0,0.0,0,0,1699.4300000000003,45533.0,276.0,5034.68,8459.0,0.0,40,15,0,0,0,0,2942.0,0.0,0.0,0.0,10,18677.0,0.026,0.0079,41,1.94,25,15.0,15.0,40.0,42.5,40.0
