,model_week,date,iso_week,iso_year,ga4_sessions,podcast_streams,linkedin_spend,linkedin_impressions,linkedin_clicks,gSearch_sessions,gSearch_impressions,gift_spend,email_sent_cnt,email_delivered_cnt,email_opened_cnt,direct_spend,fb_spend,fb_impressions,fb_clicks,googleAds_spend,googleAds_impressions,event_spend,mql_count,impactDotCom_ga4_sessions,sum_content_download,sum_blog_subscribers,sum_newsletter_signup,month,daily_avg_queries,inflation_rate,durable_goods_rates,consumer_sentiment_index,averageMQL,smoothed_MQL
0,202415,2024-04-11,15,2024,209194.0,332.0,11063.500000000002,186008,1265,1324.0,32644.0,0.0,0.0,0.0,0.0,9000.0,2169.57,112790.0,460.0,6448.16,98730.0,0.0,61,4972.0,0.0,0.0,0.0,4,16753.0,0.0336,0.0022,77.2,,61.0
1,202415,2024-04-12,15,2024,167947.0,227.0,10985.4,167930,1187,1127.0,29793.0,498.86,0.0,0.0,0.0,0.0,2189.92,107564.0,472.0,4544.18,74380.0,0.0,60,4538.0,0.0,0.0,0.0,4,16753.0,0.0336,0.0022,77.2,41.0,60.0
2,202415,2024-04-13,15,2024,76022.0,186.0,8826.290000000003,124526,930,504.0,21040.0,0.0,0.0,0.0,0.0,0.0,2140.8799999999997,97362.0,468.0,1676.13,8682.0,0.0,21,2430.0,0.0,0.0,0.0,4,16753.0,0.0336,0.0022,77.2,45.0,21.0
3,202415,2024-04-14,15,2024,93371.0,120.0,7257.839999999997,111431,844,519.0,23214.0,0.0,0.0,0.0,0.0,0.0,2404.75,112847.0,570.0,2054.01,46731.0,0.0,30,2546.0,0.0,0.0,0.0,4,16753.0,0.0336,0.0022,77.2,68.5,30.0
4,202416,2024-04-15,16,2024,219057.0,182.0,10275.429999999998,159627,1160,1133.0,32072.0,339.42,0.0,0.0,0.0,0.0,2307.37,120812.0,464.0,5510.42,81313.0,0.0,116,7164.0,0.0,0.0,0.0,4,16753.0,0.0336,0.0022,77.2,41.0,116.0
5,202416,2024-04-16,16,2024,224572.0,151.0,10460.65,168669,1158,1210.0,31353.0,423.66,0.0,0.0,0.0,0.0,2164.09,105145.0,504.0,5447.02,84700.0,25720.0,52,4576.0,0.0,0.0,0.0,4,16753.0,0.0336,0.0022,77.2,83.0,52.0
6,202416,2024-04-17,16,2024,222164.0,156.0,9972.180000000002,173911,1172,1234.0,31130.0,0.0,0.0,0.0,0.0,0.0,2171.6499999999996,98961.0,481.0,6137.32,88900.0,0.0,50,5532.0,0.0,0.0,0.0,4,16753.0,0.0336,0.0022,77.2,80.0,50.0
7,202416,2024-04-18,16,2024,207431.0,113.0,10352.859999999988,193165,1161,1143.0,31232.0,500.0,0.0,0.0,0.0,0.0,2154.41,92106.0,457.0,5834.61,83190.0,0.0,108,4539.0,0.0,0.0,0.0,4,16753.0,0.0336,0.0022,77.2,53.0,108.0
8,202416,2024-04-19,16,2024,166460.0,117.0,12439.649999999996,203916,1249,1033.0,31283.0,561.38,0.0,0.0,0.0,0.0,2157.61,100017.0,462.0,5161.21,69760.0,0.0,56,3582.0,0.0,0.0,0.0,4,16753.0,0.0336,0.0022,77.2,68.5,56.0
9,202416,2024-04-20,16,2024,90869.0,60.0,10756.73,158021,1111,493.0,22212.0,0.0,0.0,0.0,0.0,0.0,2109.1000000000004,91319.0,544.0,2361.58,4455.0,0.0,29,2426.0,0.0,0.0,0.0,4,16753.0,0.0336,0.0022,77.2,42.5,29.0
10,202416,2024-04-21,16,2024,110282.0,82.0,9916.260000000004,148204,1081,581.0,24238.0,0.0,0.0,0.0,0.0,0.0,2371.6,121924.0,528.0,3073.5,53590.0,0.0,29,2705.0,0.0,0.0,0.0,4,16753.0,0.0336,0.0022,77.2,61.0,29.0
11,202417,2024-04-22,17,2024,210024.0,126.0,11792.610000000006,194998,1253,1277.0,49181.0,350.0,28766.0,27273.0,4936.0,0.0,2450.5699999999997,154250.0,572.0,6842.19,98022.0,0.0,93,5531.0,0.0,0.0,0.0,4,16753.0,0.0336,0.0022,77.2,41.5,93.0
12,202417,2024-04-23,17,2024,220930.0,1438.0,13799.49000000001,218530,1372,1351.0,37246.0,199.26,0.0,0.0,0.0,0.0,2635.1499999999996,188116.0,607.0,7004.26,101190.0,0.0,54,5251.0,0.0,0.0,0.0,4,16753.0,0.0336,0.0022,77.2,83.0,54.0
13,202417,2024-04-24,17,2024,242645.0,524.0,14647.420000000002,204026,1237,1301.0,39948.0,576.52,0.0,0.0,0.0,0.0,2790.64,99789.0,573.0,5807.69,94530.0,0.0,73,5812.0,0.0,0.0,0.0,4,16753.0,0.0336,0.0022,77.2,59.5,73.0
14,202417,2024-04-25,17,2024,210423.0,305.0,14790.409999999996,192045,1206,1213.0,35547.0,224.46,0.0,0.0,0.0,0.0,2758.2000000000003,94041.0,537.0,5677.35,88920.0,0.0,65,5531.0,0.0,0.0,0.0,4,16753.0,0.0336,0.0022,77.2,55.0,65.0
15,202417,2024-04-26,17,2024,163772.0,217.0,14519.940000000008,179825,1167,975.0,35050.0,0.0,0.0,0.0,0.0,0.0,2821.5500000000006,126962.0,597.0,4983.79,79481.0,0.0,37,4259.0,0.0,0.0,0.0,4,16753.0,0.0336,0.0022,77.2,46.0,37.0
16,202417,2024-04-27,17,2024,86488.0,154.0,11237.920000000002,131836,934,519.0,28113.0,0.0,0.0,0.0,0.0,0.0,2835.43,118898.0,579.0,2381.43,56130.0,0.0,27,3105.0,0.0,0.0,0.0,4,16753.0,0.0336,0.0022,77.2,32.5,27.0
17,202417,2024-04-28,17,2024,99295.0,101.0,9824.439999999997,122683,900,601.0,24839.0,0.0,0.0,0.0,0.0,0.0,3177.7700000000004,141294.0,721.0,2912.87,60901.0,0.0,28,6328.0,0.0,0.0,0.0,4,16753.0,0.0336,0.0022,77.2,42.5,28.0
18,202418,2024-04-29,18,2024,203805.0,253.0,13157.250000000002,184884,1086,1329.0,34983.0,0.0,28690.0,27099.0,5379.0,0.0,3058.399999999999,131765.0,690.0,6723.12,99202.0,0.0,58,5732.0,0.0,0.0,0.0,4,16753.0,0.0336,0.0022,77.2,69.0,58.0
19,202418,2024-04-30,18,2024,201488.0,192.0,14322.33,185968,1186,1358.0,34627.0,0.0,0.0,0.0,0.0,0.0,3061.55,103233.0,727.0,7081.03,109432.0,0.0,110,4736.0,0.0,0.0,0.0,4,16753.0,0.0336,0.0022,77.2,57.5,110.0
20,202418,2024-05-01,18,2024,187278.0,149.0,14304.94999999999,199936,1238,1199.0,34292.0,0.0,0.0,0.0,0.0,47087.0,2937.32,90512.0,728.0,8034.96,108640.0,0.0,57,3784.0,0.0,0.0,0.0,5,14081.0,0.0327,0.0012,69.1,85.0,57.0
21,202418,2024-05-02,18,2024,193436.0,180.0,14394.150000000009,170920,1163,1184.0,36945.0,250.0,0.0,0.0,0.0,15000.0,2899.6899999999996,91628.0,735.0,7081.2,96710.0,0.0,60,8394.0,0.0,0.0,0.0,5,14081.0,0.0327,0.0012,69.1,48.5,60.0
22,202418,2024-05-03,18,2024,153748.0,144.0,14429.540000000005,183963,1173,1006.0,35458.0,25.12,0.0,0.0,0.0,0.0,2835.0,101188.0,696.0,5427.2,74951.0,0.0,40,4183.0,0.0,0.0,0.0,5,14081.0,0.0327,0.0012,69.1,48.5,40.0
23,202418,2024-05-04,18,2024,83694.0,85.0,12565.429999999991,135511,1043,496.0,33661.0,0.0,0.0,0.0,0.0,0.0,2670.4,139315.0,769.0,3292.12,50880.0,0.0,37,3063.0,0.0,0.0,0.0,5,14081.0,0.0327,0.0012,69.1,39.5,37.0
24,202418,2024-05-05,18,2024,104783.0,74.0,10269.050000000016,136991,976,537.0,27299.0,0.0,0.0,0.0,0.0,0.0,3133.619999999999,161147.0,804.0,2787.83,52470.0,0.0,39,4656.0,0.0,0.0,0.0,5,14081.0,0.0327,0.0012,69.1,51.0,39.0
25,202419,2024-05-06,19,2024,210221.0,123.0,14265.17,192519,1187,1229.0,39583.0,25.0,328.0,326.0,207.0,0.0,3100.3300000000004,167056.0,842.0,7014.76,92160.0,0.0,65,4936.0,0.0,0.0,0.0,5,14081.0,0.0327,0.0012,69.1,100.5,65.0
26,202419,2024-05-07,19,2024,231972.0,1605.0,14443.49,180581,1197,1259.0,40527.0,250.14,0.0,0.0,0.0,0.0,2986.76,209224.0,849.0,7523.79,99780.0,0.0,162,5770.0,0.0,0.0,0.0,5,14081.0,0.0327,0.0012,69.1,75.0,75.0
27,202419,2024-05-08,19,2024,242263.0,499.0,14448.279999999995,183731,1141,1300.0,34739.0,123.17,0.0,0.0,0.0,0.0,2956.35,201448.0,810.0,7407.86,100150.0,17744.0,85,6249.0,0.0,0.0,0.0,5,14081.0,0.0327,0.0012,69.1,126.5,85.0
28,202419,2024-05-09,19,2024,212878.0,239.0,14596.02,171866,1131,1210.0,34708.0,275.0,0.0,0.0,0.0,0.0,2935.61,149464.0,729.0,7066.65,95260.0,0.0,91,5567.0,0.0,0.0,0.0,5,14081.0,0.0327,0.0012,69.1,66.0,91.0
29,202419,2024-05-10,19,2024,166243.0,198.0,13999.05999999998,191497,1178,984.0,33011.0,175.0,0.0,0.0,0.0,0.0,2862.74,229049.0,760.0,5251.13,76140.0,0.0,47,3263.0,0.0,0.0,0.0,5,14081.0,0.0327,0.0012,69.1,54.5,47.0
30,202419,2024-05-11,19,2024,92642.0,196.0,11678.630000000005,136274,1003,462.0,23177.0,0.0,0.0,0.0,0.0,0.0,2828.5,203111.0,874.0,2532.49,5001.0,0.0,18,2826.0,0.0,0.0,0.0,5,14081.0,0.0327,0.0012,69.1,32.5,18.0
31,202419,2024-05-12,19,2024,105230.0,140.0,9241.719999999996,125323,905,458.0,27072.0,0.0,0.0,0.0,0.0,0.0,3313.04,184058.0,836.0,2496.88,50450.0,0.0,18,2070.0,0.0,0.0,0.0,5,14081.0,0.0327,0.0012,69.1,43.0,18.0
32,202420,2024-05-13,20,2024,241903.0,136.0,12905.490000000009,178712,1099,1289.0,34348.0,274.98,0.0,0.0,0.0,0.0,3226.82,242260.0,860.0,7429.83,104130.0,0.0,68,5571.0,0.0,0.0,0.0,5,14081.0,0.0327,0.0012,69.1,74.5,68.0
33,202420,2024-05-14,20,2024,251668.0,135.0,13931.03,184076,1156,1268.0,35901.0,136.66,36699.0,35396.0,11874.0,0.0,3093.46,195740.0,780.0,7147.3,109160.0,0.0,131,4534.0,0.0,0.0,0.0,5,14081.0,0.0327,0.0012,69.1,62.5,62.5
34,202420,2024-05-15,20,2024,256207.0,162.0,11214.13,147762,940,1199.0,36633.0,100.0,0.0,0.0,0.0,0.0,3027.5900000000006,196586.0,811.0,7745.72,106560.0,0.0,57,4817.0,0.0,0.0,0.0,5,14081.0,0.0327,0.0012,69.1,113.0,57.0
35,202420,2024-05-16,20,2024,270031.0,520.0,11775.169999999998,157711,954,1199.0,36365.0,223.75,0.0,0.0,0.0,0.0,2988.3400000000006,193770.0,739.0,7219.42,100360.0,0.0,95,4658.0,0.0,0.0,0.0,5,14081.0,0.0327,0.0012,69.1,53.5,95.0
36,202420,2024-05-17,20,2024,210655.0,1166.0,10544.669999999998,137318,879,946.0,33723.0,466.65,0.0,0.0,0.0,7950.0,2981.1800000000003,222058.0,794.0,5588.89,81291.0,0.0,50,4059.0,0.0,0.0,0.0,5,14081.0,0.0327,0.0012,69.1,59.5,50.0
37,202420,2024-05-18,20,2024,99286.0,1246.0,8978.800000000005,107142,781,498.0,22234.0,0.0,0.0,0.0,0.0,0.0,2868.9999999999995,335414.0,911.0,3034.08,5538.0,0.0,24,4339.0,0.0,0.0,0.0,5,14081.0,0.0327,0.0012,69.1,36.0,24.0
38,202420,2024-05-19,20,2024,122883.0,865.0,8424.509999999995,105311,738,496.0,25716.0,0.0,0.0,0.0,0.0,0.0,3164.87,654480.0,1432.0,3151.39,56260.0,0.0,22,4061.0,0.0,0.0,0.0,5,14081.0,0.0327,0.0012,69.1,60.0,22.0
39,202421,2024-05-20,21,2024,249970.0,1706.0,10285.309999999994,132503,893,1226.0,37884.0,202.5,28015.0,26192.0,5313.0,0.0,3141.0899999999997,541492.0,1164.0,7451.8,101810.0,0.0,96,4814.0,0.0,0.0,0.0,5,14081.0,0.0327,0.0012,69.1,49.5,96.0
40,202421,2024-05-21,21,2024,289179.0,3996.0,10778.040000000006,142379,917,1245.0,38563.0,580.03,0.0,0.0,0.0,0.0,3081.05,375497.0,1135.0,7812.33,99180.0,0.0,77,4895.0,0.0,0.0,0.0,5,14081.0,0.0327,0.0012,69.1,76.5,77.0
41,202421,2024-05-22,21,2024,276388.0,2149.0,10990.100000000006,139025,934,1260.0,34917.0,425.0,403.0,395.0,285.0,0.0,3057.8799999999997,364999.0,1097.0,6395.05,97210.0,0.0,57,6406.0,0.0,0.0,0.0,5,14081.0,0.0327,0.0012,69.1,62.5,57.0
42,202421,2024-05-23,21,2024,277188.0,1257.0,11382.670000000006,133993,920,1248.0,33825.0,400.0,0.0,0.0,0.0,0.0,3054.08,262138.0,1021.0,5516.53,86000.0,0.0,48,4656.0,0.0,0.0,0.0,5,14081.0,0.0327,0.0012,69.1,46.5,48.0
43,202421,2024-05-24,21,2024,214821.0,1129.0,10191.599999999997,117848,804,907.0,30779.0,150.0,0.0,0.0,0.0,0.0,2954.49,183104.0,885.0,4375.24,74580.0,0.0,36,2945.0,0.0,0.0,0.0,5,14081.0,0.0327,0.0012,69.1,32.0,36.0
44,202421,2024-05-25,21,2024,113679.0,1204.0,8118.399999999997,104266,736,520.0,25235.0,0.0,0.0,0.0,0.0,0.0,2925.8899999999994,266040.0,1108.0,2242.16,4844.0,0.0,16,2786.0,0.0,0.0,0.0,5,14081.0,0.0327,0.0012,69.1,28.0,16.0
45,202421,2024-05-26,21,2024,130222.0,1133.0,8402.769999999993,106183,792,517.0,23938.0,0.0,0.0,0.0,0.0,0.0,3238.2900000000004,262815.0,1078.0,2327.61,45120.0,0.0,20,3540.0,0.0,0.0,0.0,5,14081.0,0.0327,0.0012,69.1,38.5,20.0
46,202422,2024-05-27,22,2024,196712.0,1259.0,7565.96,89653,636,697.0,25353.0,0.0,0.0,0.0,0.0,0.0,3125.09,297365.0,1056.0,3880.58,57200.0,0.0,61,4777.0,0.0,0.0,0.0,5,14081.0,0.0327,0.0012,69.1,44.0,61.0
47,202422,2024-05-28,22,2024,300849.0,1287.0,11859.55,148695,1059,1243.0,38660.0,175.53,0.0,0.0,0.0,0.0,3003.9199999999996,424398.0,1239.0,6157.89,93460.0,0.0,68,6923.0,0.0,0.0,0.0,5,14081.0,0.0327,0.0012,69.1,56.5,68.0
48,202422,2024-05-29,22,2024,288733.0,1178.0,14047.719999999998,196132,1349,1205.0,35225.0,1183.2,46471.0,44647.0,10006.0,0.0,2975.380000000001,471372.0,1321.0,6146.68,97790.0,0.0,52,5769.0,0.0,0.0,0.0,5,14081.0,0.0327,0.0012,69.1,58.5,52.0
49,202422,2024-05-30,22,2024,267365.0,852.0,12023.429999999998,181781,1297,1266.0,34378.0,50.0,0.0,0.0,0.0,0.0,2970.75,314057.0,1136.0,6384.5,91680.0,0.0,49,4536.0,0.0,0.0,0.0,5,14081.0,0.0327,0.0012,69.1,47.5,49.0
50,202422,2024-05-31,22,2024,212025.0,834.0,13438.49999999999,180204,1192,978.0,29680.0,250.0,0.0,0.0,0.0,0.0,2941.64,297493.0,1126.0,5594.96,83600.0,0.0,43,3421.0,0.0,0.0,0.0,5,14081.0,0.0327,0.0012,69.1,30.0,43.0
51,202422,2024-06-01,22,2024,107680.0,777.0,11374.659999999996,150069,1067,644.0,20076.0,0.0,0.0,0.0,0.0,47087.0,2858.9399999999996,586899.0,1601.0,0.0,0.0,0.0,11,2787.0,0.0,0.0,0.0,6,14680.0,0.0297,-0.0691,68.2,34.0,11.0
52,202422,2024-06-02,22,2024,139181.0,786.0,10394.769999999997,140464,1050,693.0,22219.0,0.0,0.0,0.0,0.0,0.0,3218.21,692090.0,1774.0,0.0,0.0,0.0,25,3540.0,0.0,0.0,0.0,6,14680.0,0.0297,-0.0691,68.2,32.0,25.0
53,202423,2024-06-03,23,2024,277299.0,915.0,12883.07,179016,1179,1419.0,38206.0,226.89,0.0,0.0,0.0,0.0,3138.8099999999995,303515.0,1304.0,2611.94,45840.0,0.0,53,4577.0,0.0,0.0,0.0,6,14680.0,0.0297,-0.0691,68.2,42.0,53.0
54,202423,2024-06-04,23,2024,262643.0,4618.0,14440.409999999994,203812,1407,1266.0,32069.0,463.37,0.0,0.0,0.0,9000.0,3033.0100000000007,180083.0,1064.0,6883.98,98100.0,6250.0,59,4098.0,0.0,0.0,0.0,6,14680.0,0.0297,-0.0691,68.2,51.0,59.0
55,202423,2024-06-05,23,2024,265137.0,2068.0,14724.969999999998,192206,1381,1318.0,33422.0,0.0,123369.0,117819.0,25058.0,0.0,2988.4699999999993,210682.0,1117.0,6889.78,101540.0,0.0,49,5493.0,0.0,0.0,0.0,6,14680.0,0.0297,-0.0691,68.2,57.5,49.0
56,202423,2024-06-06,23,2024,247185.0,1311.0,14549.969999999998,206241,1377,1215.0,36011.0,795.98,73.0,73.0,43.0,0.0,2769.26,185550.0,1142.0,6404.77,97450.0,0.0,56,5613.0,0.0,0.0,0.0,6,14680.0,0.0297,-0.0691,68.2,42.0,56.0
57,202423,2024-06-07,23,2024,204348.0,1170.0,13752.809999999994,178687,1287,1021.0,32973.0,200.0,486.0,483.0,305.0,0.0,2593.0,199679.0,1082.0,5063.34,74930.0,0.0,35,2507.0,0.0,0.0,0.0,6,14680.0,0.0297,-0.0691,68.2,39.5,35.0
58,202423,2024-06-08,23,2024,99799.0,1048.0,10392.230000000009,138539,1022,477.0,24490.0,0.0,0.0,0.0,0.0,0.0,2545.9800000000005,252999.0,1201.0,2102.4,5177.0,0.0,23,2586.0,0.0,0.0,0.0,6,14680.0,0.0297,-0.0691,68.2,28.0,23.0
59,202423,2024-06-09,23,2024,118878.0,958.0,8746.690000000006,124426,973,485.0,34835.0,0.0,0.0,0.0,0.0,0.0,2844.9700000000003,260212.0,1175.0,2413.76,49110.0,0.0,21,2309.0,0.0,0.0,0.0,6,14680.0,0.0297,-0.0691,68.2,30.5,21.0
60,202424,2024-06-10,24,2024,280940.0,763.0,14334.930000000004,197018,1499,1290.0,39303.0,175.0,0.0,0.0,0.0,0.0,2821.38,203051.0,1107.0,5772.73,91590.0,0.0,38,5968.0,0.0,0.0,0.0,6,14680.0,0.0297,-0.0691,68.2,38.0,38.0
61,202424,2024-06-11,24,2024,280416.0,518.0,14458.54000000001,173208,1416,1441.0,40539.0,221.73000000000002,148237.0,142364.0,28741.0,0.0,2752.9099999999994,187787.0,1025.0,6066.74,94450.0,0.0,55,4261.0,0.0,0.0,0.0,6,14680.0,0.0297,-0.0691,68.2,44.5,55.0
62,202424,2024-06-12,24,2024,280636.0,498.0,14344.78,199617,1458,1281.0,47644.0,250.0,478.0,474.0,314.0,0.0,2700.26,208802.0,1169.0,6424.31,92760.0,0.0,51,4697.0,0.0,0.0,0.0,6,14680.0,0.0297,-0.0691,68.2,54.0,51.0
63,202424,2024-06-13,24,2024,257782.0,421.0,14343.410000000007,188463,1438,1263.0,57878.0,339.1,0.0,0.0,0.0,0.0,2635.85,226305.0,1018.0,5948.19,88650.0,0.0,53,3897.0,0.0,0.0,0.0,6,14680.0,0.0297,-0.0691,68.2,121.0,53.0
64,202424,2024-06-14,24,2024,189263.0,397.0,13152.45999999999,179493,1416,995.0,46568.0,247.26,491.0,487.0,321.0,0.0,2630.54,238289.0,1056.0,5107.83,80650.0,0.0,191,2863.0,0.0,0.0,0.0,6,14680.0,0.0297,-0.0691,68.2,36.5,36.5
65,202424,2024-06-15,24,2024,104635.0,417.0,10305.260000000004,125777,1014,489.0,28467.0,0.0,0.0,0.0,0.0,0.0,2520.46,246897.0,1082.0,2372.49,4780.0,0.0,20,2425.0,0.0,0.0,0.0,6,14680.0,0.0297,-0.0691,68.2,107.5,20.0
66,202424,2024-06-16,24,2024,108250.0,455.0,8185.620000000002,101213,898,530.0,34853.0,0.0,0.0,0.0,0.0,0.0,2907.5200000000004,241538.0,1192.0,2472.91,48300.0,0.0,24,2465.0,0.0,0.0,0.0,6,14680.0,0.0297,-0.0691,68.2,56.5,24.0
67,202425,2024-06-17,25,2024,227389.0,458.0,14050.860000000004,183029,1526,1497.0,59311.0,0.0,676.0,672.0,452.0,0.0,2860.65,231685.0,1209.0,6689.54,95150.0,0.0,93,5008.0,0.0,0.0,0.0,6,14680.0,0.0297,-0.0691,68.2,47.5,93.0
68,202425,2024-06-18,25,2024,237886.0,3207.0,14476.039999999994,172483,1443,1311.0,43139.0,258.7,0.0,0.0,0.0,0.0,2789.4999999999995,194727.0,1156.0,6953.3,104650.0,0.0,71,5166.0,0.0,0.0,0.0,6,14680.0,0.0297,-0.0691,68.2,95.5,71.0
69,202425,2024-06-19,25,2024,211409.0,1057.0,14501.340000000002,163498,1396,964.0,47324.0,0.0,468.0,463.0,288.0,0.0,2730.7000000000003,204723.0,1140.0,6164.68,91811.0,0.0,98,4134.0,0.0,0.0,0.0,6,14680.0,0.0297,-0.0691,68.2,70.0,98.0
70,202425,2024-06-20,25,2024,239718.0,573.0,14462.11,184745,1473,1146.0,30348.0,297.58,0.0,0.0,0.0,0.0,2746.5600000000004,236892.0,1285.0,7723.38,98240.0,0.0,69,4573.0,0.0,0.0,0.0,6,14680.0,0.0297,-0.0691,68.2,69.0,69.0
71,202425,2024-06-21,25,2024,191860.0,407.0,13871.959999999988,169630,1390,895.0,29137.0,50.0,0.0,0.0,0.0,0.0,2764.03,245771.0,1352.0,4847.03,79410.0,0.0,40,3777.0,0.0,0.0,0.0,6,14680.0,0.0297,-0.0691,68.2,45.5,40.0
72,202425,2024-06-22,25,2024,115685.0,282.0,11947.500000000016,132591,1195,480.0,21629.0,0.0,0.0,0.0,0.0,0.0,2644.04,251893.0,1419.0,2108.32,5328.0,0.0,22,4173.0,0.0,0.0,0.0,6,14680.0,0.0297,-0.0691,68.2,32.5,22.0
73,202425,2024-06-23,25,2024,124869.0,280.0,10828.940000000002,124505,1057,524.0,22582.0,0.0,0.0,0.0,0.0,0.0,3039.47,278974.0,1497.0,2608.26,58860.0,0.0,25,4174.0,0.0,0.0,0.0,6,14680.0,0.0297,-0.0691,68.2,51.0,25.0
74,202426,2024-06-24,26,2024,242141.0,244.0,14524.149999999998,177482,1491,1209.0,34626.0,0.0,0.0,0.0,0.0,0.0,2989.57,348984.0,1508.0,7028.67,102550.0,0.0,80,5089.0,0.0,0.0,0.0,6,14680.0,0.0297,-0.0691,68.2,66.5,80.0
75,202426,2024-06-25,26,2024,268028.0,202.0,14556.420000000007,187418,1475,1213.0,32730.0,225.0,0.0,0.0,0.0,0.0,2892.0699999999997,322448.0,1434.0,7438.97,104350.0,0.0,108,4333.0,0.0,0.0,0.0,6,14680.0,0.0297,-0.0691,68.2,74.0,108.0
76,202426,2024-06-26,26,2024,248102.0,176.0,13085.710000000012,172437,1331,1195.0,31944.0,569.81,53564.0,51348.0,11298.0,0.0,2820.919999999999,263261.0,1200.0,7582.54,110450.0,0.0,68,4015.0,0.0,0.0,0.0,6,14680.0,0.0297,-0.0691,68.2,82.5,68.0
77,202426,2024-06-27,26,2024,234671.0,191.0,11406.960000000005,155160,1210,1156.0,28235.0,163.26,461.0,460.0,269.0,0.0,2804.2000000000003,286994.0,1364.0,6711.21,98320.0,0.0,57,3855.0,0.0,0.0,0.0,6,14680.0,0.0297,-0.0691,68.2,56.5,57.0
78,202426,2024-06-28,26,2024,175313.0,195.0,10590.88,151371,1132,885.0,28297.0,91.43,0.0,0.0,0.0,0.0,2769.17,287781.0,1431.0,4470.11,79090.0,0.0,45,2625.0,0.0,0.0,0.0,6,14680.0,0.0297,-0.0691,68.2,41.0,45.0
79,202426,2024-06-29,26,2024,92624.0,122.0,9507.77,126854,994,507.0,21313.0,0.0,0.0,0.0,0.0,0.0,2622.73,333134.0,1555.0,3042.43,5181.0,0.0,25,3062.0,0.0,0.0,0.0,6,14680.0,0.0297,-0.0691,68.2,33.5,25.0
80,202426,2024-06-30,26,2024,130273.0,137.0,9956.54,128358,1038,532.0,22578.0,0.0,0.0,0.0,0.0,0.0,3045.71,288304.0,1597.0,3013.89,53290.0,0.0,22,3935.0,0.0,0.0,0.0,6,14680.0,0.0297,-0.0691,68.2,39.0,22.0
81,202427,2024-07-01,27,2024,260268.0,99.0,14298.229995990972,232747,1241,1159.0,33278.0,313.93,0.0,0.0,0.0,204000.0,2892.4000000000005,334635.0,1807.0,7222.47,96500.0,0.0,53,5645.0,0.0,0.0,0.0,7,14622.0,0.0289,0.0987,66.4,36.0,53.0
82,202427,2024-07-02,27,2024,265748.0,122.0,14435.189995846871,212200,1198,1204.0,34435.0,50.0,53272.0,51178.0,11308.0,8500.0,2771.43,344434.0,1757.0,5682.48,94230.0,0.0,50,3896.0,0.0,0.0,0.0,7,14622.0,0.0289,0.0987,66.4,57.0,50.0
83,202427,2024-07-03,27,2024,224489.0,125.0,14460.069980611808,227217,1283,957.0,31837.0,2400.0,0.0,0.0,0.0,0.0,2713.14,291393.0,1719.0,5776.13,81780.0,0.0,61,3300.0,0.0,0.0,0.0,7,14622.0,0.0289,0.0987,66.4,38.5,61.0
84,202427,2024-07-04,27,2024,159853.0,122.0,11408.209993110928,142600,928,510.0,23763.0,25.0,0.0,0.0,0.0,0.0,2613.7200000000003,345740.0,1702.0,3311.24,47610.0,0.0,27,3816.0,0.0,0.0,0.0,7,14622.0,0.0289,0.0987,66.4,48.5,27.0
85,202427,2024-07-05,27,2024,144075.0,111.0,10807.52999350269,153198,911,640.0,27329.0,51.54,0.0,0.0,0.0,0.0,2564.2299999999996,360713.0,1604.0,4180.2,63560.0,0.0,36,2504.0,0.0,0.0,0.0,7,14622.0,0.0289,0.0987,66.4,24.5,36.0
86,202427,2024-07-06,27,2024,96723.0,131.0,9421.82998682536,144236,896,437.0,22830.0,0.0,0.0,0.0,0.0,0.0,2404.1499999999996,325216.0,1483.0,2459.02,4709.0,0.0,22,3022.0,0.0,0.0,0.0,7,14622.0,0.0289,0.0987,66.4,28.0,22.0
87,202427,2024-07-07,27,2024,124989.0,112.0,9257.689990291894,143198,898,551.0,24083.0,0.0,0.0,0.0,0.0,0.0,2780.8200000000006,267129.0,1578.0,2828.4,53710.0,0.0,20,2464.0,0.0,0.0,0.0,7,14622.0,0.0289,0.0987,66.4,45.5,20.0
88,202428,2024-07-08,28,2024,262726.0,119.0,13787.479994834475,222153,1211,1299.0,31552.0,67.0,0.0,0.0,0.0,0.0,2728.81,280218.0,1569.0,7219.55,91650.0,0.0,69,4372.0,0.0,0.0,0.0,7,14622.0,0.0289,0.0987,66.4,103.0,69.0
89,202428,2024-07-09,28,2024,253710.0,90.0,13666.539992338772,181513,1206,1207.0,29678.0,447.73,95303.0,91815.0,23152.0,0.0,2617.6899999999996,244545.0,1451.0,7549.28,99830.0,0.0,186,5249.0,0.0,0.0,0.0,7,14622.0,0.0289,0.0987,66.4,56.0,56.0
90,202428,2024-07-10,28,2024,236139.0,128.0,14484.91999496449,213514,1246,1191.0,31418.0,50.0,530.0,525.0,283.0,0.0,2607.01,212260.0,1498.0,6437.54,91930.0,0.0,43,3856.0,0.0,0.0,0.0,7,14622.0,0.0289,0.0987,66.4,117.0,43.0
91,202428,2024-07-11,28,2024,220743.0,95.0,14287.779994500215,214210,1177,1061.0,29175.0,125.89,0.0,0.0,0.0,0.0,2544.29,228913.0,1414.0,6899.76,88440.0,0.0,48,4372.0,0.0,0.0,0.0,7,14622.0,0.0289,0.0987,66.4,59.0,48.0
92,202428,2024-07-12,28,2024,177754.0,100.0,12884.019988115637,194562,1097,950.0,28409.0,547.59,0.0,0.0,0.0,0.0,2533.3999999999996,231498.0,1410.0,6395.42,85270.0,0.0,75,2943.0,0.0,0.0,0.0,7,14622.0,0.0289,0.0987,66.4,33.0,75.0
93,202428,2024-07-13,28,2024,94692.0,77.0,10106.74999429264,142443,906,498.0,21437.0,0.0,0.0,0.0,0.0,0.0,2454.7300000000005,229383.0,1364.0,2899.51,5516.0,0.0,18,2782.0,0.0,0.0,0.0,7,14622.0,0.0289,0.0987,66.4,51.0,18.0
94,202428,2024-07-14,28,2024,109603.0,72.0,9644.52999433254,140276,893,555.0,21494.0,0.0,0.0,0.0,0.0,0.0,2736.3500000000004,262589.0,1430.0,2784.47,56910.0,0.0,27,2743.0,0.0,0.0,0.0,7,14622.0,0.0289,0.0987,66.4,30.5,27.0
95,202429,2024-07-15,29,2024,237334.0,65.0,13705.719992599234,213970,1144,1207.0,30725.0,282.58,53396.0,51170.0,10188.0,0.0,2701.25,200880.0,1258.0,7133.37,99721.0,0.0,43,4611.0,0.0,0.0,0.0,7,14622.0,0.0289,0.0987,66.4,47.5,43.0
96,202429,2024-07-16,29,2024,234788.0,68.0,12967.509991689258,213594,1156,1229.0,29492.0,117.38,19.0,19.0,9.0,0.0,2478.6400000000003,182149.0,1009.0,6876.94,103720.0,0.0,68,4016.0,0.0,0.0,0.0,7,14622.0,0.0289,0.0987,66.4,70.5,68.0
97,202429,2024-07-17,29,2024,231333.0,107.0,13890.129994044775,201103,1164,1263.0,30871.0,1220.01,666.0,622.0,291.0,0.0,2311.8499999999995,136358.0,814.0,7259.86,102060.0,0.0,98,4451.0,0.0,0.0,0.0,7,14622.0,0.0289,0.0987,66.4,62.5,98.0
98,202429,2024-07-18,29,2024,206765.0,55.0,14163.729995934533,205695,1217,1193.0,29392.0,0.0,203.0,197.0,95.0,0.0,2249.4,179076.0,889.0,6258.09,88530.0,0.0,57,3898.0,0.0,0.0,0.0,7,14622.0,0.0289,0.0987,66.4,82.0,57.0
99,202429,2024-07-19,29,2024,170024.0,112.0,12438.43998880912,190875,1098,963.0,27131.0,0.0,0.0,0.0,0.0,7950.0,2131.6800000000003,177810.0,904.0,5658.65,74800.0,0.0,66,2464.0,0.0,0.0,0.0,7,14622.0,0.0289,0.0987,66.4,38.5,66.0
100,202429,2024-07-20,29,2024,88533.0,85.0,10434.779995843232,158744,994,551.0,24886.0,0.0,0.0,0.0,0.0,0.0,1936.84,187413.0,881.0,3253.82,5201.0,0.0,20,1193.0,0.0,0.0,0.0,7,14622.0,0.0289,0.0987,66.4,41.0,20.0
101,202429,2024-07-21,29,2024,112505.0,79.0,8353.069990842525,127155,791,534.0,27486.0,0.0,0.0,0.0,0.0,0.0,2280.81,177770.0,869.0,2829.71,54760.0,0.0,16,2028.0,0.0,0.0,0.0,7,14622.0,0.0289,0.0987,66.4,54.5,16.0
102,202430,2024-07-22,30,2024,219158.0,93.0,10753.579993137912,168771,860,1214.0,34721.0,375.85,0.0,0.0,0.0,0.0,2220.13,167375.0,829.0,7654.98,93120.0,0.0,89,3457.0,0.0,0.0,0.0,7,14622.0,0.0289,0.0987,66.4,53.0,89.0
103,202430,2024-07-23,30,2024,235656.0,57.0,13182.609992273869,201343,1186,1347.0,34129.0,200.0,0.0,0.0,0.0,0.0,2141.96,215489.0,934.0,7369.74,93050.0,0.0,90,3978.0,0.0,0.0,0.0,7,14622.0,0.0289,0.0987,66.4,82.5,90.0
104,202430,2024-07-24,30,2024,246396.0,97.0,12900.519990301273,203885,1118,1270.0,31682.0,97.14,0.0,0.0,0.0,0.0,2093.33,212352.0,971.0,7262.86,95430.0,0.0,76,3698.0,0.0,0.0,0.0,7,14622.0,0.0289,0.0987,66.4,73.5,76.0
105,202430,2024-07-25,30,2024,206560.0,54.0,13244.029991045429,212558,1155,1106.0,30139.0,122.08,0.0,0.0,0.0,0.0,2082.31,215170.0,948.0,6445.12,85370.0,0.0,57,3736.0,0.0,0.0,0.0,7,14622.0,0.0289,0.0987,66.4,72.0,57.0
106,202430,2024-07-26,30,2024,159416.0,57.0,13473.569994402447,226828,1279,974.0,28715.0,150.0,0.0,0.0,0.0,0.0,2215.99,155966.0,804.0,4849.73,75650.0,0.0,68,3539.0,0.0,0.0,0.0,7,14622.0,0.0289,0.0987,66.4,42.0,68.0
107,202430,2024-07-27,30,2024,90957.0,79.0,12122.859997300093,182659,1200,561.0,25023.0,0.0,0.0,0.0,0.0,0.0,2218.82,150149.0,858.0,2333.41,5173.0,0.0,27,1948.0,0.0,0.0,0.0,7,14622.0,0.0289,0.0987,66.4,47.0,27.0
108,202430,2024-07-28,30,2024,124078.0,54.0,9514.569988964166,168134,1036,675.0,23614.0,0.0,0.0,0.0,0.0,0.0,2530.73,125145.0,809.0,2378.73,52590.0,0.0,26,2942.0,0.0,0.0,0.0,7,14622.0,0.0289,0.0987,66.4,73.5,26.0
109,202431,2024-07-29,31,2024,217530.0,53.0,13139.029990597432,244591,1284,1264.0,31671.0,241.18,0.0,0.0,0.0,0.0,2449.76,114597.0,750.0,6749.88,157200.0,17744.0,120,4252.0,0.0,0.0,0.0,7,14622.0,0.0289,0.0987,66.4,58.5,120.0
110,202431,2024-07-30,31,2024,223421.0,73.0,13559.74999404328,249586,1324,1298.0,30858.0,372.6,58741.0,54511.0,11086.0,0.0,2386.99,103398.0,711.0,7314.5,112730.0,0.0,91,6599.0,0.0,0.0,0.0,7,14622.0,0.0289,0.0987,66.4,105.0,91.0
111,202431,2024-07-31,31,2024,224491.0,34.0,14372.619992962942,247956,1362,1229.0,30603.0,170.0,0.0,0.0,0.0,0.0,2364.6,126335.0,730.0,6101.58,103790.0,0.0,90,4412.0,0.0,0.0,0.0,7,14622.0,0.0289,0.0987,66.4,78.5,90.0
112,202431,2024-08-01,31,2024,222784.0,62.0,13922.799992492668,215989,1239,1286.0,31044.0,68.66,0.0,0.0,0.0,92637.0,2326.130000000001,122671.0,752.0,7134.83,102190.0,0.0,66,4929.0,0.0,0.0,0.0,8,13468.0,0.0253,-0.0089,67.9,97.0,66.0
113,202431,2024-08-02,31,2024,177452.0,78.0,13113.199991611766,212004,1196,1006.0,31355.0,100.0,0.0,0.0,0.0,0.0,2316.88,138136.0,781.0,5606.87,81620.0,0.0,104,3617.0,0.0,0.0,0.0,8,13468.0,0.0253,-0.0089,67.9,44.5,104.0
114,202431,2024-08-03,31,2024,92714.0,67.0,11218.1999959755,171908,1176,511.0,24340.0,0.0,0.0,0.0,0.0,0.0,2206.68,130815.0,733.0,2631.76,6010.0,0.0,23,2942.0,0.0,0.0,0.0,8,13468.0,0.0253,-0.0089,67.9,62.5,23.0
115,202431,2024-08-04,31,2024,114413.0,69.0,9217.589989246168,162425,988,624.0,26743.0,0.0,0.0,0.0,0.0,0.0,2521.07,162029.0,900.0,2571.12,58170.0,0.0,21,2503.0,0.0,0.0,0.0,8,13468.0,0.0253,-0.0089,67.9,43.5,21.0
116,202432,2024-08-05,32,2024,225601.0,94.0,12320.05998763508,206217,1150,1277.0,32823.0,341.2,0.0,0.0,0.0,0.0,2451.3900000000003,169847.0,872.0,6773.89,98300.0,0.0,64,4492.0,0.0,0.0,0.0,8,13468.0,0.0253,-0.0089,67.9,43.0,64.0
117,202432,2024-08-06,32,2024,248099.0,53.0,14246.479989946163,240165,1371,1366.0,36921.0,200.0,0.0,0.0,0.0,0.0,2447.11,148097.0,821.0,8278.67,108960.0,0.0,65,3894.0,0.0,0.0,0.0,8,13468.0,0.0253,-0.0089,67.9,102.5,65.0
118,202432,2024-08-07,32,2024,230608.0,79.0,14204.189992303804,231687,1268,1342.0,32976.0,97.62,0.0,0.0,0.0,0.0,2159.2000000000003,106210.0,625.0,7179.1,106540.0,0.0,141,4333.0,0.0,0.0,0.0,8,13468.0,0.0253,-0.0089,67.9,71.5,71.5
119,202432,2024-08-08,32,2024,218688.0,61.0,13384.649990070884,227384,1224,1248.0,35650.0,3200.0,0.0,0.0,0.0,0.0,2131.53,113929.0,693.0,7637.14,97852.0,0.0,78,5567.0,0.0,0.0,0.0,8,13468.0,0.0253,-0.0089,67.9,93.5,78.0
120,202432,2024-08-09,32,2024,173091.0,48.0,13056.779994463022,227411,1258,995.0,31480.0,150.0,0.0,0.0,0.0,0.0,2251.77,123307.0,709.0,6137.87,85000.0,0.0,46,3658.0,0.0,0.0,0.0,8,13468.0,0.0253,-0.0089,67.9,53.0,46.0
121,202432,2024-08-10,32,2024,102615.0,127.0,10512.239992462395,166121,1061,528.0,23252.0,0.0,0.0,0.0,0.0,0.0,2125.7,123531.0,706.0,2498.46,5725.0,0.0,28,2505.0,0.0,0.0,0.0,8,13468.0,0.0253,-0.0089,67.9,32.0,28.0
122,202432,2024-08-11,32,2024,110991.0,45.0,8813.049994667033,147282,904,611.0,24765.0,0.0,0.0,0.0,0.0,0.0,2427.91,122718.0,703.0,2497.4,55150.0,0.0,18,2386.0,0.0,0.0,0.0,8,13468.0,0.0253,-0.0089,67.9,65.5,18.0
123,202433,2024-08-12,33,2024,223823.0,51.0,12496.209989623449,218322,1145,1300.0,33901.0,145.0,0.0,0.0,0.0,0.0,2321.4200000000005,121594.0,666.0,6523.81,92980.0,0.0,103,4372.0,0.0,0.0,0.0,8,13468.0,0.0253,-0.0089,67.9,40.0,103.0
124,202433,2024-08-13,33,2024,229741.0,40.0,14200.939988666249,233143,1269,1325.0,33610.0,300.0,40630.0,39307.0,13258.0,0.0,2344.3399999999997,115120.0,605.0,6874.13,100650.0,0.0,62,4374.0,0.0,0.0,0.0,8,13468.0,0.0253,-0.0089,67.9,88.5,62.0
125,202433,2024-08-14,33,2024,210531.0,52.0,14149.25999447599,220267,1293,1353.0,32024.0,725.0,271.0,257.0,86.0,0.0,2336.45,101452.0,599.0,7232.15,99700.0,0.0,74,3019.0,0.0,0.0,0.0,8,13468.0,0.0253,-0.0089,67.9,83.5,74.0
126,202433,2024-08-15,33,2024,216307.0,41.0,13407.439995605146,214878,1191,1322.0,31781.0,150.0,0.0,0.0,0.0,50000.0,2174.2,90812.0,611.0,6682.45,93230.0,0.0,105,3220.0,0.0,0.0,0.0,8,13468.0,0.0253,-0.0089,67.9,62.0,105.0
127,202433,2024-08-16,33,2024,180875.0,44.0,12938.639986908547,205705,1140,1034.0,32893.0,172.42000000000002,0.0,0.0,0.0,10000.0,2196.2,95999.0,588.0,5015.26,77520.0,0.0,50,2942.0,0.0,0.0,0.0,8,13468.0,0.0253,-0.0089,67.9,66.0,50.0
128,202433,2024-08-17,33,2024,97360.0,28.0,10276.659987791298,170805,1008,626.0,23058.0,0.0,0.0,0.0,0.0,0.0,2033.88,88456.0,615.0,2366.09,5515.0,0.0,27,2304.0,0.0,0.0,0.0,8,13468.0,0.0253,-0.0089,67.9,43.0,27.0
129,202433,2024-08-18,33,2024,114372.0,47.0,8567.759992406178,150193,912,626.0,24069.0,0.0,0.0,0.0,0.0,0.0,2286.5899999999997,87247.0,561.0,2896.73,58880.0,0.0,36,2266.0,0.0,0.0,0.0,8,13468.0,0.0253,-0.0089,67.9,74.5,36.0
130,202434,2024-08-19,34,2024,245273.0,55.0,12774.249997165927,212585,1106,1277.0,33606.0,350.0,368.0,352.0,136.0,0.0,2407.38,120431.0,690.0,6559.77,88850.0,0.0,122,4809.0,0.0,0.0,0.0,8,13468.0,0.0253,-0.0089,67.9,79.0,122.0
131,202434,2024-08-20,34,2024,228348.0,728.0,13158.449995854937,225742,1214,1410.0,33152.0,175.0,0.0,0.0,0.0,0.0,2313.21,105538.0,655.0,6872.16,98090.0,0.0,122,3378.0,0.0,0.0,0.0,8,13468.0,0.0253,-0.0089,67.9,94.0,122.0
132,202434,2024-08-21,34,2024,232442.0,321.0,12520.729991029364,198939,1098,1416.0,36386.0,50.0,172.0,155.0,64.0,0.0,2212.15,94684.0,537.0,6689.94,96600.0,0.0,66,3499.0,0.0,0.0,0.0,8,13468.0,0.0253,-0.0089,67.9,107.5,66.0
133,202434,2024-08-22,34,2024,224009.0,179.0,11808.939985499312,190588,1058,1332.0,35465.0,51.22,0.0,0.0,0.0,0.0,2250.5699999999997,110673.0,558.0,7515.61,88800.0,0.0,93,3418.0,0.0,0.0,0.0,8,13468.0,0.0253,-0.0089,67.9,66.5,93.0
134,202434,2024-08-23,34,2024,173842.0,114.0,12326.959987860091,197937,1153,1073.0,31846.0,605.8100000000001,0.0,0.0,0.0,0.0,2189.34,65160.0,454.0,4467.87,70630.0,0.0,67,2226.0,0.0,0.0,0.0,8,13468.0,0.0253,-0.0089,67.9,63.5,67.0
135,202434,2024-08-24,34,2024,80426.0,110.0,10641.699989192,160259,1087,556.0,24407.0,0.0,0.0,0.0,0.0,0.0,1990.8,69055.0,500.0,2498.96,4613.0,0.0,34,1710.0,0.0,0.0,0.0,8,13468.0,0.0253,-0.0089,67.9,47.5,34.0
136,202434,2024-08-25,34,2024,104560.0,95.0,9573.269991441524,140429,995,595.0,24048.0,0.0,0.0,0.0,0.0,0.0,2248.81,108307.0,616.0,2958.07,58610.0,0.0,28,2624.0,0.0,0.0,0.0,8,13468.0,0.0253,-0.0089,67.9,45.0,28.0
137,202435,2024-08-26,35,2024,216065.0,101.0,12164.029992410386,203935,1116,1291.0,32073.0,450.0,0.0,0.0,0.0,0.0,2157.1600000000003,104138.0,594.0,6779.59,91700.0,0.0,56,3340.0,0.0,0.0,0.0,8,13468.0,0.0253,-0.0089,67.9,80.0,56.0
138,202435,2024-08-27,35,2024,240116.0,98.0,12331.769994830096,199262,1081,1334.0,32676.0,225.0,141.0,136.0,56.0,15000.0,2177.14,100687.0,589.0,7804.83,95820.0,0.0,132,3538.0,0.0,0.0,0.0,8,13468.0,0.0253,-0.0089,67.9,60.0,60.0
139,202435,2024-08-28,35,2024,219083.0,86.0,11449.199986875432,188077,974,1342.0,32363.0,200.0,0.0,0.0,0.0,0.0,2174.4,99532.0,519.0,6437.38,88540.0,0.0,64,3538.0,0.0,0.0,0.0,8,13468.0,0.0253,-0.0089,67.9,111.0,64.0
140,202435,2024-08-29,35,2024,225766.0,101.0,11227.309984893996,180066,953,1176.0,32099.0,118.17,0.0,0.0,0.0,0.0,2399.0899999999997,104163.0,653.0,6817.25,79790.0,0.0,90,4213.0,0.0,0.0,0.0,8,13468.0,0.0253,-0.0089,67.9,54.0,90.0
141,202435,2024-08-30,35,2024,169514.0,78.0,10960.379985525597,174089,966,992.0,29134.0,0.0,0.0,0.0,0.0,0.0,2294.7899999999995,100992.0,1224.0,5048.16,75290.0,0.0,44,3340.0,0.0,0.0,0.0,8,13468.0,0.0253,-0.0089,67.9,58.0,44.0
142,202435,2024-08-31,35,2024,102010.0,50.0,9153.829994767237,134838,875,534.0,21681.0,0.0,0.0,0.0,0.0,0.0,2193.73,95524.0,1061.0,2744.73,5307.0,0.0,26,2028.0,0.0,0.0,0.0,8,13468.0,0.0253,-0.0089,67.9,32.5,26.0
143,202435,2024-09-01,35,2024,111147.0,65.0,6844.459992280018,108609,668,521.0,23319.0,0.0,0.0,0.0,0.0,0.0,2398.6599999999994,99050.0,1021.0,2282.35,51350.0,0.0,21,2981.0,0.0,0.0,0.0,9,12506.0,0.0244,-0.004,70.1,32.0,21.0
144,202436,2024-09-02,36,2024,190069.0,67.0,8270.829990988113,130251,743,672.0,26239.0,0.0,0.0,0.0,0.0,0.0,2369.5,115080.0,1575.0,3686.68,63110.0,0.0,38,4135.0,0.0,0.0,0.0,9,12506.0,0.0244,-0.004,70.1,50.5,38.0
145,202436,2024-09-03,36,2024,266269.0,533.0,10743.389992444778,180370,939,1282.0,37418.0,0.0,28807.0,26696.0,5834.0,0.0,2312.18,113389.0,1521.0,6481.42,87550.0,0.0,80,3698.0,0.0,0.0,0.0,9,12506.0,0.0244,-0.004,70.1,59.5,80.0
146,202436,2024-09-04,36,2024,237930.0,322.0,11633.139992249557,205788,1009,1384.0,36848.0,113.34,152.0,148.0,70.0,0.0,2341.31,90328.0,848.0,6870.21,87260.0,0.0,81,3737.0,0.0,0.0,0.0,9,12506.0,0.0244,-0.004,70.1,150.0,81.0
147,202436,2024-09-05,36,2024,222065.0,173.0,11213.089992379884,187359,986,1304.0,34720.0,150.0,0.0,0.0,0.0,42637.0,2221.35,80552.0,573.0,6857.24,86160.0,0.0,220,6639.0,0.0,0.0,0.0,9,12506.0,0.0244,-0.004,70.1,142.5,142.5
148,202436,2024-09-06,36,2024,174767.0,117.0,10659.569991193706,163635,869,1079.0,32810.0,120.59,0.0,0.0,0.0,0.0,2323.84,83403.0,569.0,5259.8,72900.0,0.0,204,4093.0,0.0,0.0,0.0,9,12506.0,0.0244,-0.004,70.1,125.5,125.5
149,202436,2024-09-07,36,2024,90601.0,89.0,8145.839988866704,126195,755,551.0,24169.0,0.0,0.0,0.0,0.0,0.0,2077.7,74716.0,582.0,3394.74,4781.0,0.0,31,2505.0,0.0,0.0,0.0,9,12506.0,0.0244,-0.004,70.1,115.0,31.0
150,202436,2024-09-08,36,2024,116801.0,99.0,7022.099988244469,117924,704,593.0,26890.0,0.0,0.0,0.0,0.0,0.0,2396.6000000000004,88363.0,599.0,2911.5,52710.0,0.0,26,2585.0,0.0,0.0,0.0,9,12506.0,0.0244,-0.004,70.1,41.5,26.0
151,202437,2024-09-09,37,2024,209113.0,219.0,10236.589991862367,175281,875,1199.0,37129.0,1141.89,0.0,0.0,0.0,0.0,2421.1899999999996,81477.0,731.0,6406.25,88200.0,0.0,52,2822.0,0.0,0.0,0.0,9,12506.0,0.0244,-0.004,70.1,51.0,52.0
152,202437,2024-09-10,37,2024,228908.0,168.0,11559.679992152462,184638,993,1302.0,38520.0,948.09,3537.0,3189.0,877.0,8501.0,2475.9600000000005,86917.0,726.0,8123.3,95430.0,0.0,76,4733.0,0.0,0.0,0.0,9,12506.0,0.0244,-0.004,70.1,59.0,76.0
153,202437,2024-09-11,37,2024,186321.0,112.0,12380.489992999186,180563,1077,2164.0,39587.0,50.0,0.0,0.0,0.0,0.0,2472.0800000000004,92435.0,518.0,9408.73,102950.0,0.0,66,5925.0,0.0,0.0,0.0,9,12506.0,0.0244,-0.004,70.1,102.0,66.0
154,202437,2024-09-12,37,2024,219241.0,110.0,11395.129990920866,162453,938,1150.0,38034.0,226.1,0.0,0.0,0.0,0.0,2500.6099999999997,83270.0,544.0,9598.38,98240.0,0.0,128,6123.0,0.0,0.0,0.0,9,12506.0,0.0244,-0.004,70.1,63.5,128.0
155,202437,2024-09-13,37,2024,188676.0,126.0,9732.48998734062,154092,853,970.0,34223.0,168.01,0.0,0.0,0.0,0.0,2362.0699999999997,73553.0,540.0,8442.14,96700.0,0.0,61,3974.0,0.0,0.0,0.0,9,12506.0,0.0244,-0.004,70.1,84.0,61.0
156,202437,2024-09-14,37,2024,92030.0,113.0,9015.769986034296,121574,838,579.0,26332.0,0.0,0.0,0.0,0.0,0.0,2268.13,68905.0,528.0,4185.36,6958.0,0.0,40,3259.0,0.0,0.0,0.0,9,12506.0,0.0244,-0.004,70.1,42.5,40.0
157,202437,2024-09-15,37,2024,101967.0,85.0,8265.419990348235,114904,814,572.0,29191.0,0.0,151.0,147.0,56.0,0.0,2504.3199999999997,80872.0,567.0,2996.74,60710.0,0.0,24,2505.0,0.0,0.0,0.0,9,12506.0,0.0244,-0.004,70.1,43.0,24.0
158,202438,2024-09-16,38,2024,215625.0,64.0,10200.149987031093,169800,868,1190.0,39300.0,348.26,0.0,0.0,0.0,0.0,2486.2,89425.0,549.0,8691.63,101120.0,0.0,46,5565.0,0.0,0.0,0.0,9,12506.0,0.0244,-0.004,70.1,53.0,46.0
159,202438,2024-09-17,38,2024,222497.0,718.0,11283.149990716614,176844,941,1167.0,38447.0,754.79,42024.0,40288.0,14264.0,0.0,2399.37,82152.0,636.0,8919.27,99990.0,0.0,82,4014.0,0.0,0.0,0.0,9,12506.0,0.0244,-0.004,70.1,61.0,82.0
160,202438,2024-09-18,38,2024,215229.0,2116.0,12350.449991293248,189861,1002,1240.0,38067.0,50.0,0.0,0.0,0.0,0.0,2389.65,85872.0,486.0,8786.89,108850.0,0.0,76,4214.0,0.0,0.0,0.0,9,12506.0,0.0244,-0.004,70.1,69.5,76.0
161,202438,2024-09-19,38,2024,204853.0,1342.0,10722.559989268815,166160,883,1259.0,38428.0,221.59,0.0,0.0,0.0,5750.0,2199.2200000000003,77090.0,488.0,8364.72,95120.0,0.0,57,3380.0,0.0,0.0,0.0,9,12506.0,0.0244,-0.004,70.1,62.5,57.0
162,202438,2024-09-20,38,2024,157540.0,622.0,8495.81998917723,115423,660,1031.0,36377.0,300.0,21902.0,20364.0,7484.0,30000.0,2193.73,67341.0,528.0,7164.18,90980.0,0.0,49,4572.0,0.0,0.0,0.0,9,12506.0,0.0244,-0.004,70.1,48.0,49.0
163,202438,2024-09-21,38,2024,80271.0,179.0,7788.679993452285,94672,700,496.0,31242.0,0.0,0.0,0.0,0.0,0.0,2017.5200000000004,62015.0,439.0,3900.06,6639.0,0.0,39,1829.0,0.0,0.0,0.0,9,12506.0,0.0244,-0.004,70.1,38.0,39.0
164,202438,2024-09-22,38,2024,91947.0,207.0,8433.829992937717,105772,782,564.0,29471.0,136.14,0.0,0.0,0.0,0.0,2263.5899999999997,70568.0,525.0,3319.9,56110.0,0.0,27,2901.0,0.0,0.0,0.0,9,12506.0,0.0244,-0.004,70.1,52.5,27.0
165,202439,2024-09-23,39,2024,214384.0,273.0,10172.069980990336,138371,832,1271.0,42921.0,341.71999999999997,0.0,0.0,0.0,0.0,2330.19,81368.0,475.0,8519.73,102200.0,0.0,66,3975.0,0.0,0.0,0.0,9,12506.0,0.0244,-0.004,70.1,49.5,66.0
166,202439,2024-09-24,39,2024,216734.0,303.0,11146.429991970344,142174,876,1359.0,42860.0,317.85,24071.0,23269.0,8078.0,0.0,2223.3999999999996,60449.0,397.0,10038.93,100390.0,0.0,72,3498.0,0.0,0.0,0.0,9,12506.0,0.0244,-0.004,70.1,65.0,72.0
167,202439,2024-09-25,39,2024,214421.0,224.0,11050.699991798156,142099,877,1262.0,38630.0,125.0,0.0,0.0,0.0,0.0,2158.45,58370.0,331.0,8246.25,95200.0,0.0,64,3221.0,0.0,0.0,0.0,9,12506.0,0.0244,-0.004,70.1,72.5,64.0
168,202439,2024-09-26,39,2024,206164.0,226.0,10053.9299910253,127635,781,1134.0,37538.0,422.99,0.0,0.0,0.0,0.0,2134.8700000000003,60056.0,358.0,7955.06,91210.0,0.0,73,3576.0,0.0,0.0,0.0,9,12506.0,0.0244,-0.004,70.1,58.5,73.0
169,202439,2024-09-27,39,2024,181198.0,203.0,9926.639994703495,128473,770,939.0,35625.0,201.16,0.0,0.0,0.0,0.0,2019.03,54954.0,328.0,7171.2,75510.0,0.0,53,2902.0,0.0,0.0,0.0,9,12506.0,0.0244,-0.004,70.1,50.5,53.0
170,202439,2024-09-28,39,2024,91274.0,248.0,8229.999987910225,109109,718,505.0,28029.0,0.0,0.0,0.0,0.0,0.0,1670.53,41250.0,248.0,4777.37,5391.0,0.0,28,1710.0,0.0,0.0,0.0,9,12506.0,0.0244,-0.004,70.1,43.5,28.0
171,202439,2024-09-29,39,2024,117638.0,271.0,9311.59999115588,118109,844,603.0,29187.0,0.0,0.0,0.0,0.0,0.0,1950.98,40494.0,279.0,6404.68,62100.0,0.0,34,2943.0,0.0,0.0,0.0,9,12506.0,0.0244,-0.004,70.1,38.0,34.0
172,202440,2024-09-30,40,2024,250534.0,10718.0,11954.199994712775,166632,929,1320.0,39292.0,0.0,0.0,0.0,0.0,0.0,1909.81,46348.0,224.0,9401.93,93050.0,0.0,48,3419.0,0.0,0.0,0.0,9,12506.0,0.0244,-0.004,70.1,45.5,48.0
173,202440,2024-10-01,40,2024,262330.0,1070.0,13566.65998621491,210379,1146,1271.0,39401.0,50.0,21016.0,20293.0,7066.0,42638.0,1840.52,53661.0,293.0,3656.9,44830.0,0.0,57,5010.0,0.0,0.0,0.0,10,11866.0,0.026,0.0079,70.5,57.5,57.0
174,202440,2024-10-02,40,2024,217928.0,538.0,14623.719994708774,218911,1227,1183.0,40420.0,550.0,0.0,0.0,0.0,3000.0,1814.7799999999995,54133.0,329.0,8248.78,78650.0,0.0,67,3140.0,0.0,0.0,0.0,10,11866.0,0.026,0.0079,70.5,66.0,67.0
175,202440,2024-10-03,40,2024,186683.0,401.0,14656.489988149608,194068,1160,1149.0,37329.0,353.02,0.0,0.0,0.0,10333.0,1771.08,53038.0,295.0,8246.02,71780.0,0.0,75,3220.0,0.0,0.0,0.0,10,11866.0,0.026,0.0079,70.5,58.0,75.0
176,202440,2024-10-04,40,2024,175158.0,226.0,14658.11998779542,179559,1094,940.0,36193.0,438.44,0.0,0.0,0.0,0.0,1746.7400000000002,50544.0,337.0,6271.52,64510.0,0.0,49,1590.0,0.0,0.0,0.0,10,11866.0,0.026,0.0079,70.5,47.5,49.0
177,202440,2024-10-05,40,2024,87183.0,237.0,13000.189989106331,152211,1044,480.0,25872.0,0.0,0.0,0.0,0.0,0.0,1633.8099999999995,46489.0,279.0,2710.0,4529.0,0.0,20,1631.0,0.0,0.0,0.0,10,11866.0,0.026,0.0079,70.5,39.0,20.0
178,202440,2024-10-06,40,2024,113181.0,232.0,11162.219990371645,143714,994,540.0,29403.0,68.22,0.0,0.0,0.0,0.0,1935.05,52736.0,306.0,3263.17,56820.0,0.0,29,1909.0,0.0,0.0,0.0,10,11866.0,0.026,0.0079,70.5,36.0,29.0
179,202441,2024-10-07,41,2024,242391.0,287.0,14586.5199788156,198788,1121,1262.0,37870.0,0.0,0.0,0.0,0.0,0.0,1801.88,60099.0,254.0,7713.02,82430.0,0.0,52,3775.0,0.0,0.0,0.0,10,11866.0,0.026,0.0079,70.5,34.0,52.0
180,202441,2024-10-08,41,2024,236612.0,253.0,14509.679979979206,199314,1138,1312.0,39196.0,500.0,38778.0,37452.0,14090.0,0.0,1750.12,48267.0,243.0,6724.63,84720.0,0.0,39,3380.0,0.0,0.0,0.0,10,11866.0,0.026,0.0079,70.5,63.0,39.0
181,202441,2024-10-09,41,2024,224124.0,204.0,13807.429987312926,183029,1059,1176.0,38194.0,49.14,2376.0,2255.0,708.0,0.0,1656.77,46939.0,279.0,6492.83,82520.0,36289.0,74,5047.0,0.0,0.0,0.0,10,11866.0,0.026,0.0079,70.5,46.0,74.0
182,202441,2024-10-10,41,2024,197979.0,183.0,12672.849992609645,190614,1089,1108.0,37752.0,0.0,0.0,0.0,0.0,10333.0,1675.25,47911.0,247.0,6564.23,85210.0,0.0,53,3935.0,0.0,0.0,0.0,10,11866.0,0.026,0.0079,70.5,57.0,53.0
183,202441,2024-10-11,41,2024,183814.0,209.0,12420.619991389656,181544,1040,906.0,35447.0,98.13,0.0,0.0,0.0,7950.0,1699.4300000000003,45533.0,276.0,5034.68,84590.0,0.0,40,3061.0,0.0,0.0,0.0,10,11866.0,0.026,0.0079,70.5,42.5,40.0
