,model_week,date,iso_week,iso_year,ga4_sessions,podcast_streams,linkedin_spend,linkedin_impressions,linkedin_clicks,gSearch_sessions,gSearch_impressions,gift_spend,email_opened_cnt,direct_spend,fb_spend,fb_impressions,fb_clicks,googleAds_spend,googleAds_impressions,event_spend,mql_count,impactDotCom_ga4_sessions,month,daily_avg_queries,averageMQL,smoothed_MQL
0,202415,2024-04-11,15,2024,209194.0,332.0,11063.500000000002,186008,1265,1324.0,32644.0,0.0,0.0,9000.0,2169.57,112790.0,460.0,6448.16,9873.0,0.0,61,5091.0,4,24779.0,,61.0
1,202415,2024-04-12,15,2024,167947.0,227.0,10985.4,167930,1187,1127.0,29793.0,498.86,0.0,0.0,2189.92,107564.0,472.0,4544.18,7438.0,0.0,60,4936.0,4,24779.0,41.0,60.0
2,202415,2024-04-13,15,2024,76022.0,186.0,8826.290000000003,124526,930,504.0,21040.0,0.0,0.0,0.0,2140.8799999999997,97362.0,468.0,1676.13,8682.0,0.0,21,2708.0,4,24779.0,45.0,21.0
3,202415,2024-04-14,15,2024,93371.0,120.0,7257.839999999997,111431,844,519.0,23214.0,0.0,0.0,0.0,2404.75,112847.0,570.0,2054.01,4673.0,0.0,30,2665.0,4,24779.0,68.5,30.0
4,202416,2024-04-15,16,2024,219057.0,182.0,10275.429999999998,159627,1160,1133.0,32072.0,339.42,0.0,0.0,2307.37,120812.0,464.0,5510.42,8131.0,0.0,116,7681.0,4,24779.0,41.0,116.0
5,202416,2024-04-16,16,2024,224572.0,151.0,10460.65,168669,1158,1210.0,31353.0,423.66,0.0,0.0,2164.09,105145.0,504.0,5447.02,8470.0,25720.0,52,5054.0,4,24779.0,83.0,52.0
6,202416,2024-04-17,16,2024,222164.0,156.0,9972.180000000002,173911,1172,1234.0,31130.0,0.0,54.0,0.0,2171.6499999999996,98961.0,481.0,6137.32,8890.0,0.0,50,5929.0,4,24779.0,80.0,50.0
7,202416,2024-04-18,16,2024,207431.0,113.0,10352.859999999988,193165,1161,1143.0,31232.0,500.0,0.0,0.0,2154.41,92106.0,457.0,5834.61,8319.0,0.0,108,4937.0,4,24779.0,53.0,108.0
8,202416,2024-04-19,16,2024,166460.0,117.0,12439.649999999996,203916,1249,1033.0,31283.0,561.38,0.0,0.0,2157.61,100017.0,462.0,5161.21,6976.0,0.0,56,3741.0,4,24779.0,68.5,56.0
9,202416,2024-04-20,16,2024,90869.0,60.0,10756.73,158021,1111,493.0,22212.0,0.0,0.0,0.0,2109.1000000000004,91319.0,544.0,2361.58,4455.0,0.0,29,2625.0,4,24779.0,42.5,29.0
10,202416,2024-04-21,16,2024,110282.0,82.0,9916.260000000004,148204,1081,581.0,24238.0,0.0,0.0,0.0,2371.6,121924.0,528.0,3073.5,5359.0,0.0,29,3142.0,4,24779.0,61.0,29.0
11,202417,2024-04-22,17,2024,210024.0,126.0,11792.610000000006,194998,1253,1277.0,49181.0,350.0,4936.0,0.0,2450.5699999999997,154250.0,572.0,6842.19,9802.0,0.0,93,5969.0,4,24779.0,41.5,93.0
12,202417,2024-04-23,17,2024,220930.0,1438.0,13799.49000000001,218530,1372,1351.0,37246.0,199.26,0.0,0.0,2635.1499999999996,188116.0,607.0,7004.26,10119.0,0.0,54,5887.0,4,24779.0,83.0,54.0
13,202417,2024-04-24,17,2024,242645.0,524.0,14647.420000000002,204026,1237,1301.0,39948.0,576.52,0.0,0.0,2790.64,99789.0,573.0,5807.69,9453.0,0.0,73,6289.0,4,24779.0,59.5,73.0
14,202417,2024-04-25,17,2024,210423.0,305.0,14790.409999999996,192045,1206,1213.0,35547.0,224.46,0.0,0.0,2758.2000000000003,94041.0,537.0,5677.35,8892.0,0.0,65,6048.0,4,24779.0,55.0,65.0
15,202417,2024-04-26,17,2024,163772.0,217.0,14519.940000000008,179825,1167,975.0,35050.0,0.0,0.0,0.0,2821.5500000000006,126962.0,597.0,4983.79,7948.0,0.0,37,4816.0,4,24779.0,46.0,37.0
16,202417,2024-04-27,17,2024,86488.0,154.0,11237.920000000002,131836,934,519.0,28113.0,0.0,0.0,0.0,2835.43,118898.0,579.0,2381.43,5613.0,0.0,27,3622.0,4,24779.0,32.5,27.0
17,202417,2024-04-28,17,2024,99295.0,101.0,9824.439999999997,122683,900,601.0,24839.0,0.0,0.0,0.0,3177.7700000000004,141294.0,721.0,2912.87,6090.0,0.0,28,6766.0,4,24779.0,42.5,28.0
18,202418,2024-04-29,18,2024,203805.0,253.0,13157.250000000002,184884,1086,1329.0,34983.0,0.0,5379.0,0.0,3058.399999999999,131765.0,690.0,6723.12,9920.0,0.0,58,6010.0,4,24779.0,69.0,58.0
19,202418,2024-04-30,18,2024,201488.0,192.0,14322.33,185968,1186,1358.0,34627.0,0.0,0.0,0.0,3061.55,103233.0,727.0,7081.03,10943.0,0.0,110,5213.0,4,24779.0,57.5,110.0
20,202418,2024-05-01,18,2024,187278.0,149.0,14304.94999999999,199936,1238,1199.0,34292.0,0.0,0.0,47087.0,2937.32,90512.0,728.0,8034.96,10864.0,0.0,57,4341.0,5,20084.0,85.0,57.0
21,202418,2024-05-02,18,2024,193436.0,180.0,14394.150000000009,170920,1163,1184.0,36945.0,250.0,0.0,15000.0,2899.6899999999996,91628.0,735.0,7081.2,9671.0,0.0,60,9070.0,5,20084.0,48.5,60.0
22,202418,2024-05-03,18,2024,153748.0,144.0,14429.540000000005,183963,1173,1006.0,35458.0,25.12,842.0,0.0,2835.0,101188.0,696.0,5427.2,7495.0,0.0,40,4422.0,5,20084.0,48.5,40.0
23,202418,2024-05-04,18,2024,83694.0,85.0,12565.429999999991,135511,1043,496.0,33661.0,0.0,0.0,0.0,2670.4,139315.0,769.0,3292.12,5088.0,0.0,37,3421.0,5,20084.0,39.5,37.0
24,202418,2024-05-05,18,2024,104783.0,74.0,10269.050000000016,136991,976,537.0,27299.0,0.0,0.0,0.0,3133.619999999999,161147.0,804.0,2787.83,5247.0,0.0,39,5054.0,5,20084.0,51.0,39.0
25,202419,2024-05-06,19,2024,210221.0,123.0,14265.17,192519,1187,1229.0,39583.0,25.0,207.0,0.0,3100.3300000000004,167056.0,842.0,7014.76,9216.0,0.0,65,5334.0,5,20084.0,100.5,65.0
26,202419,2024-05-07,19,2024,231972.0,1605.0,14443.49,180581,1197,1259.0,40527.0,250.14,0.0,0.0,2986.76,209224.0,849.0,7523.79,9978.0,0.0,162,6128.0,5,20084.0,75.0,75.0
27,202419,2024-05-08,19,2024,242263.0,499.0,14448.279999999995,183731,1141,1300.0,34739.0,123.17,0.0,0.0,2956.35,201448.0,810.0,7407.86,10015.0,17744.0,85,6568.0,5,20084.0,126.5,85.0
28,202419,2024-05-09,19,2024,212878.0,239.0,14596.02,171866,1131,1210.0,34708.0,275.0,0.0,0.0,2935.61,149464.0,729.0,7066.65,9526.0,0.0,91,6084.0,5,20084.0,66.0,91.0
29,202419,2024-05-10,19,2024,166243.0,198.0,13999.05999999998,191497,1178,984.0,33011.0,175.0,0.0,0.0,2862.74,229049.0,760.0,5251.13,7614.0,0.0,47,3621.0,5,20084.0,54.5,47.0
30,202419,2024-05-11,19,2024,92642.0,196.0,11678.630000000005,136274,1003,462.0,23177.0,0.0,0.0,0.0,2828.5,203111.0,874.0,2532.49,5001.0,0.0,18,2985.0,5,20084.0,32.5,18.0
31,202419,2024-05-12,19,2024,105230.0,140.0,9241.719999999996,125323,905,458.0,27072.0,0.0,0.0,0.0,3313.04,184058.0,836.0,2496.88,5045.0,0.0,18,2189.0,5,20084.0,43.0,18.0
32,202420,2024-05-13,20,2024,241903.0,136.0,12905.490000000009,178712,1099,1289.0,34348.0,274.98,0.0,0.0,3226.82,242260.0,860.0,7429.83,10413.0,0.0,68,6207.0,5,20084.0,74.5,68.0
33,202420,2024-05-14,20,2024,251668.0,135.0,13931.03,184076,1156,1268.0,35901.0,136.66,11904.0,0.0,3093.46,195740.0,780.0,7147.3,10916.0,0.0,131,5369.0,5,20084.0,62.5,62.5
34,202420,2024-05-15,20,2024,256207.0,162.0,11214.13,147762,940,1199.0,36633.0,100.0,0.0,0.0,3027.5900000000006,196586.0,811.0,7745.72,10656.0,0.0,57,4897.0,5,20084.0,113.0,57.0
35,202420,2024-05-16,20,2024,270031.0,520.0,11775.169999999998,157711,954,1199.0,36365.0,223.75,81.0,0.0,2988.3400000000006,193770.0,739.0,7219.42,10036.0,0.0,95,5095.0,5,20084.0,53.5,95.0
36,202420,2024-05-17,20,2024,210655.0,1166.0,10544.669999999998,137318,879,946.0,33723.0,466.65,0.0,7950.0,2981.1800000000003,222058.0,794.0,5588.89,8129.0,0.0,50,4417.0,5,20084.0,59.5,50.0
37,202420,2024-05-18,20,2024,99286.0,1246.0,8978.800000000005,107142,781,498.0,22234.0,0.0,0.0,0.0,2868.9999999999995,335414.0,911.0,3034.08,5538.0,0.0,24,4777.0,5,20084.0,36.0,24.0
38,202420,2024-05-19,20,2024,122883.0,865.0,8424.509999999995,105311,738,496.0,25716.0,0.0,0.0,0.0,3164.87,654480.0,1432.0,3151.39,5626.0,0.0,22,4379.0,5,20084.0,60.0,22.0
39,202421,2024-05-20,21,2024,249970.0,1706.0,10285.309999999994,132503,893,1226.0,37884.0,202.5,5313.0,0.0,3141.0899999999997,541492.0,1164.0,7451.8,10181.0,0.0,96,5251.0,5,20084.0,49.5,96.0
40,202421,2024-05-21,21,2024,289179.0,3996.0,10778.040000000006,142379,917,1245.0,38563.0,580.03,0.0,0.0,3081.05,375497.0,1135.0,7812.33,9918.0,0.0,77,5372.0,5,20084.0,76.5,77.0
41,202421,2024-05-22,21,2024,276388.0,2149.0,10990.100000000006,139025,934,1260.0,34917.0,425.0,285.0,0.0,3057.8799999999997,364999.0,1097.0,6395.05,9721.0,0.0,57,6923.0,5,20084.0,62.5,57.0
42,202421,2024-05-23,21,2024,277188.0,1257.0,11382.670000000006,133993,920,1248.0,33825.0,400.0,0.0,0.0,3054.08,262138.0,1021.0,5516.53,8600.0,0.0,48,5332.0,5,20084.0,46.5,48.0
43,202421,2024-05-24,21,2024,214821.0,1129.0,10191.599999999997,117848,804,907.0,30779.0,150.0,0.0,0.0,2954.49,183104.0,885.0,4375.24,7458.0,0.0,36,3223.0,5,20084.0,32.0,36.0
44,202421,2024-05-25,21,2024,113679.0,1204.0,8118.399999999997,104266,736,520.0,25235.0,0.0,0.0,0.0,2925.8899999999994,266040.0,1108.0,2242.16,4844.0,0.0,16,3105.0,5,20084.0,28.0,16.0
45,202421,2024-05-26,21,2024,130222.0,1133.0,8402.769999999993,106183,792,517.0,23938.0,0.0,0.0,0.0,3238.2900000000004,262815.0,1078.0,2327.61,4512.0,0.0,20,4097.0,5,20084.0,38.5,20.0
46,202422,2024-05-27,22,2024,196712.0,1259.0,7565.96,89653,636,697.0,25353.0,0.0,0.0,0.0,3125.09,297365.0,1056.0,3880.58,5720.0,0.0,61,5413.0,5,20084.0,44.0,61.0
47,202422,2024-05-28,22,2024,300849.0,1287.0,11859.55,148695,1059,1243.0,38660.0,175.53,0.0,0.0,3003.9199999999996,424398.0,1239.0,6157.89,9346.0,0.0,68,7639.0,5,20084.0,56.5,68.0
48,202422,2024-05-29,22,2024,288733.0,1178.0,14047.719999999998,196132,1349,1205.0,35225.0,1183.2,10006.0,0.0,2975.380000000001,471372.0,1321.0,6146.68,9779.0,0.0,52,6167.0,5,20084.0,58.5,52.0
49,202422,2024-05-30,22,2024,267365.0,852.0,12023.429999999998,181781,1297,1266.0,34378.0,50.0,882.0,0.0,2970.75,314057.0,1136.0,6384.5,9168.0,0.0,49,4974.0,5,20084.0,47.5,49.0
50,202422,2024-05-31,22,2024,212025.0,834.0,13438.49999999999,180204,1192,978.0,29680.0,250.0,0.0,0.0,2941.64,297493.0,1126.0,5594.96,8360.0,0.0,43,3859.0,5,20084.0,30.0,43.0
51,202422,2024-06-01,22,2024,107680.0,777.0,11374.659999999996,150069,1067,644.0,20076.0,0.0,0.0,47087.0,2858.9399999999996,586899.0,1601.0,0.0,0.0,0.0,11,3065.0,6,18965.0,34.0,11.0
52,202422,2024-06-02,22,2024,139181.0,786.0,10394.769999999997,140464,1050,693.0,22219.0,0.0,0.0,0.0,3218.21,692090.0,1774.0,0.0,0.0,0.0,25,3938.0,6,18965.0,32.0,25.0
53,202423,2024-06-03,23,2024,277299.0,915.0,12883.07,179016,1179,1419.0,38206.0,226.89,19.0,0.0,3138.8099999999995,303515.0,1304.0,2611.94,4584.0,0.0,53,5174.0,6,18965.0,42.0,53.0
54,202423,2024-06-04,23,2024,262643.0,4618.0,14440.409999999994,203812,1407,1266.0,32069.0,463.37,66.0,9000.0,3033.0100000000007,180083.0,1064.0,6883.98,9810.0,6250.0,59,4178.0,6,18965.0,51.0,59.0
55,202423,2024-06-05,23,2024,265137.0,2068.0,14724.969999999998,192206,1381,1318.0,33422.0,0.0,25058.0,0.0,2988.4699999999993,210682.0,1117.0,6889.78,10154.0,0.0,49,6010.0,6,18965.0,57.5,49.0
56,202423,2024-06-06,23,2024,247185.0,1311.0,14549.969999999998,206241,1377,1215.0,36011.0,795.98,49.0,0.0,2769.26,185550.0,1142.0,6404.77,9745.0,0.0,56,5931.0,6,18965.0,42.0,56.0
57,202423,2024-06-07,23,2024,204348.0,1170.0,13752.809999999994,178687,1287,1021.0,32973.0,200.0,305.0,0.0,2593.0,199679.0,1082.0,5063.34,7493.0,0.0,35,2984.0,6,18965.0,39.5,35.0
58,202423,2024-06-08,23,2024,99799.0,1048.0,10392.230000000009,138539,1022,477.0,24490.0,0.0,0.0,0.0,2545.9800000000005,252999.0,1201.0,2102.4,5177.0,0.0,23,3262.0,6,18965.0,28.0,23.0
59,202423,2024-06-09,23,2024,118878.0,958.0,8746.690000000006,124426,973,485.0,34835.0,0.0,0.0,0.0,2844.9700000000003,260212.0,1175.0,2413.76,4911.0,0.0,21,2587.0,6,18965.0,30.5,21.0
60,202424,2024-06-10,24,2024,280940.0,763.0,14334.930000000004,197018,1499,1290.0,39303.0,175.0,559.0,0.0,2821.38,203051.0,1107.0,5772.73,9159.0,0.0,38,6605.0,6,18965.0,38.0,38.0
61,202424,2024-06-11,24,2024,280416.0,518.0,14458.54000000001,173208,1416,1441.0,40539.0,221.73000000000002,28741.0,0.0,2752.9099999999994,187787.0,1025.0,6066.74,9445.0,0.0,55,4738.0,6,18965.0,44.5,55.0
62,202424,2024-06-12,24,2024,280636.0,498.0,14344.78,199617,1458,1281.0,47644.0,250.0,314.0,0.0,2700.26,208802.0,1169.0,6424.31,9276.0,0.0,51,5214.0,6,18965.0,54.0,51.0
63,202424,2024-06-13,24,2024,257782.0,421.0,14343.410000000007,188463,1438,1263.0,57878.0,339.1,15.0,0.0,2635.85,226305.0,1018.0,5948.19,8865.0,0.0,53,4136.0,6,18965.0,121.0,53.0
64,202424,2024-06-14,24,2024,189263.0,397.0,13152.45999999999,179493,1416,995.0,46568.0,247.26,321.0,0.0,2630.54,238289.0,1056.0,5107.83,8065.0,0.0,191,3102.0,6,18965.0,36.5,36.5
65,202424,2024-06-15,24,2024,104635.0,417.0,10305.260000000004,125777,1014,489.0,28467.0,0.0,0.0,0.0,2520.46,246897.0,1082.0,2372.49,4780.0,0.0,20,2624.0,6,18965.0,107.5,20.0
66,202424,2024-06-16,24,2024,108250.0,455.0,8185.620000000002,101213,898,530.0,34853.0,0.0,0.0,0.0,2907.5200000000004,241538.0,1192.0,2472.91,4830.0,0.0,24,2624.0,6,18965.0,56.5,24.0
67,202425,2024-06-17,25,2024,227389.0,458.0,14050.860000000004,183029,1526,1497.0,59311.0,0.0,452.0,0.0,2860.65,231685.0,1209.0,6689.54,9515.0,0.0,93,5565.0,6,18965.0,47.5,93.0
68,202425,2024-06-18,25,2024,237886.0,3207.0,14476.039999999994,172483,1443,1311.0,43139.0,258.7,140.0,0.0,2789.4999999999995,194727.0,1156.0,6953.3,10465.0,0.0,71,5444.0,6,18965.0,95.5,71.0
69,202425,2024-06-19,25,2024,211409.0,1057.0,14501.340000000002,163498,1396,964.0,47324.0,0.0,950.0,0.0,2730.7000000000003,204723.0,1140.0,6164.68,9181.0,0.0,98,4810.0,6,18965.0,70.0,98.0
70,202425,2024-06-20,25,2024,239718.0,573.0,14462.11,184745,1473,1146.0,30348.0,297.58,0.0,0.0,2746.5600000000004,236892.0,1285.0,7723.38,9824.0,0.0,69,5328.0,6,18965.0,69.0,69.0
71,202425,2024-06-21,25,2024,191860.0,407.0,13871.959999999988,169630,1390,895.0,29137.0,50.0,0.0,0.0,2764.03,245771.0,1352.0,4847.03,7941.0,0.0,40,4135.0,6,18965.0,45.5,40.0
72,202425,2024-06-22,25,2024,115685.0,282.0,11947.500000000016,132591,1195,480.0,21629.0,0.0,0.0,0.0,2644.04,251893.0,1419.0,2108.32,5328.0,0.0,22,4690.0,6,18965.0,32.5,22.0
73,202425,2024-06-23,25,2024,124869.0,280.0,10828.940000000002,124505,1057,524.0,22582.0,0.0,540.0,0.0,3039.47,278974.0,1497.0,2608.26,5886.0,0.0,25,4611.0,6,18965.0,51.0,25.0
74,202426,2024-06-24,26,2024,242141.0,244.0,14524.149999999998,177482,1491,1209.0,34626.0,0.0,0.0,0.0,2989.57,348984.0,1508.0,7028.67,10255.0,0.0,80,5526.0,6,18965.0,66.5,80.0
75,202426,2024-06-25,26,2024,268028.0,202.0,14556.420000000007,187418,1475,1213.0,32730.0,225.0,0.0,0.0,2892.0699999999997,322448.0,1434.0,7438.97,10435.0,0.0,108,4890.0,6,18965.0,74.0,108.0
76,202426,2024-06-26,26,2024,248102.0,176.0,13085.710000000012,172437,1331,1195.0,31944.0,569.81,11298.0,0.0,2820.919999999999,263261.0,1200.0,7582.54,11045.0,0.0,68,4572.0,6,18965.0,82.5,68.0
77,202426,2024-06-27,26,2024,234671.0,191.0,11406.960000000005,155160,1210,1156.0,28235.0,163.26,269.0,0.0,2804.2000000000003,286994.0,1364.0,6711.21,9832.0,0.0,57,4412.0,6,18965.0,56.5,57.0
78,202426,2024-06-28,26,2024,175313.0,195.0,10590.88,151371,1132,885.0,28297.0,91.43,0.0,0.0,2769.17,287781.0,1431.0,4470.11,7909.0,0.0,45,2744.0,6,18965.0,41.0,45.0
79,202426,2024-06-29,26,2024,92624.0,122.0,9507.77,126854,994,507.0,21313.0,0.0,0.0,0.0,2622.73,333134.0,1555.0,3042.43,5181.0,0.0,25,3579.0,6,18965.0,33.5,25.0
80,202426,2024-06-30,26,2024,130273.0,137.0,9956.54,128358,1038,532.0,22578.0,0.0,0.0,0.0,3045.71,288304.0,1597.0,3013.89,5329.0,0.0,22,4333.0,6,18965.0,39.0,22.0
81,202427,2024-07-01,27,2024,260268.0,99.0,14298.229995990972,232747,1241,1159.0,33278.0,313.93,0.0,204000.0,2892.4000000000005,334635.0,1807.0,7222.47,9650.0,0.0,53,6082.0,7,18593.0,36.0,53.0
82,202427,2024-07-02,27,2024,265748.0,122.0,14435.189995846871,212200,1198,1204.0,34435.0,50.0,11488.0,8500.0,2771.43,344434.0,1757.0,5682.48,9423.0,0.0,50,4174.0,7,18593.0,57.0,50.0
83,202427,2024-07-03,27,2024,224489.0,125.0,14460.069980611808,227217,1283,957.0,31837.0,2400.0,1121.0,0.0,2713.14,291393.0,1719.0,5776.13,8178.0,0.0,61,3459.0,7,18593.0,38.5,61.0
84,202427,2024-07-04,27,2024,159853.0,122.0,11408.209993110928,142600,928,510.0,23763.0,25.0,0.0,0.0,2613.7200000000003,345740.0,1702.0,3311.24,4761.0,0.0,27,3816.0,7,18593.0,48.5,27.0
85,202427,2024-07-05,27,2024,144075.0,111.0,10807.52999350269,153198,911,640.0,27329.0,51.54,0.0,0.0,2564.2299999999996,360713.0,1604.0,4180.2,6356.0,0.0,36,2743.0,7,18593.0,24.5,36.0
86,202427,2024-07-06,27,2024,96723.0,131.0,9421.82998682536,144236,896,437.0,22830.0,0.0,0.0,0.0,2404.1499999999996,325216.0,1483.0,2459.02,4709.0,0.0,22,3380.0,7,18593.0,28.0,22.0
87,202427,2024-07-07,27,2024,124989.0,112.0,9257.689990291894,143198,898,551.0,24083.0,0.0,0.0,0.0,2780.8200000000006,267129.0,1578.0,2828.4,5371.0,0.0,20,2663.0,7,18593.0,45.5,20.0
88,202428,2024-07-08,28,2024,262726.0,119.0,13787.479994834475,222153,1211,1299.0,31552.0,67.0,0.0,0.0,2728.81,280218.0,1569.0,7219.55,9165.0,0.0,69,4929.0,7,18593.0,103.0,69.0
89,202428,2024-07-09,28,2024,253710.0,90.0,13666.539992338772,181513,1206,1207.0,29678.0,447.73,23152.0,0.0,2617.6899999999996,244545.0,1451.0,7549.28,9983.0,0.0,186,5686.0,7,18593.0,56.0,56.0
90,202428,2024-07-10,28,2024,236139.0,128.0,14484.91999496449,213514,1246,1191.0,31418.0,50.0,283.0,0.0,2607.01,212260.0,1498.0,6437.54,9193.0,0.0,43,4611.0,7,18593.0,117.0,43.0
91,202428,2024-07-11,28,2024,220743.0,95.0,14287.779994500215,214210,1177,1061.0,29175.0,125.89,0.0,0.0,2544.29,228913.0,1414.0,6899.76,8844.0,0.0,48,4611.0,7,18593.0,59.0,48.0
92,202428,2024-07-12,28,2024,177754.0,100.0,12884.019988115637,194562,1097,950.0,28409.0,547.59,0.0,0.0,2533.3999999999996,231498.0,1410.0,6395.42,8527.0,0.0,75,3221.0,7,18593.0,33.0,75.0
93,202428,2024-07-13,28,2024,94692.0,77.0,10106.74999429264,142443,906,498.0,21437.0,0.0,0.0,0.0,2454.7300000000005,229383.0,1364.0,2899.51,5516.0,0.0,18,3060.0,7,18593.0,51.0,18.0
94,202428,2024-07-14,28,2024,109603.0,72.0,9644.52999433254,140276,893,555.0,21494.0,0.0,0.0,0.0,2736.3500000000004,262589.0,1430.0,2784.47,5691.0,0.0,27,3180.0,7,18593.0,30.5,27.0
95,202429,2024-07-15,29,2024,237334.0,65.0,13705.719992599234,213970,1144,1207.0,30725.0,282.58,10188.0,0.0,2701.25,200880.0,1258.0,7133.37,9972.0,0.0,43,5048.0,7,18593.0,47.5,43.0
96,202429,2024-07-16,29,2024,234788.0,68.0,12967.509991689258,213594,1156,1229.0,29492.0,117.38,290.0,0.0,2478.6400000000003,182149.0,1009.0,6876.94,10372.0,0.0,68,4493.0,7,18593.0,70.5,68.0
97,202429,2024-07-17,29,2024,231333.0,107.0,13890.129994044775,201103,1164,1263.0,30871.0,1220.01,291.0,0.0,2311.8499999999995,136358.0,814.0,7259.86,10206.0,0.0,98,4809.0,7,18593.0,62.5,98.0
98,202429,2024-07-18,29,2024,206765.0,55.0,14163.729995934533,205695,1217,1193.0,29392.0,0.0,95.0,0.0,2249.4,179076.0,889.0,6258.09,8853.0,0.0,57,4176.0,7,18593.0,82.0,57.0
99,202429,2024-07-19,29,2024,170024.0,112.0,12438.43998880912,190875,1098,963.0,27131.0,0.0,0.0,7950.0,2131.6800000000003,177810.0,904.0,5658.65,7480.0,0.0,66,2742.0,7,18593.0,38.5,66.0
100,202429,2024-07-20,29,2024,88533.0,85.0,10434.779995843232,158744,994,551.0,24886.0,0.0,0.0,0.0,1936.84,187413.0,881.0,3253.82,5201.0,0.0,20,1193.0,7,18593.0,41.0,20.0
101,202429,2024-07-21,29,2024,112505.0,79.0,8353.069990842525,127155,791,534.0,27486.0,0.0,0.0,0.0,2280.81,177770.0,869.0,2829.71,5476.0,0.0,16,2227.0,7,18593.0,54.5,16.0
102,202430,2024-07-22,30,2024,219158.0,93.0,10753.579993137912,168771,860,1214.0,34721.0,375.85,0.0,0.0,2220.13,167375.0,829.0,7654.98,9312.0,0.0,89,4014.0,7,18593.0,53.0,89.0
103,202430,2024-07-23,30,2024,235656.0,57.0,13182.609992273869,201343,1186,1347.0,34129.0,200.0,0.0,0.0,2141.96,215489.0,934.0,7369.74,9305.0,0.0,90,4415.0,7,18593.0,82.5,90.0
104,202430,2024-07-24,30,2024,246396.0,97.0,12900.519990301273,203885,1118,1270.0,31682.0,97.14,0.0,0.0,2093.33,212352.0,971.0,7262.86,9543.0,0.0,76,4056.0,7,18593.0,73.5,76.0
105,202430,2024-07-25,30,2024,206560.0,54.0,13244.029991045429,212558,1155,1106.0,30139.0,122.08,0.0,0.0,2082.31,215170.0,948.0,6445.12,8537.0,0.0,57,4173.0,7,18593.0,72.0,57.0
106,202430,2024-07-26,30,2024,159416.0,57.0,13473.569994402447,226828,1279,974.0,28715.0,150.0,110.0,0.0,2215.99,155966.0,804.0,4849.73,7565.0,0.0,68,3857.0,7,18593.0,42.0,68.0
107,202430,2024-07-27,30,2024,90957.0,79.0,12122.859997300093,182659,1200,561.0,25023.0,0.0,0.0,0.0,2218.82,150149.0,858.0,2333.41,5173.0,0.0,27,2187.0,7,18593.0,47.0,27.0
108,202430,2024-07-28,30,2024,124078.0,54.0,9514.569988964166,168134,1036,675.0,23614.0,0.0,0.0,0.0,2530.73,125145.0,809.0,2378.73,5259.0,0.0,26,3419.0,7,18593.0,73.5,26.0
109,202431,2024-07-29,31,2024,217530.0,53.0,13139.029990597432,244591,1284,1264.0,31671.0,241.18,254.0,0.0,2449.76,114597.0,750.0,6749.88,15720.0,17744.0,120,4689.0,7,18593.0,58.5,120.0
110,202431,2024-07-30,31,2024,223421.0,73.0,13559.74999404328,249586,1324,1298.0,30858.0,372.6,11097.0,0.0,2386.99,103398.0,711.0,7314.5,11273.0,0.0,91,7195.0,7,18593.0,105.0,91.0
111,202431,2024-07-31,31,2024,224491.0,34.0,14372.619992962942,247956,1362,1229.0,30603.0,170.0,0.0,0.0,2364.6,126335.0,730.0,6101.58,10379.0,0.0,90,5287.0,7,18593.0,78.5,90.0
112,202431,2024-08-01,31,2024,222784.0,62.0,13922.799992492668,215989,1239,1286.0,31044.0,68.66,0.0,92637.0,2326.130000000001,122671.0,752.0,7134.83,10219.0,0.0,66,5486.0,8,18733.0,97.0,66.0
113,202431,2024-08-02,31,2024,177452.0,78.0,13113.199991611766,212004,1196,1006.0,31355.0,100.0,0.0,0.0,2316.88,138136.0,781.0,5606.87,8162.0,0.0,104,4054.0,8,18733.0,44.5,104.0
114,202431,2024-08-03,31,2024,92714.0,67.0,11218.1999959755,171908,1176,511.0,24340.0,0.0,0.0,0.0,2206.68,130815.0,733.0,2631.76,6010.0,0.0,23,3141.0,8,18733.0,62.5,23.0
115,202431,2024-08-04,31,2024,114413.0,69.0,9217.589989246168,162425,988,624.0,26743.0,0.0,0.0,0.0,2521.07,162029.0,900.0,2571.12,5817.0,0.0,21,3060.0,8,18733.0,43.5,21.0
116,202432,2024-08-05,32,2024,225601.0,94.0,12320.05998763508,206217,1150,1277.0,32823.0,341.2,47.0,0.0,2451.3900000000003,169847.0,872.0,6773.89,9830.0,0.0,64,5088.0,8,18733.0,43.0,64.0
117,202432,2024-08-06,32,2024,248099.0,53.0,14246.479989946163,240165,1371,1366.0,36921.0,200.0,0.0,0.0,2447.11,148097.0,821.0,8278.67,10896.0,0.0,65,4451.0,8,18733.0,102.5,65.0
118,202432,2024-08-07,32,2024,230608.0,79.0,14204.189992303804,231687,1268,1342.0,32976.0,97.62,10.0,0.0,2159.2000000000003,106210.0,625.0,7179.1,10654.0,0.0,141,4969.0,8,18733.0,71.5,71.5
119,202432,2024-08-08,32,2024,218688.0,61.0,13384.649990070884,227384,1224,1248.0,35650.0,3200.0,0.0,0.0,2131.53,113929.0,693.0,7637.14,9785.0,0.0,78,6402.0,8,18733.0,93.5,78.0
120,202432,2024-08-09,32,2024,173091.0,48.0,13056.779994463022,227411,1258,995.0,31480.0,150.0,0.0,0.0,2251.77,123307.0,709.0,6137.87,8500.0,0.0,46,4294.0,8,18733.0,53.0,46.0
121,202432,2024-08-10,32,2024,102615.0,127.0,10512.239992462395,166121,1061,528.0,23252.0,0.0,0.0,0.0,2125.7,123531.0,706.0,2498.46,5725.0,0.0,28,2942.0,8,18733.0,32.0,28.0
122,202432,2024-08-11,32,2024,110991.0,45.0,8813.049994667033,147282,904,611.0,24765.0,0.0,0.0,0.0,2427.91,122718.0,703.0,2497.4,5515.0,0.0,18,2863.0,8,18733.0,65.5,18.0
123,202433,2024-08-12,33,2024,223823.0,51.0,12496.209989623449,218322,1145,1300.0,33901.0,145.0,0.0,0.0,2321.4200000000005,121594.0,666.0,6523.81,9298.0,0.0,103,4889.0,8,18733.0,40.0,103.0
124,202433,2024-08-13,33,2024,229741.0,40.0,14200.939988666249,233143,1269,1325.0,33610.0,300.0,13258.0,0.0,2344.3399999999997,115120.0,605.0,6874.13,10065.0,0.0,62,4970.0,8,18733.0,88.5,62.0
125,202433,2024-08-14,33,2024,210531.0,52.0,14149.25999447599,220267,1293,1353.0,32024.0,725.0,96.0,0.0,2336.45,101452.0,599.0,7232.15,9970.0,0.0,74,3456.0,8,18733.0,83.5,74.0
126,202433,2024-08-15,33,2024,216307.0,41.0,13407.439995605146,214878,1191,1322.0,31781.0,150.0,0.0,50000.0,2174.2,90812.0,611.0,6682.45,9323.0,0.0,105,3498.0,8,18733.0,62.0,105.0
127,202433,2024-08-16,33,2024,180875.0,44.0,12938.639986908547,205705,1140,1034.0,32893.0,172.42000000000002,14.0,10000.0,2196.2,95999.0,588.0,5015.26,7752.0,0.0,50,3538.0,8,18733.0,66.0,50.0
128,202433,2024-08-17,33,2024,97360.0,28.0,10276.659987791298,170805,1008,626.0,23058.0,0.0,0.0,0.0,2033.88,88456.0,615.0,2366.09,5515.0,0.0,27,2543.0,8,18733.0,43.0,27.0
129,202433,2024-08-18,33,2024,114372.0,47.0,8567.759992406178,150193,912,626.0,24069.0,0.0,11.0,0.0,2286.5899999999997,87247.0,561.0,2896.73,5888.0,0.0,36,2584.0,8,18733.0,74.5,36.0
130,202434,2024-08-19,34,2024,245273.0,55.0,12774.249997165927,212585,1106,1277.0,33606.0,350.0,136.0,0.0,2407.38,120431.0,690.0,6559.77,8885.0,0.0,122,5525.0,8,18733.0,79.0,122.0
131,202434,2024-08-20,34,2024,228348.0,728.0,13158.449995854937,225742,1214,1410.0,33152.0,175.0,0.0,0.0,2313.21,105538.0,655.0,6872.16,9809.0,0.0,122,3895.0,8,18733.0,94.0,122.0
132,202434,2024-08-21,34,2024,232442.0,321.0,12520.729991029364,198939,1098,1416.0,36386.0,50.0,64.0,0.0,2212.15,94684.0,537.0,6689.94,9660.0,0.0,66,3976.0,8,18733.0,107.5,66.0
133,202434,2024-08-22,34,2024,224009.0,179.0,11808.939985499312,190588,1058,1332.0,35465.0,51.22,0.0,0.0,2250.5699999999997,110673.0,558.0,7515.61,8880.0,0.0,93,3855.0,8,18733.0,66.5,93.0
134,202434,2024-08-23,34,2024,173842.0,114.0,12326.959987860091,197937,1153,1073.0,31846.0,605.8100000000001,0.0,0.0,2189.34,65160.0,454.0,4467.87,7063.0,0.0,67,2663.0,8,18733.0,63.5,67.0
135,202434,2024-08-24,34,2024,80426.0,110.0,10641.699989192,160259,1087,556.0,24407.0,0.0,0.0,0.0,1990.8,69055.0,500.0,2498.96,4613.0,0.0,34,1909.0,8,18733.0,47.5,34.0
136,202434,2024-08-25,34,2024,104560.0,95.0,9573.269991441524,140429,995,595.0,24048.0,0.0,0.0,0.0,2248.81,108307.0,616.0,2958.07,5861.0,0.0,28,2863.0,8,18733.0,45.0,28.0
137,202435,2024-08-26,35,2024,216065.0,101.0,12164.029992410386,203935,1116,1291.0,32073.0,450.0,9.0,0.0,2157.1600000000003,104138.0,594.0,6779.59,9170.0,0.0,56,3499.0,8,18733.0,80.0,56.0
138,202435,2024-08-27,35,2024,240116.0,98.0,12331.769994830096,199262,1081,1334.0,32676.0,225.0,56.0,15000.0,2177.14,100687.0,589.0,7804.83,9582.0,0.0,132,3896.0,8,18733.0,60.0,60.0
139,202435,2024-08-28,35,2024,219083.0,86.0,11449.199986875432,188077,974,1342.0,32363.0,200.0,0.0,0.0,2174.4,99532.0,519.0,6437.38,8854.0,0.0,64,3856.0,8,18733.0,111.0,64.0
140,202435,2024-08-29,35,2024,225766.0,101.0,11227.309984893996,180066,953,1176.0,32099.0,118.17,0.0,0.0,2399.0899999999997,104163.0,653.0,6817.25,7979.0,0.0,90,4770.0,8,18733.0,54.0,90.0
141,202435,2024-08-30,35,2024,169514.0,78.0,10960.379985525597,174089,966,992.0,29134.0,0.0,0.0,0.0,2294.7899999999995,100992.0,1224.0,5048.16,7529.0,0.0,44,3777.0,8,18733.0,58.0,44.0
142,202435,2024-08-31,35,2024,102010.0,50.0,9153.829994767237,134838,875,534.0,21681.0,0.0,0.0,0.0,2193.73,95524.0,1061.0,2744.73,5307.0,0.0,26,2306.0,8,18733.0,32.5,26.0
143,202435,2024-09-01,35,2024,111147.0,65.0,6844.459992280018,108609,668,521.0,23319.0,0.0,0.0,0.0,2398.6599999999994,99050.0,1021.0,2282.35,5135.0,0.0,21,3418.0,9,20353.0,32.0,21.0
144,202436,2024-09-02,36,2024,190069.0,67.0,8270.829990988113,130251,743,672.0,26239.0,0.0,0.0,0.0,2369.5,115080.0,1575.0,3686.68,6311.0,0.0,38,4652.0,9,20353.0,50.5,38.0
145,202436,2024-09-03,36,2024,266269.0,533.0,10743.389992444778,180370,939,1282.0,37418.0,0.0,5834.0,0.0,2312.18,113389.0,1521.0,6481.42,8755.0,0.0,80,4374.0,9,20353.0,59.5,80.0
146,202436,2024-09-04,36,2024,237930.0,322.0,11633.139992249557,205788,1009,1384.0,36848.0,113.34,78.0,0.0,2341.31,90328.0,848.0,6870.21,8726.0,0.0,81,4333.0,9,20353.0,150.0,81.0
147,202436,2024-09-05,36,2024,222065.0,173.0,11213.089992379884,187359,986,1304.0,34720.0,150.0,0.0,42637.0,2221.35,80552.0,573.0,6857.24,8616.0,0.0,220,7553.0,9,20353.0,142.5,142.5
148,202436,2024-09-06,36,2024,174767.0,117.0,10659.569991193706,163635,869,1079.0,32810.0,120.59,0.0,0.0,2323.84,83403.0,569.0,5259.8,7290.0,0.0,204,4848.0,9,20353.0,125.5,125.5
149,202436,2024-09-07,36,2024,90601.0,89.0,8145.839988866704,126195,755,551.0,24169.0,0.0,0.0,0.0,2077.7,74716.0,582.0,3394.74,4781.0,0.0,31,2942.0,9,20353.0,115.0,31.0
150,202436,2024-09-08,36,2024,116801.0,99.0,7022.099988244469,117924,704,593.0,26890.0,0.0,199.0,0.0,2396.6000000000004,88363.0,599.0,2911.5,5271.0,0.0,26,3142.0,9,20353.0,41.5,26.0
151,202437,2024-09-09,37,2024,209113.0,219.0,10236.589991862367,175281,875,1199.0,37129.0,1141.89,0.0,0.0,2421.1899999999996,81477.0,731.0,6406.25,8820.0,0.0,52,3379.0,9,20353.0,51.0,52.0
152,202437,2024-09-10,37,2024,228908.0,168.0,11559.679992152462,184638,993,1302.0,38520.0,948.09,877.0,8501.0,2475.9600000000005,86917.0,726.0,8123.3,9543.0,0.0,76,5568.0,9,20353.0,59.0,76.0
153,202437,2024-09-11,37,2024,186321.0,112.0,12380.489992999186,180563,1077,2164.0,39587.0,50.0,0.0,0.0,2472.0800000000004,92435.0,518.0,9408.73,10295.0,0.0,66,7118.0,9,20353.0,102.0,66.0
154,202437,2024-09-12,37,2024,219241.0,110.0,11395.129990920866,162453,938,1150.0,38034.0,226.1,342.0,0.0,2500.6099999999997,83270.0,544.0,9598.38,9824.0,0.0,128,7276.0,9,20353.0,63.5,128.0
155,202437,2024-09-13,37,2024,188676.0,126.0,9732.48998734062,154092,853,970.0,34223.0,168.01,0.0,0.0,2362.0699999999997,73553.0,540.0,8442.14,9670.0,0.0,61,4491.0,9,20353.0,84.0,61.0
156,202437,2024-09-14,37,2024,92030.0,113.0,9015.769986034296,121574,838,579.0,26332.0,0.0,0.0,0.0,2268.13,68905.0,528.0,4185.36,6958.0,0.0,40,3776.0,9,20353.0,42.5,40.0
157,202437,2024-09-15,37,2024,101967.0,85.0,8265.419990348235,114904,814,572.0,29191.0,0.0,56.0,0.0,2504.3199999999997,80872.0,567.0,2996.74,6071.0,0.0,24,2823.0,9,20353.0,43.0,24.0
158,202438,2024-09-16,38,2024,215625.0,64.0,10200.149987031093,169800,868,1190.0,39300.0,348.26,0.0,0.0,2486.2,89425.0,549.0,8691.63,10112.0,0.0,46,6161.0,9,20353.0,53.0,46.0
159,202438,2024-09-17,38,2024,222497.0,718.0,11283.149990716614,176844,941,1167.0,38447.0,754.79,14264.0,0.0,2399.37,82152.0,636.0,8919.27,9999.0,0.0,82,4809.0,9,20353.0,61.0,82.0
160,202438,2024-09-18,38,2024,215229.0,2116.0,12350.449991293248,189861,1002,1240.0,38067.0,50.0,373.0,0.0,2389.65,85872.0,486.0,8786.89,10885.0,0.0,76,4572.0,9,20353.0,69.5,76.0
161,202438,2024-09-19,38,2024,204853.0,1342.0,10722.559989268815,166160,883,1259.0,38428.0,221.59,0.0,5750.0,2199.2200000000003,77090.0,488.0,8364.72,9512.0,0.0,57,3937.0,9,20353.0,62.5,57.0
162,202438,2024-09-20,38,2024,157540.0,622.0,8495.81998917723,115423,660,1031.0,36377.0,300.0,7484.0,30000.0,2193.73,67341.0,528.0,7164.18,9098.0,0.0,49,5287.0,9,20353.0,48.0,49.0
163,202438,2024-09-21,38,2024,80271.0,179.0,7788.679993452285,94672,700,496.0,31242.0,0.0,0.0,0.0,2017.5200000000004,62015.0,439.0,3900.06,6639.0,0.0,39,2107.0,9,20353.0,38.0,39.0
164,202438,2024-09-22,38,2024,91947.0,207.0,8433.829992937717,105772,782,564.0,29471.0,136.14,0.0,0.0,2263.5899999999997,70568.0,525.0,3319.9,5611.0,0.0,27,3179.0,9,20353.0,52.5,27.0
165,202439,2024-09-23,39,2024,214384.0,273.0,10172.069980990336,138371,832,1271.0,42921.0,341.71999999999997,0.0,0.0,2330.19,81368.0,475.0,8519.73,10220.0,0.0,66,4690.0,9,20353.0,49.5,66.0
166,202439,2024-09-24,39,2024,216734.0,303.0,11146.429991970344,142174,876,1359.0,42860.0,317.85,8078.0,0.0,2223.3999999999996,60449.0,397.0,10038.93,10039.0,0.0,72,4214.0,9,20353.0,65.0,72.0
167,202439,2024-09-25,39,2024,214421.0,224.0,11050.699991798156,142099,877,1262.0,38630.0,125.0,0.0,0.0,2158.45,58370.0,331.0,8246.25,9520.0,0.0,64,3857.0,9,20353.0,72.5,64.0
168,202439,2024-09-26,39,2024,206164.0,226.0,10053.9299910253,127635,781,1134.0,37538.0,422.99,2371.0,0.0,2134.8700000000003,60056.0,358.0,7955.06,9121.0,0.0,73,4013.0,9,20353.0,58.5,73.0
169,202439,2024-09-27,39,2024,181198.0,203.0,9926.639994703495,128473,770,939.0,35625.0,201.16,0.0,0.0,2019.03,54954.0,328.0,7171.2,7551.0,0.0,53,3459.0,9,20353.0,50.5,53.0
170,202439,2024-09-28,39,2024,91274.0,248.0,8229.999987910225,109109,718,505.0,28029.0,0.0,0.0,0.0,1670.53,41250.0,248.0,4777.37,5391.0,0.0,28,1869.0,9,20353.0,43.5,28.0
171,202439,2024-09-29,39,2024,117638.0,271.0,9311.59999115588,118109,844,603.0,29187.0,0.0,0.0,0.0,1950.98,40494.0,279.0,6404.68,6210.0,0.0,34,3261.0,9,20353.0,38.0,34.0
172,202440,2024-09-30,40,2024,250534.0,10718.0,11954.199994712775,166632,929,1320.0,39292.0,0.0,0.0,0.0,1909.81,46348.0,224.0,9401.93,9305.0,0.0,48,3936.0,9,20353.0,45.5,48.0
173,202440,2024-10-01,40,2024,262330.0,1070.0,13566.65998621491,210379,1146,1271.0,39401.0,50.0,7066.0,42638.0,1840.52,53661.0,293.0,3656.9,4483.0,0.0,57,5726.0,10,18677.0,57.5,57.0
174,202440,2024-10-02,40,2024,217928.0,538.0,14623.719994708774,218911,1227,1183.0,40420.0,550.0,733.0,3000.0,1814.7799999999995,54133.0,329.0,8248.78,7865.0,0.0,67,3577.0,10,18677.0,66.0,67.0
175,202440,2024-10-03,40,2024,186683.0,401.0,14656.489988149608,194068,1160,1149.0,37329.0,353.02,5460.0,10333.0,1771.08,53038.0,295.0,8246.02,7178.0,0.0,75,3737.0,10,18677.0,58.0,75.0
176,202440,2024-10-04,40,2024,175158.0,226.0,14658.11998779542,179559,1094,940.0,36193.0,438.44,0.0,0.0,1746.7400000000002,50544.0,337.0,6271.52,6451.0,0.0,49,1868.0,10,18677.0,47.5,49.0
177,202440,2024-10-05,40,2024,87183.0,237.0,13000.189989106331,152211,1044,480.0,25872.0,0.0,0.0,0.0,1633.8099999999995,46489.0,279.0,2710.0,4529.0,0.0,20,2029.0,10,18677.0,39.0,20.0
178,202440,2024-10-06,40,2024,113181.0,232.0,11162.219990371645,143714,994,540.0,29403.0,68.22,0.0,0.0,1935.05,52736.0,306.0,3263.17,5682.0,0.0,29,2267.0,10,18677.0,36.0,29.0
179,202441,2024-10-07,41,2024,242391.0,287.0,14586.5199788156,198788,1121,1262.0,37870.0,0.0,0.0,0.0,1801.88,60099.0,254.0,7713.02,8243.0,0.0,52,4491.0,10,18677.0,34.0,52.0
180,202441,2024-10-08,41,2024,236612.0,253.0,14509.679979979206,199314,1138,1312.0,39196.0,500.0,14090.0,0.0,1750.12,48267.0,243.0,6724.63,8472.0,0.0,39,4255.0,10,18677.0,63.0,39.0
181,202441,2024-10-09,41,2024,224124.0,204.0,13807.429987312926,183029,1059,1176.0,38194.0,49.14,708.0,0.0,1656.77,46939.0,279.0,6492.83,8252.0,36289.0,74,5723.0,10,18677.0,46.0,74.0
182,202441,2024-10-10,41,2024,197979.0,183.0,12672.849992609645,190614,1089,1108.0,37752.0,0.0,6438.0,10333.0,1675.25,47911.0,247.0,6564.23,8521.0,0.0,53,4452.0,10,18677.0,57.0,53.0
183,202441,2024-10-11,41,2024,183814.0,209.0,12420.619991389656,181544,1040,906.0,35447.0,98.13,0.0,7950.0,1699.4300000000003,45533.0,276.0,5034.68,8459.0,0.0,40,3618.0,10,18677.0,42.5,40.0
184,202441,2024-10-12,41,2024,93140.0,199.0,11931.50998890665,150450,1067,533.0,28121.0,0.0,0.0,0.0,1597.3700000000003,40159.0,235.0,2985.74,7270.0,0.0,32,2942.0,10,18677.0,38.0,32.0
185,202441,2024-10-13,41,2024,106623.0,464.0,11098.6699690226,139586,1018,537.0,32953.0,0.0,0.0,0.0,1828.23,47472.0,267.0,2678.24,7955.0,0.0,36,2067.0,10,18677.0,44.0,36.0
186,202442,2024-10-14,42,2024,218483.0,129.0,11470.159995559445,188529,995,1142.0,43218.0,799.09,0.0,0.0,1783.9,53071.0,299.0,6570.45,12167.0,0.0,56,3458.0,10,18677.0,188.0,56.0
187,202442,2024-10-15,42,2024,238767.0,95.0,12605.509990420493,178616,1038,1284.0,43448.0,300.0,0.0,34666.0,1727.34,51080.0,249.0,6233.39,12400.0,0.0,340,3896.0,10,18677.0,79.0,79.0
188,202442,2024-10-16,42,2024,239041.0,157.0,11408.009993085972,161894,1016,1217.0,42405.0,75.99,44.0,0.0,775.4500000000002,19881.0,99.0,6357.24,13315.0,0.0,102,4016.0,10,18677.0,211.0,102.0
189,202442,2024-10-17,42,2024,205809.0,177.0,7689.44999429844,127866,752,1108.0,41151.0,150.95,1435.0,10333.0,0.0,0.0,0.0,5443.12,12781.0,0.0,82,3459.0,10,18677.0,75.5,82.0
190,202442,2024-10-18,42,2024,196028.0,134.0,7320.969995097917,113449,707,944.0,38549.0,50.0,0.0,0.0,0.0,0.0,0.0,4023.95,9395.0,0.0,49,4611.0,10,18677.0,52.5,49.0
191,202442,2024-10-19,42,2024,84800.0,78.0,6860.969988145108,99692,732,462.0,30867.0,0.0,0.0,0.0,0.0,0.0,0.0,1997.92,7252.0,0.0,23,2504.0,10,18677.0,40.0,23.0
192,202442,2024-10-20,42,2024,109997.0,139.0,6425.369990055343,102187,709,469.0,34670.0,0.0,0.0,1.0,0.0,0.0,0.0,1312.47,5172.0,0.0,31,3457.0,10,18677.0,34.5,31.0
193,202443,2024-10-21,43,2024,253025.0,125.0,7810.949993362535,139106,801,1162.0,46354.0,236.14,341.0,0.0,0.0,0.0,0.0,3923.65,7165.0,0.0,46,5726.0,10,18677.0,66.5,46.0
194,202443,2024-10-22,43,2024,243178.0,158.0,8292.039990646957,127689,825,1362.0,47957.0,125.0,17093.0,10000.0,0.0,0.0,0.0,4028.65,7165.0,0.0,102,4372.0,10,18677.0,53.0,102.0
195,202443,2024-10-23,43,2024,213993.0,121.0,7678.669999999996,121551,1121,1205.0,46873.0,571.64,6.0,0.0,0.0,0.0,0.0,3545.29,6372.0,0.0,60,4014.0,10,18677.0,84.5,60.0
196,202443,2024-10-24,43,2024,245994.0,225.0,7576.269999999999,114900,872,1182.0,43814.0,555.0,5879.0,14333.0,0.0,0.0,0.0,3763.71,5525.0,0.0,67,3974.0,10,18677.0,58.0,67.0
197,202443,2024-10-25,43,2024,169431.0,97.0,6801.780000000001,110807,812,1003.0,41452.0,425.93,0.0,0.0,0.0,0.0,0.0,2422.04,3791.0,0.0,56,2464.0,10,18677.0,44.5,56.0
198,202443,2024-10-26,43,2024,86823.0,129.0,5502.869999999999,78313,639,486.0,30910.0,0.0,0.0,0.0,0.0,0.0,0.0,808.61,2116.0,0.0,22,3418.0,10,18677.0,37.5,22.0
199,202443,2024-10-27,43,2024,105989.0,94.0,5006.460000000002,78295,624,491.0,33398.0,0.0,0.0,0.0,0.0,0.0,0.0,870.16,2452.0,0.0,19,3817.0,10,18677.0,29.0,19.0
200,202444,2024-10-28,44,2024,224246.0,100.0,6746.980000000001,109784,774,1217.0,45454.0,250.93,0.0,0.0,0.0,0.0,0.0,3465.12,4726.0,21057.0,36,4450.0,10,18677.0,40.0,36.0
201,202444,2024-10-29,44,2024,235615.0,129.0,5997.4299999999985,102437,1190,1292.0,45458.0,325.0,0.0,0.0,0.0,0.0,0.0,2797.19,4761.0,0.0,61,4094.0,10,18677.0,45.0,61.0
202,202444,2024-10-30,44,2024,224765.0,143.0,6980.720000000001,111548,1063,1167.0,42315.0,0.0,8.0,3000.0,0.0,0.0,0.0,3224.57,4906.0,0.0,54,3022.0,10,18677.0,58.5,54.0
203,202444,2024-10-31,44,2024,221347.0,82.0,6659.550000000002,107185,1154,1059.0,38424.0,146.88,1379.0,10333.0,0.0,0.0,0.0,2723.78,4449.0,0.0,56,4014.0,10,18677.0,42.5,56.0
204,202444,2024-11-01,44,2024,275057.0,90.0,7108.759999999997,123194,1117,1155.0,43583.0,200.0,0.0,7950.0,0.0,0.0,0.0,2962.48,4163.0,0.0,31,4136.0,11,17371.0,36.5,31.0
205,202444,2024-11-02,44,2024,150156.0,182.0,6765.2800000000025,101059,939,722.0,36031.0,0.0,0.0,0.0,0.0,0.0,0.0,1720.9,2990.0,0.0,17,3022.0,11,17371.0,26.0,17.0
206,202444,2024-11-03,44,2024,161286.0,90.0,6593.21,99397,841,836.0,38063.0,0.0,0.0,0.0,0.0,0.0,0.0,1578.23,3497.0,0.0,21,3537.0,11,17371.0,38.5,21.0
207,202445,2024-11-04,45,2024,306717.0,417.0,10312.06999999999,162472,1355,1518.0,45946.0,2732.0299999999997,0.0,0.0,2178.9100000000003,55236.0,354.0,4497.22,5919.0,0.0,60,4134.0,11,17371.0,41.5,60.0
208,202445,2024-11-05,45,2024,267787.0,887.0,14206.97000000001,195792,1693,2134.0,43336.0,0.0,0.0,0.0,2234.73,60758.0,314.0,4895.85,5733.0,0.0,62,6639.0,11,17371.0,104.0,62.0
209,202445,2024-11-06,45,2024,249655.0,497.0,13301.519999999991,209995,1800,1946.0,42127.0,175.0,15167.0,0.0,2142.2,68414.0,360.0,3556.79,5267.0,0.0,148,4373.0,11,17371.0,73.0,73.0
210,202445,2024-11-07,45,2024,240147.0,479.0,11321.659999999996,165857,1588,1661.0,42159.0,125.84,31342.0,10333.0,2139.91,56887.0,323.0,4331.67,5744.0,0.0,84,3457.0,11,17371.0,106.0,84.0
211,202445,2024-11-08,45,2024,196815.0,318.0,9416.489999999998,148220,1360,1186.0,41244.0,511.67,0.0,0.0,2254.48,55777.0,379.0,3213.36,4741.0,0.0,64,3019.0,11,17371.0,57.0,64.0
212,202445,2024-11-09,45,2024,104513.0,347.0,8616.68,115373,1041,601.0,33640.0,0.0,0.0,0.0,2002.09,49862.0,341.0,1683.44,3105.0,0.0,30,2186.0,11,17371.0,48.0,30.0
213,202445,2024-11-10,45,2024,131306.0,174.0,8333.630000000003,109318,1012,693.0,35292.0,0.0,0.0,0.0,1981.89,52850.0,358.0,1884.44,3327.0,0.0,32,2265.0,11,17371.0,73.0,32.0
214,202446,2024-11-11,46,2024,252957.0,540.0,8718.930000000008,134199,1340,1278.0,44797.0,774.52,0.0,1666.0,1906.76,52748.0,301.0,3859.35,5596.0,0.0,116,4651.0,11,17371.0,37.0,116.0
215,202446,2024-11-12,46,2024,261215.0,613.0,9883.370000000004,131719,1366,1476.0,46253.0,1015.52,18091.0,0.0,1879.99,51345.0,350.0,4353.68,6757.0,0.0,42,4532.0,11,17371.0,99.0,42.0
216,202446,2024-11-13,46,2024,267467.0,369.0,8507.44,125259,1069,1525.0,42853.0,828.58,0.0,0.0,1880.89,53185.0,315.0,4227.95,6570.0,0.0,82,3975.0,11,17371.0,74.5,82.0
217,202446,2024-11-14,46,2024,244763.0,947.0,10490.63,153066,1023,1421.0,43615.0,1178.55,1201.0,0.0,1803.48,49480.0,322.0,5131.59,6734.0,0.0,107,4212.0,11,17371.0,58.0,107.0
218,202446,2024-11-15,46,2024,205564.0,799.0,10256.929999999997,148287,1163,1130.0,42355.0,50.0,0.0,0.0,1682.6200000000003,48296.0,257.0,4041.56,5591.0,0.0,34,3817.0,11,17371.0,63.5,34.0
219,202446,2024-11-16,46,2024,103523.0,127.0,7789.020000000001,103325,782,630.0,32591.0,0.0,2.0,0.0,1653.01,47440.0,289.0,2473.09,4007.0,0.0,20,2583.0,11,17371.0,31.0,20.0
220,202446,2024-11-17,46,2024,121215.0,89.0,6513.4800000000005,91730,729,667.0,34838.0,0.0,0.0,0.0,1976.85,53948.0,343.0,2611.29,4490.0,0.0,28,2463.0,11,17371.0,41.5,28.0
221,202447,2024-11-18,47,2024,272590.0,418.0,8686.659999999993,133261,1003,1412.0,43301.0,350.0,0.0,0.0,1917.76,53322.0,288.0,5539.48,8047.0,0.0,63,3657.0,11,17371.0,35.5,63.0
222,202447,2024-11-19,47,2024,256537.0,422.0,8687.31999999999,123628,1061,1373.0,42309.0,993.26,130.0,0.0,1794.9299999999996,50904.0,290.0,6265.78,8452.0,7000.0,43,4851.0,11,17371.0,59.5,43.0
223,202447,2024-11-20,47,2024,249012.0,380.0,8674.470000000001,112014,916,1378.0,43092.0,325.96,27157.0,0.0,1794.2500000000002,50199.0,282.0,5906.31,7783.0,0.0,56,3060.0,11,17371.0,97.5,56.0
224,202447,2024-11-21,47,2024,245399.0,400.0,9375.95,133410,1018,1407.0,39984.0,50.0,1106.0,0.0,1758.12,50064.0,295.0,5247.21,7588.0,0.0,152,4491.0,11,17371.0,47.0,47.0
225,202447,2024-11-22,47,2024,219239.0,135.0,10179.040000000005,137073,1046,1113.0,39616.0,25.0,390.0,0.0,1716.5800000000002,45075.0,266.0,5028.76,6336.0,0.0,38,2663.0,11,17371.0,89.0,38.0
226,202447,2024-11-23,47,2024,115129.0,57.0,7740.969999999998,93583,753,545.0,31545.0,0.0,0.0,0.0,1655.4,45804.0,300.0,2449.33,3752.0,0.0,26,1709.0,11,17371.0,30.5,26.0
227,202447,2024-11-24,47,2024,120023.0,91.0,7171.640000000001,75010,643,650.0,32816.0,0.0,0.0,0.0,1975.24,51618.0,348.0,2772.32,3733.0,0.0,23,1949.0,11,17371.0,44.0,23.0
228,202448,2024-11-25,48,2024,283887.0,77.0,9700.140000000005,121992,954,1329.0,39228.0,500.0,108.0,0.0,1930.6900000000005,51821.0,317.0,5323.92,6825.0,0.0,62,3616.0,11,17371.0,39.5,62.0
229,202448,2024-11-26,48,2024,271355.0,99.0,10186.649999999992,133554,1045,1318.0,37029.0,349.64,19.0,0.0,1781.18,49319.0,254.0,6123.64,6486.0,0.0,56,4371.0,11,17371.0,72.0,56.0
230,202448,2024-11-27,48,2024,239191.0,186.0,8461.100000000006,103244,1038,912.0,31478.0,135.6,402.0,0.0,1747.9599999999998,46364.0,276.0,4222.4,5466.0,0.0,82,3418.0,11,17371.0,37.0,82.0
231,202448,2024-11-28,48,2024,171701.0,92.0,4810.599999999998,57267,658,515.0,27752.0,0.0,4792.0,0.0,1685.9299999999998,42688.0,235.0,2221.82,3273.0,0.0,18,2583.0,11,17371.0,54.5,18.0
232,202448,2024-11-29,48,2024,183944.0,59.0,5614.550000000002,62282,662,796.0,33484.0,0.0,0.0,0.0,1673.79,41080.0,258.0,2959.47,4240.0,0.0,27,1828.0,11,17371.0,19.0,27.0
233,202448,2024-11-30,48,2024,139427.0,42.0,6132.570000000003,80518,723,622.0,31287.0,0.0,0.0,0.0,1618.0600000000002,45393.0,285.0,2102.78,3731.0,0.0,20,1392.0,11,17371.0,21.5,20.0
234,202448,2024-12-01,48,2024,135884.0,61.0,7793.009999999995,98803,838,671.0,33155.0,0.0,0.0,0.0,1925.43,50809.0,304.0,1936.64,3864.0,0.0,16,1550.0,12,16251.0,32.0,16.0
235,202449,2024-12-02,49,2024,265791.0,53.0,8612.74,119733,1004,1353.0,42532.0,298.42,0.0,0.0,1842.44,49468.0,242.0,4549.49,6314.0,0.0,44,2106.0,12,16251.0,58.5,44.0
236,202449,2024-12-03,49,2024,258444.0,52.0,10809.610000000004,156545,1283,1351.0,42777.0,1200.0,0.0,4000.0,1823.86,53459.0,296.0,4983.33,9591.0,0.0,101,3776.0,12,16251.0,58.0,101.0
237,202449,2024-12-04,49,2024,240551.0,64.0,10046.64,138047,1204,1272.0,44729.0,473.71,143.0,6000.0,1763.09,57093.0,328.0,6052.59,14233.0,0.0,72,3459.0,12,16251.0,84.0,72.0
238,202449,2024-12-05,49,2024,237679.0,61.0,12103.51,155290,1371,1283.0,43655.0,654.25,5994.0,0.0,1678.26,59033.0,332.0,6088.3,7144.0,0.0,67,2901.0,12,16251.0,59.5,67.0
239,202449,2024-12-06,49,2024,189267.0,65.0,9435.409999999994,124114,1115,963.0,40303.0,162.51,0.0,0.0,1671.0799999999997,61533.0,330.0,4701.45,5708.0,0.0,47,2862.0,12,16251.0,46.5,47.0
240,202449,2024-12-07,49,2024,91595.0,61.0,6999.009999999999,88243,662,521.0,32025.0,0.0,0.0,0.0,1574.66,56580.0,328.0,1809.14,3551.0,0.0,26,2067.0,12,16251.0,36.5,26.0
241,202449,2024-12-08,49,2024,101291.0,38.0,5954.500000000002,74677,572,541.0,33510.0,0.0,0.0,0.0,1954.38,65991.0,426.0,2382.92,3705.0,0.0,26,1948.0,12,16251.0,42.0,26.0
242,202450,2024-12-09,50,2024,256840.0,81.0,8668.939999999995,119741,838,1210.0,43549.0,534.51,0.0,0.0,1877.4,65216.0,346.0,5672.73,6677.0,0.0,58,6442.0,12,16251.0,73.5,58.0
243,202450,2024-12-10,50,2024,255289.0,41.0,9673.249999999993,136794,923,1289.0,42222.0,686.54,16413.0,0.0,1775.47,57256.0,331.0,4778.55,6562.0,0.0,121,4372.0,12,16251.0,66.5,121.0
244,202450,2024-12-11,50,2024,228782.0,53.0,10694.070000000009,133429,934,1214.0,42429.0,150.0,548.0,0.0,1712.19,52139.0,303.0,4145.61,6315.0,0.0,75,3418.0,12,16251.0,97.5,75.0
245,202450,2024-12-12,50,2024,218318.0,34.0,11284.569999999998,131697,885,1111.0,39550.0,402.43,117.0,1666.0,1819.58,55175.0,307.0,4705.94,6350.0,0.0,74,2544.0,12,16251.0,58.5,74.0
246,202450,2024-12-13,50,2024,191174.0,47.0,10750.56,113944,830,971.0,42898.0,296.57,0.0,0.0,1773.63,56055.0,329.0,3404.48,5034.0,0.0,42,4054.0,12,16251.0,46.0,42.0
247,202450,2024-12-14,50,2024,94335.0,61.0,8393.099999999997,89187,671,430.0,36574.0,0.0,0.0,0.0,1762.2,58492.0,336.0,1827.24,3516.0,0.0,18,2305.0,12,16251.0,38.0,18.0
248,202450,2024-12-15,50,2024,117671.0,51.0,8133.400000000003,83759,688,503.0,37495.0,0.0,0.0,0.0,2044.04,62587.0,368.0,1955.41,3804.0,0.0,34,2147.0,12,16251.0,52.0,34.0
249,202451,2024-12-16,51,2024,220000.0,70.0,11461.410000000002,146126,932,1192.0,45587.0,823.72,0.0,0.0,1990.49,60624.0,360.0,4737.0,7127.0,0.0,86,2584.0,12,16251.0,42.0,86.0
250,202451,2024-12-17,51,2024,235023.0,64.0,12613.200000000008,150252,1019,1247.0,46568.0,1429.22,0.0,0.0,1821.4,61596.0,328.0,4778.44,6842.0,0.0,50,3299.0,12,16251.0,73.5,50.0
251,202451,2024-12-18,51,2024,208860.0,90.0,13233.19999999999,151602,1059,1061.0,45393.0,1835.05,0.0,0.0,1836.45,55353.0,321.0,4327.95,6549.0,0.0,61,3340.0,12,16251.0,84.5,61.0
252,202451,2024-12-19,51,2024,215583.0,57.0,12819.259999999998,144303,1008,1008.0,43621.0,93.42,112.0,0.0,1810.52,59114.0,414.0,4157.64,6142.0,0.0,119,3260.0,12,16251.0,53.0,119.0
253,202451,2024-12-20,51,2024,177858.0,25.0,11921.579999999998,143426,962,841.0,42041.0,343.61,0.0,0.0,1292.15,35243.0,398.0,3813.21,5281.0,0.0,45,2943.0,12,16251.0,71.5,45.0
254,202451,2024-12-21,51,2024,91993.0,38.0,6104.229999999997,67137,581,408.0,38870.0,0.0,0.0,0.0,594.44,18046.0,350.0,1834.42,3167.0,0.0,24,2505.0,12,16251.0,34.0,24.0
255,202451,2024-12-22,51,2024,111712.0,27.0,5770.589999999997,62246,552,483.0,43801.0,121.87,0.0,0.0,545.4,18789.0,188.0,1531.54,3129.0,0.0,23,2306.0,12,16251.0,19.5,23.0
256,202452,2024-12-23,52,2024,170271.0,31.0,6527.360000000001,76015,607,757.0,48458.0,43.76,0.0,0.0,543.14,19577.0,154.0,3118.94,4611.0,0.0,15,2901.0,12,16251.0,25.0,15.0
257,202452,2024-12-24,52,2024,123751.0,75.0,5450.559999999999,60483,541,407.0,41622.0,0.0,0.0,0.0,489.34,18060.0,178.0,1353.94,3035.0,0.0,27,2226.0,12,16251.0,11.0,27.0
258,202452,2024-12-25,52,2024,95378.0,122.0,4767.629999999999,46947,490,340.0,34205.0,0.0,9.0,0.0,523.16,22225.0,186.0,1048.85,2678.0,0.0,7,2424.0,12,16251.0,28.0,7.0
259,202452,2024-12-26,52,2024,140888.0,85.0,6328.270000000001,70068,600,651.0,43770.0,0.0,3248.0,0.0,514.04,24198.0,169.0,2633.45,4039.0,0.0,29,2821.0,12,16251.0,11.5,29.0
260,202452,2024-12-27,52,2024,128050.0,43.0,7032.499999999998,82343,645,649.0,44993.0,0.0,0.0,0.0,500.4500000000001,21996.0,158.0,2390.68,4055.0,0.0,16,1907.0,12,16251.0,19.0,16.0
261,202452,2024-12-28,52,2024,94258.0,27.0,6257.240000000002,71125,610,494.0,40654.0,75.0,0.0,0.0,458.85,20784.0,130.0,1574.53,3974.0,0.0,9,2067.0,12,16251.0,17.5,9.0
262,202452,2024-12-29,52,2024,114650.0,80.0,6273.829999999998,70430,582,552.0,42260.0,0.0,0.0,0.0,528.36,22159.0,159.0,2018.37,4310.0,0.0,19,2901.0,12,16251.0,19.0,19.0
263,202501,2024-12-30,1,2025,160365.0,58.0,7474.669999999998,92441,702,822.0,43485.0,0.0,0.0,0.0,554.78,24482.0,143.0,3316.87,5864.0,0.0,29,1908.0,12,0,21.5,29.0
264,202501,2024-12-31,1,2025,130271.0,45.0,8094.040000000001,97873,769,623.0,38358.0,0.0,0.0,0.0,517.1999999999999,25004.0,166.0,2359.62,4434.0,0.0,24,1947.0,12,0,22.0,24.0
265,202501,2025-01-01,1,2025,128699.0,63.0,8433.119999999999,109798,910,600.0,39327.0,0.0,0.0,0.0,480.96,26884.0,196.0,2206.82,4320.0,0.0,15,2179.0,1,20632.0,37.5,15.0
266,202501,2025-01-02,1,2025,234845.0,51.0,8697.030000000002,131661,839,1063.0,49157.0,50.0,3369.0,0.0,484.26,23718.0,161.0,4016.17,6413.0,0.0,51,5022.0,1,20632.0,25.0,51.0
267,202501,2025-01-03,1,2025,196884.0,57.0,8139.760000000002,134473,827,913.0,52313.0,0.0,0.0,0.0,446.72,22294.0,136.0,3114.59,5913.0,0.0,35,4135.0,1,20632.0,33.5,35.0
268,202501,2025-01-04,1,2025,122626.0,53.0,5477.21,82274,602,607.0,44597.0,0.0,0.0,0.0,455.09,24087.0,171.0,2055.38,4278.0,0.0,16,2362.0,1,20632.0,25.0,16.0
269,202501,2025-01-05,1,2025,138946.0,43.0,4310.150000000001,74329,487,595.0,41600.0,43.47,0.0,0.0,500.22,25589.0,184.0,2098.04,4762.0,0.0,15,4616.0,1,20632.0,80.0,15.0
270,202502,2025-01-06,2,2025,281370.0,414.0,9622.250000000004,140898,923,1289.0,52721.0,203.39999999999998,0.0,0.0,2163.99,73341.0,440.0,5006.08,8195.0,0.0,144,3434.0,1,20632.0,36.0,36.0
271,202502,2025-01-07,2,2025,299451.0,559.0,14509.640000000005,191700,1216,1323.0,52588.0,154.89,0.0,0.0,2098.8199999999997,69621.0,396.0,5550.12,7963.0,0.0,57,4504.0,1,20632.0,120.0,57.0
272,202502,2025-01-08,2,2025,292600.0,378.0,14613.670000000004,180670,1210,1237.0,47846.0,447.63,28646.0,0.0,2026.52,73112.0,354.0,5612.46,7698.0,0.0,96,4838.0,1,20632.0,68.0,96.0
273,202502,2025-01-09,2,2025,267058.0,476.0,14647.609999999995,174053,1266,1237.0,52304.0,4175.0,3088.0,0.0,1993.48,79743.0,344.0,4240.51,6439.0,0.0,79,4760.0,1,20632.0,71.0,79.0
274,202502,2025-01-10,2,2025,232168.0,61.0,14620.630000000005,191403,1272,1055.0,54100.0,633.16,0.0,0.0,2035.9600000000005,84405.0,405.0,4867.86,5780.0,0.0,46,4503.0,1,20632.0,53.0,46.0
275,202502,2025-01-11,2,2025,135803.0,40.0,14778.309999999998,183114,1331,591.0,42473.0,0.0,0.0,0.0,2078.7100000000005,102517.0,499.0,2399.47,4304.0,0.0,27,1957.0,1,20632.0,37.0,27.0
276,202502,2025-01-12,2,2025,148269.0,47.0,13592.85,169896,1276,603.0,44638.0,0.0,0.0,0.0,1954.56,96899.0,398.0,2309.33,4394.0,0.0,28,1846.0,1,20632.0,79.0,28.0
277,202503,2025-01-13,3,2025,286530.0,72.0,14507.200000000012,197008,1229,1307.0,55095.0,1567.0,0.0,0.0,1827.17,91246.0,388.0,4378.33,6600.0,0.0,131,4724.0,1,20632.0,27.0,27.0
278,202503,2025-01-14,3,2025,284038.0,36.0,14565.020000000011,164098,1214,1373.0,56015.0,520.24,13515.0,0.0,1737.2,92819.0,401.0,4338.77,7764.0,0.0,26,5133.0,1,20632.0,99.5,26.0
279,202503,2025-01-15,3,2025,280255.0,43.0,14597.129999999996,173067,1198,1312.0,47394.0,1618.61,0.0,0.0,1665.9899999999998,80485.0,371.0,3803.34,7919.0,0.0,68,4910.0,1,20632.0,62.0,68.0
280,202503,2025-01-16,3,2025,312341.0,47.0,14595.739999999998,175145,1187,1381.0,44633.0,250.0,2878.0,0.0,1621.2700000000002,71135.0,374.0,4275.71,7917.0,0.0,98,4541.0,1,20632.0,56.5,98.0
281,202503,2025-01-17,3,2025,236544.0,23.0,14744.170000000013,188053,1238,1004.0,47493.0,75.0,0.0,0.0,1601.7299999999998,76021.0,434.0,3694.5,8200.0,0.0,45,4024.0,1,20632.0,63.0,45.0
282,202503,2025-01-18,3,2025,122971.0,46.0,14681.630000000005,161393,1188,542.0,38073.0,0.0,0.0,0.0,1591.47,82611.0,411.0,1824.53,5606.0,0.0,28,3177.0,1,20632.0,36.5,28.0
283,202503,2025-01-19,3,2025,129452.0,60.0,14756.020000000011,163463,1223,619.0,39437.0,0.0,0.0,0.0,1713.6899999999998,90615.0,426.0,1885.02,8347.0,0.0,28,2214.0,1,20632.0,33.0,28.0
284,202504,2025-01-20,4,2025,242552.0,45.0,14495.080000000004,175531,1223,886.0,42579.0,0.0,992.0,0.0,1702.45,98087.0,413.0,3616.58,10207.0,0.0,38,2915.0,1,20632.0,35.0,38.0
285,202504,2025-01-21,4,2025,295847.0,34.0,14513.510000000007,172197,1199,1333.0,51273.0,437.47,85895.0,0.0,1673.9799999999998,100330.0,398.0,4894.96,11328.0,0.0,42,5500.0,1,20632.0,57.0,42.0
286,202504,2025-01-22,4,2025,283675.0,27.0,14763.61,188575,1285,1300.0,52496.0,375.0,296.0,0.0,1725.0599999999995,99851.0,461.0,8036.33,19165.0,0.0,76,4431.0,1,20632.0,57.5,76.0
287,202504,2025-01-23,4,2025,264372.0,43.0,14589.759999999991,174017,1264,1329.0,54795.0,524.23,2623.0,0.0,1640.36,85211.0,392.0,5311.6,12983.0,0.0,73,4836.0,1,20632.0,78.5,73.0
288,202504,2025-01-24,4,2025,226158.0,22.0,14851.399999999989,189034,1306,1052.0,47447.0,200.0,0.0,0.0,1619.57,59563.0,321.0,3250.36,6771.0,0.0,81,4062.0,1,20632.0,57.0,81.0
289,202504,2025-01-25,4,2025,104851.0,23.0,14620.729999999994,186212,1259,519.0,35195.0,0.0,0.0,0.0,1588.25,60190.0,302.0,1687.43,4614.0,0.0,41,1882.0,1,20632.0,59.5,41.0
290,202504,2025-01-26,4,2025,132734.0,49.0,14840.200000000004,177904,1365,587.0,36195.0,0.0,0.0,0.0,1743.38,64558.0,306.0,1784.26,4906.0,0.0,38,2288.0,1,20632.0,94.0,38.0
291,202505,2025-01-27,5,2025,265372.0,92.0,14717.150000000003,207944,1341,1322.0,44820.0,425.0,24706.0,0.0,1711.0499999999995,70299.0,343.0,4937.24,8610.0,0.0,147,3988.0,1,20632.0,45.5,45.5
292,202505,2025-01-28,5,2025,260015.0,26.0,14673.570000000014,177239,1294,1328.0,45186.0,497.88,0.0,0.0,1613.74,63871.0,312.0,6110.82,9456.0,0.0,53,3915.0,1,20632.0,102.5,53.0
293,202505,2025-01-29,5,2025,249702.0,40.0,14714.86999999999,181591,1289,1212.0,50235.0,517.9,0.0,0.0,1626.1999999999998,57875.0,312.0,5973.83,8928.0,0.0,58,4909.0,1,20632.0,86.0,58.0
294,202505,2025-01-30,5,2025,240452.0,51.0,14635.25,162353,1245,1272.0,64034.0,100.0,2286.0,0.0,1619.08,60589.0,295.0,5135.46,8444.0,0.0,119,3285.0,1,20632.0,57.5,119.0
295,202505,2025-01-31,5,2025,208140.0,31.0,14636.669999999993,188077,1346,1041.0,58415.0,350.0,66.0,0.0,1744.65,65055.0,311.0,3528.15,6529.0,0.0,57,3583.0,1,20632.0,77.0,57.0
296,202505,2025-02-01,5,2025,118138.0,11.0,14637.98,178022,1338,604.0,45517.0,199.4,0.0,0.0,1750.8,70603.0,354.0,1679.25,4249.0,0.0,35,2586.0,2,18810.0,48.5,35.0
297,202505,2025-02-02,5,2025,117250.0,64.0,14744.89,160003,1294,614.0,47145.0,0.0,0.0,18600.0,1875.99,79329.0,345.0,2236.03,4717.0,0.0,40,2401.0,2,18810.0,52.5,40.0
298,202506,2025-02-03,6,2025,254928.0,36.0,14518.36,186969,1273,1236.0,56538.0,350.0,1164.0,0.0,1822.89,90495.0,369.0,4397.18,7095.0,32676.0,70,4579.0,2,18810.0,59.5,70.0
299,202506,2025-02-04,6,2025,259275.0,37.0,14522.430000000004,192742,1390,1350.0,49966.0,1052.47,189.0,17381.0,1767.0500000000002,77220.0,347.0,5794.73,7354.0,103919.0,79,4764.0,2,18810.0,79.5,79.0
300,202506,2025-02-05,6,2025,252197.0,31.0,14577.46999999999,205080,1384,1282.0,44906.0,3200.0,0.0,7063.0,1813.79,82602.0,346.0,5868.39,7886.0,0.0,89,2917.0,2,18810.0,93.0,89.0
301,202506,2025-02-06,6,2025,263638.0,29.0,14563.099999999991,188866,1269,1247.0,48343.0,50.0,2027.0,0.0,1730.11,71908.0,330.0,4857.37,7741.0,0.0,107,5391.0,2,18810.0,74.5,107.0
302,202506,2025-02-07,6,2025,218469.0,37.0,14767.989999999996,216211,1432,1112.0,46296.0,1600.0,0.0,0.0,1759.9399999999996,77217.0,307.0,3406.26,6591.0,0.0,60,3840.0,2,18810.0,64.0,60.0
303,202506,2025-02-08,6,2025,108956.0,20.0,14563.359999999995,172965,1415,490.0,37846.0,0.0,0.0,0.0,1702.64,68504.0,321.0,1757.93,4498.0,0.0,21,2029.0,2,18810.0,39.5,21.0
304,202506,2025-02-09,6,2025,117836.0,40.0,14801.589999999997,183027,1465,515.0,40056.0,0.0,0.0,11711.0,1912.51,73849.0,357.0,1932.47,4037.0,0.0,19,2695.0,2,18810.0,26.5,19.0
305,202507,2025-02-10,7,2025,277053.0,46.0,14345.150000000009,213830,1286,1334.0,51459.0,150.0,923.0,0.0,1827.67,77458.0,302.0,4828.21,7238.0,0.0,32,4172.0,2,18810.0,25.5,32.0
306,202507,2025-02-11,7,2025,262107.0,688.0,14492.84000000001,199702,1299,1428.0,52352.0,1105.41,22723.0,0.0,1782.12,65769.0,285.0,5148.23,8097.0,0.0,32,4249.0,2,18810.0,40.5,32.0
307,202507,2025-02-12,7,2025,298868.0,367.0,14551.510000000004,198899,1365,1352.0,47884.0,0.0,135.0,0.0,1732.4200000000003,68365.0,318.0,5376.08,8050.0,0.0,49,4357.0,2,18810.0,36.0,49.0
308,202507,2025-02-13,7,2025,275759.0,227.0,14510.809999999996,196065,1424,1323.0,44208.0,170.3,62.0,0.0,1707.52,67567.0,281.0,4864.16,7873.0,0.0,40,5245.0,2,18810.0,42.5,40.0
309,202507,2025-02-14,7,2025,203954.0,132.0,14620.549999999996,191009,1451,990.0,43419.0,1800.0,0.0,9881.0,1712.34,62281.0,293.0,2783.09,5210.0,0.0,36,3579.0,2,18810.0,27.0,36.0
310,202507,2025-02-15,7,2025,100449.0,100.0,14754.749999999996,205644,1735,586.0,38659.0,181.0,0.0,200000.0,1738.65,61530.0,308.0,1512.32,3556.0,0.0,14,2325.0,2,18810.0,29.0,14.0
311,202507,2025-02-16,7,2025,161854.0,188.0,14563.69,184855,1678,627.0,39595.0,0.0,0.0,0.0,1890.59,69760.0,349.0,1568.77,3902.0,0.0,22,2583.0,2,18810.0,21.5,22.0
312,202508,2025-02-17,8,2025,253476.0,161.0,14443.099999999991,219173,1667,1086.0,50155.0,100.0,930.0,0.0,1882.54,72334.0,349.0,3868.88,6056.0,0.0,29,4543.0,2,18810.0,26.5,29.0
313,202508,2025-02-18,8,2025,298007.0,115.0,14593.020000000022,221789,1668,1382.0,51557.0,173.76999999999998,536.0,0.0,1845.26,73243.0,380.0,4415.5,7233.0,0.0,31,4135.0,2,18810.0,33.5,31.0
314,202508,2025-02-19,8,2025,329269.0,94.0,14661.9,214823,1605,1432.0,54004.0,100.0,0.0,0.0,1792.7999999999995,73743.0,350.0,4649.09,7852.0,0.0,38,3656.0,2,18810.0,37.0,38.0
315,202508,2025-02-20,8,2025,273315.0,84.0,14624.210000000005,213039,1692,1375.0,55085.0,225.0,205.0,0.0,1739.21,74593.0,342.0,4773.1,7265.0,0.0,43,4542.0,2,18810.0,33.0,43.0
316,202508,2025-02-21,8,2025,214919.0,57.0,14723.770000000004,219392,1764,1142.0,54483.0,125.0,0.0,0.0,1691.59,68771.0,322.0,2901.19,5632.0,0.0,28,3544.0,2,18810.0,26.0,28.0
317,202508,2025-02-22,8,2025,100601.0,74.0,14813.37,180391,1476,530.0,41485.0,0.0,0.0,0.0,1738.0600000000002,68801.0,364.0,1686.94,3647.0,0.0,9,2067.0,2,18810.0,21.0,9.0
318,202508,2025-02-23,8,2025,154980.0,64.0,14710.519999999997,185601,1592,628.0,42529.0,58.45,0.0,0.0,1890.66,71720.0,364.0,2166.23,4363.0,0.0,14,2363.0,2,18810.0,23.0,14.0
319,202509,2025-02-24,9,2025,265247.0,85.0,14680.81,200061,1620,1346.0,54538.0,108.0,7427.0,0.0,1816.96,76987.0,320.0,4621.57,7584.0,0.0,37,5059.0,2,18810.0,44.0,37.0
320,202509,2025-02-25,9,2025,312644.0,736.0,14675.27000000001,189060,1547,1361.0,57891.0,1042.94,0.0,0.0,1829.62,73798.0,350.0,4812.88,7921.0,0.0,74,5355.0,2,18810.0,36.0,74.0
321,202509,2025-02-26,9,2025,296192.0,261.0,14796.089999999998,191703,1538,1362.0,52495.0,250.0,0.0,0.0,1801.2600000000002,71946.0,335.0,3562.51,7699.0,0.0,35,4134.0,2,18810.0,54.5,35.0
322,202509,2025-02-27,9,2025,266983.0,186.0,14644.309999999998,186080,1530,1318.0,55568.0,300.0,7.0,0.0,1875.97,72872.0,390.0,4561.19,7730.0,0.0,35,4835.0,2,18810.0,31.0,35.0
323,202509,2025-02-28,9,2025,208583.0,195.0,14820.08,187656,1457,1094.0,51229.0,300.0,0.0,0.0,1860.83,77754.0,391.0,3353.89,6262.0,0.0,27,2400.0,2,18810.0,27.5,27.0
324,202509,2025-03-01,9,2025,102487.0,164.0,14645.019999999997,168864,1490,546.0,45655.0,0.0,0.0,0.0,1743.1699999999998,76463.0,378.0,1723.78,4029.0,0.0,20,2142.0,3,20764.0,21.0,20.0
325,202509,2025-03-02,9,2025,148046.0,227.0,14806.03,168917,1601,621.0,47631.0,0.0,0.0,0.0,1983.56,84741.0,417.0,1988.19,4781.0,0.0,15,2620.0,3,20764.0,113.5,15.0
326,202510,2025-03-03,10,2025,282079.0,164.0,14575.180000000004,210770,1633,1427.0,51436.0,200.0,0.0,1.0,1849.63,85613.0,381.0,5279.47,8293.0,0.0,207,3915.0,3,20764.0,24.5,24.5
327,202510,2025-03-04,10,2025,342201.0,170.0,14561.4,229001,1505,1319.0,59282.0,250.0,0.0,0.0,1796.73,78992.0,336.0,5070.42,8299.0,0.0,34,3766.0,3,20764.0,125.5,34.0
328,202510,2025-03-05,10,2025,285150.0,114.0,14625.039999999995,217887,1516,1283.0,55943.0,229.95,172.0,0.0,1788.39,80497.0,344.0,5122.65,8193.0,0.0,44,5649.0,3,20764.0,34.5,44.0
329,202510,2025-03-06,10,2025,259563.0,73.0,14419.010000000002,232597,1474,1306.0,57383.0,50.0,0.0,0.0,1791.5700000000002,77588.0,335.0,4555.08,7635.0,0.0,35,5388.0,3,20764.0,37.5,35.0
330,202510,2025-03-07,10,2025,194657.0,85.0,14307.409999999996,215879,1792,1046.0,59117.0,0.0,0.0,0.0,1733.94,78630.0,352.0,3908.57,6242.0,0.0,31,3213.0,3,20764.0,23.5,31.0
331,202510,2025-03-08,10,2025,100090.0,64.0,13003.799999999996,191404,1459,538.0,49188.0,0.0,0.0,0.0,1796.12,84160.0,409.0,2200.39,4466.0,0.0,12,2251.0,3,20764.0,23.5,12.0
332,202510,2025-03-09,10,2025,153525.0,130.0,9425.18,130822,923,556.0,48901.0,0.0,0.0,0.0,1923.35,82912.0,387.0,2239.74,4609.0,0.0,16,1771.0,3,20764.0,54.0,16.0
333,202511,2025-03-10,11,2025,265489.0,94.0,11580.420000000002,171212,1453,1262.0,75214.0,779.0,0.0,7000.0,1849.55,91069.0,398.0,5553.14,8157.0,0.0,96,4245.0,3,20764.0,21.5,96.0
334,202511,2025-03-11,11,2025,307808.0,718.0,12161.02,181617,1563,1333.0,66249.0,600.81,17693.0,0.0,1854.59,88742.0,380.0,4962.66,7913.0,0.0,27,4725.0,3,20764.0,68.0,27.0
