Week,Account name,Customer ID,Currency code,Cost,Clicks,Impr.
2019-12-30,Impact Radius,278-804-3504,USD,5351.25,897,"14,287"
2019-12-30,SaaSquatch,440-735-6734,CAD,2394.37,501,"124,782"
2020-01-06,Impact Radius,278-804-3504,USD,9554.25,"1,603","26,982"
2020-01-06,SaaSquatch,440-735-6734,CAD,4317.91,555,"74,052"
2020-01-13,Impact Radius,278-804-3504,USD,8724.86,"1,318","20,015"
2020-01-13,SaaSquatch,440-735-6734,CAD,5132.55,606,"14,927"
2020-01-20,Impact Radius,278-804-3504,USD,7645.89,879,"11,696"
2020-01-20,SaaSquatch,440-735-6734,CAD,4383.15,555,"12,796"
2020-01-27,Impact Radius,278-804-3504,USD,2270.55,636,"7,946"
2020-01-27,SaaSquatch,440-735-6734,CAD,3757.32,519,"10,641"
2020-02-03,Impact Radius,278-804-3504,USD,4894.28,"1,038","14,494"
2020-02-03,SaaSquatch,440-735-6734,CAD,3155.85,445,"8,070"
2020-02-10,Impact Radius,278-804-3504,USD,5944.32,"1,156","16,343"
2020-02-10,SaaSquatch,440-735-6734,CAD,2857.58,406,"7,150"
2020-02-17,Impact Radius,278-804-3504,USD,3885.31,735,"11,003"
2020-02-17,SaaSquatch,440-735-6734,CAD,2657.62,380,"5,849"
2020-02-24,Impact Radius,278-804-3504,USD,3320.70,678,"9,392"
2020-02-24,SaaSquatch,440-735-6734,CAD,2759.09,404,"6,850"
2020-03-02,Impact Radius,278-804-3504,USD,4346.18,768,"11,018"
2020-03-02,SaaSquatch,440-735-6734,CAD,2381.33,367,"6,968"
2020-03-09,Impact Radius,278-804-3504,USD,4331.65,685,"9,945"
2020-03-09,SaaSquatch,440-735-6734,CAD,1991.67,315,"6,089"
2020-03-16,Impact Radius,278-804-3504,USD,4603.42,683,"9,776"
2020-03-16,SaaSquatch,440-735-6734,CAD,276.50,52,"1,171"
2020-03-23,Impact Radius,278-804-3504,USD,4821.32,831,"11,188"
2020-03-30,Impact Radius,278-804-3504,USD,6017.99,732,"11,255"
2020-04-06,Impact Radius,278-804-3504,USD,8070.00,"1,259","19,625"
2020-04-06,SaaSquatch,440-735-6734,CAD,786.42,123,"2,064"
2020-04-13,Impact Radius,278-804-3504,USD,4920.09,"1,306","16,273"
2020-04-13,SaaSquatch,440-735-6734,CAD,2585.31,362,"6,528"
2020-04-20,Impact Radius,278-804-3504,USD,4260.56,"1,284","16,119"
2020-04-20,SaaSquatch,440-735-6734,CAD,2345.23,327,"5,801"
2020-04-27,Impact Radius,278-804-3504,USD,3713.19,"1,087","13,511"
2020-04-27,SaaSquatch,440-735-6734,CAD,2555.66,378,"6,283"
2020-05-04,Impact Radius,278-804-3504,USD,6940.25,"1,542","21,946"
2020-05-04,SaaSquatch,440-735-6734,CAD,2250.72,342,"5,954"
2020-05-11,Impact Radius,278-804-3504,USD,4670.93,"1,510","21,015"
2020-05-11,SaaSquatch,440-735-6734,CAD,2252.68,331,"6,214"
2020-05-18,Impact Radius,278-804-3504,USD,3490.66,"1,184","14,025"
2020-05-18,SaaSquatch,440-735-6734,CAD,1123.50,182,"3,460"
2020-05-25,Impact Radius,278-804-3504,USD,3078.25,905,"10,628"
2020-05-25,SaaSquatch,440-735-6734,CAD,2171.49,326,"5,513"
2020-06-01,Impact Radius,278-804-3504,USD,3860.93,"1,138","15,221"
2020-06-01,SaaSquatch,440-735-6734,CAD,3011.14,433,"7,376"
2020-06-08,Impact Radius,278-804-3504,USD,3564.95,"1,159","15,306"
2020-06-08,SaaSquatch,440-735-6734,CAD,1610.90,234,"4,420"
2020-06-15,Impact Radius,278-804-3504,USD,3578.82,857,"14,001"
2020-06-15,SaaSquatch,440-735-6734,CAD,1729.17,241,"4,045"
2020-06-22,Impact Radius,278-804-3504,USD,5977.68,"1,034","17,264"
2020-06-22,SaaSquatch,440-735-6734,CAD,2629.81,395,"7,338"
2020-06-29,Impact Radius,278-804-3504,USD,4613.54,727,"11,646"
2020-06-29,SaaSquatch,440-735-6734,CAD,2148.68,359,"7,009"
2020-07-06,Impact Radius,278-804-3504,USD,6872.93,"1,017","18,320"
2020-07-06,SaaSquatch,440-735-6734,CAD,788.07,111,"2,701"
2020-07-13,Impact Radius,278-804-3504,USD,5736.38,908,"13,912"
2020-07-13,SaaSquatch,440-735-6734,CAD,239.43,37,996
2020-07-20,Impact Radius,278-804-3504,USD,3950.74,829,"12,644"
2020-07-20,SaaSquatch,440-735-6734,CAD,3970.08,587,"12,381"
2020-07-27,Impact Radius,278-804-3504,USD,1351.77,263,"3,498"
2020-07-27,SaaSquatch,440-735-6734,CAD,1099.65,165,"3,658"
2020-08-03,Impact Radius,278-804-3504,USD,3105.87,666,"11,724"
2020-08-03,SaaSquatch,440-735-6734,CAD,2926.09,430,"9,708"
2020-08-10,Impact Radius,278-804-3504,USD,2769.15,572,"9,688"
2020-08-10,SaaSquatch,440-735-6734,CAD,4169.90,629,"13,748"
2020-08-17,Impact Radius,278-804-3504,USD,3141.80,518,"8,115"
2020-08-17,SaaSquatch,440-735-6734,CAD,4056.36,574,"12,934"
2020-08-24,Impact Radius,278-804-3504,USD,2214.41,413,"3,815"
2020-08-24,SaaSquatch,440-735-6734,CAD,2670.71,364,"6,453"
2020-08-31,Impact Radius,278-804-3504,USD,508.31,236,"1,388"
2020-08-31,SaaSquatch,440-735-6734,CAD,2034.97,287,"4,910"
2020-09-07,Impact Radius,278-804-3504,USD,177.60,235,"1,260"
2020-09-07,SaaSquatch,440-735-6734,CAD,1465.89,210,"3,375"
2020-09-14,Impact Radius,278-804-3504,USD,162.10,250,"1,332"
2020-09-14,SaaSquatch,440-735-6734,CAD,1405.83,202,"3,154"
2020-09-21,Impact Radius,278-804-3504,USD,154.47,240,"1,326"
2020-09-21,SaaSquatch,440-735-6734,CAD,3622.87,457,"8,102"
2020-09-28,Impact Radius,278-804-3504,USD,167.96,247,"1,330"
2020-09-28,SaaSquatch,440-735-6734,CAD,4138.45,500,"8,614"
2020-10-05,Impact Radius,278-804-3504,USD,172.25,256,"1,324"
2020-10-05,SaaSquatch,440-735-6734,CAD,2669.47,320,"4,976"
2020-10-12,Impact Radius,278-804-3504,USD,190.48,248,"1,359"
2020-10-12,SaaSquatch,440-735-6734,CAD,2520.38,307,"5,487"
2020-10-19,Impact Radius,278-804-3504,USD,224.60,260,"1,390"
2020-10-19,SaaSquatch,440-735-6734,CAD,3277.45,390,"7,189"
2020-10-26,Impact Radius,278-804-3504,USD,232.86,323,"1,420"
2020-10-26,SaaSquatch,440-735-6734,CAD,2676.22,290,"5,038"
2020-11-02,Impact Radius,278-804-3504,USD,186.08,245,"1,370"
2020-11-02,SaaSquatch,440-735-6734,CAD,3069.47,351,"6,352"
2020-11-09,Impact Radius,278-804-3504,USD,174.62,287,"1,415"
2020-11-09,SaaSquatch,440-735-6734,CAD,2447.36,271,"4,850"
2020-11-16,Impact Radius,278-804-3504,USD,202.87,263,"1,630"
2020-11-16,SaaSquatch,440-735-6734,CAD,1101.90,135,"1,966"
2020-11-23,Impact Radius,278-804-3504,USD,5709.49,"1,561","77,169"
2020-11-23,SaaSquatch,440-735-6734,CAD,1494.01,177,"2,881"
2020-11-30,Impact Radius,278-804-3504,USD,11081.57,"3,241","143,182"
2020-11-30,SaaSquatch,440-735-6734,CAD,1668.50,208,"3,664"
2020-12-07,Impact Radius,278-804-3504,USD,11881.45,"2,951","143,496"
2020-12-07,SaaSquatch,440-735-6734,CAD,1295.26,156,"2,827"
2020-12-14,Impact Radius,278-804-3504,USD,7417.85,"1,580","74,203"
2020-12-14,SaaSquatch,440-735-6734,CAD,1553.38,199,"3,481"
2020-12-21,Impact Radius,278-804-3504,USD,11792.98,"2,528","121,886"
2020-12-21,SaaSquatch,440-735-6734,CAD,239.11,29,927
2020-12-28,Impact Radius,278-804-3504,USD,315.44,263,"13,128"
2020-12-28,SaaSquatch,440-735-6734,CAD,311.92,52,"1,617"
2021-01-04,Impact Radius,278-804-3504,USD,4903.47,"1,461","48,973"
2021-01-04,SaaSquatch,440-735-6734,CAD,3215.39,397,"8,316"
2021-01-11,Impact Radius,278-804-3504,USD,7404.98,"1,554","57,837"
2021-01-11,SaaSquatch,440-735-6734,CAD,2026.16,276,"4,944"
2021-01-18,Impact Radius,278-804-3504,USD,18330.11,"3,712","143,077"
2021-01-18,SaaSquatch,440-735-6734,CAD,1035.74,147,"3,212"
2021-01-25,Impact Radius,278-804-3504,USD,14436.49,"2,007","87,200"
2021-01-25,SaaSquatch,440-735-6734,CAD,3130.00,235,"4,169"
2021-02-01,Impact Radius,278-804-3504,USD,12978.68,"2,844","102,335"
2021-02-01,SaaSquatch,440-735-6734,CAD,2583.21,130,"2,415"
2021-02-08,Impact Radius,278-804-3504,USD,13114.57,"3,227","111,352"
2021-02-08,SaaSquatch,440-735-6734,CAD,1799.91,245,"4,095"
2021-02-15,Impact Radius,278-804-3504,USD,6581.83,"2,220","84,580"
2021-02-15,SaaSquatch,440-735-6734,CAD,1870.75,253,"4,467"
2021-02-22,Impact Radius,278-804-3504,USD,3221.02,"1,267","54,739"
2021-02-22,SaaSquatch,440-735-6734,CAD,1945.71,251,"5,771"
2021-03-01,Impact Radius,278-804-3504,USD,6814.84,"2,093","70,008"
2021-03-01,SaaSquatch,440-735-6734,CAD,856.03,298,"18,938"
2021-03-08,Impact Radius,278-804-3504,USD,7846.25,"2,464","74,032"
2021-03-08,SaaSquatch,440-735-6734,CAD,2544.29,"1,292","63,401"
2021-03-15,Impact Radius,278-804-3504,USD,9895.63,"2,894","82,355"
2021-03-15,SaaSquatch,440-735-6734,CAD,2018.00,"1,656","115,231"
2021-03-22,Impact Radius,278-804-3504,USD,595.66,317,"8,848"
2021-03-22,SaaSquatch,440-735-6734,CAD,1606.08,714,"122,858"
2021-03-29,Impact Radius,278-804-3504,USD,5395.22,"1,288","33,916"
2021-03-29,SaaSquatch,440-735-6734,CAD,231.89,41,"3,355"
2021-04-05,Impact Radius,278-804-3504,USD,10330.90,"2,711","74,577"
2021-04-05,SaaSquatch,440-735-6734,CAD,1713.22,528,"48,436"
2021-04-12,Impact Radius,278-804-3504,USD,7479.70,"2,005","51,221"
2021-04-12,SaaSquatch,440-735-6734,CAD,2833.15,470,"28,839"
2021-04-19,Impact Radius,278-804-3504,USD,4754.46,"1,922","46,781"
2021-04-19,SaaSquatch,440-735-6734,CAD,2450.77,"1,027","62,197"
2021-04-26,Impact Radius,278-804-3504,USD,7478.93,"2,717","70,192"
2021-04-26,SaaSquatch,440-735-6734,CAD,3235.23,"1,044","43,298"
2021-05-03,Impact Radius,278-804-3504,USD,9443.83,"3,031","71,555"
2021-05-03,SaaSquatch,440-735-6734,CAD,3283.21,"1,069","52,259"
2021-05-10,Impact Radius,278-804-3504,USD,9199.80,"2,958","72,459"
2021-05-10,SaaSquatch,440-735-6734,CAD,2407.58,"1,010","65,928"
2021-05-17,Impact Radius,278-804-3504,USD,7486.89,"2,477","73,945"
2021-05-17,SaaSquatch,440-735-6734,CAD,3085.62,"1,123","67,908"
2021-05-24,Impact Radius,278-804-3504,USD,5936.30,"2,066","58,265"
2021-05-24,SaaSquatch,440-735-6734,CAD,2758.00,"1,498","88,189"
2021-05-31,Impact Radius,278-804-3504,USD,4479.45,"1,673","46,400"
2021-05-31,SaaSquatch,440-735-6734,CAD,1629.20,"1,147","57,682"
2021-06-07,Impact Radius,278-804-3504,USD,4090.98,"1,609","36,738"
2021-06-07,SaaSquatch,440-735-6734,CAD,2400.90,"1,422","119,895"
2021-06-14,Impact Radius,278-804-3504,USD,5651.74,"2,092","42,502"
2021-06-14,SaaSquatch,440-735-6734,CAD,1919.40,"1,686","109,517"
2021-06-21,Impact Radius,278-804-3504,USD,6213.59,"2,703","62,424"
2021-06-21,SaaSquatch,440-735-6734,CAD,2234.21,"1,641","48,485"
2021-06-28,Impact Radius,278-804-3504,USD,5698.32,"2,583","54,937"
2021-06-28,SaaSquatch,440-735-6734,CAD,1943.25,"2,142","36,259"
2021-07-05,Impact Radius,278-804-3504,USD,4158.50,"2,667","69,931"
2021-07-05,SaaSquatch,440-735-6734,CAD,1808.37,"2,233","29,094"
2021-07-12,Impact Radius,278-804-3504,USD,11701.19,"5,476","175,655"
2021-07-12,SaaSquatch,440-735-6734,CAD,2335.51,"1,503","67,451"
2021-07-19,Impact Radius,278-804-3504,USD,9809.53,"4,318","114,578"
2021-07-19,SaaSquatch,440-735-6734,CAD,1906.05,820,"46,638"
2021-07-26,Impact Radius,278-804-3504,USD,7843.35,"3,408","58,514"
2021-07-26,SaaSquatch,440-735-6734,CAD,1907.84,948,"59,255"
2021-08-02,Impact Radius,278-804-3504,USD,6217.73,"2,787","46,007"
2021-08-02,SaaSquatch,440-735-6734,CAD,2198.57,996,"54,332"
2021-08-09,Impact Radius,278-804-3504,USD,7208.87,"3,246","52,952"
2021-08-09,SaaSquatch,440-735-6734,CAD,1926.00,"1,178","62,593"
2021-08-16,Impact Radius,278-804-3504,USD,4157.24,"2,015","33,655"
2021-08-16,SaaSquatch,440-735-6734,CAD,1570.86,945,"89,380"
2021-08-23,Impact Radius,278-804-3504,USD,4974.36,"2,097","32,944"
2021-08-23,SaaSquatch,440-735-6734,CAD,3193.83,"1,318","192,832"
2021-08-30,Impact Radius,278-804-3504,USD,6405.81,"2,694","45,602"
2021-08-30,SaaSquatch,440-735-6734,CAD,2577.58,"1,624","237,481"
2021-09-06,Impact Radius,278-804-3504,USD,14328.74,"4,981","89,938"
2021-09-06,SaaSquatch,440-735-6734,CAD,3011.66,"2,313","395,087"
2021-09-13,Impact Radius,278-804-3504,USD,24273.94,"7,578","137,484"
2021-09-13,SaaSquatch,440-735-6734,CAD,1957.94,927,"81,605"
2021-09-20,Impact Radius,278-804-3504,USD,16299.77,"5,892","105,468"
2021-09-20,SaaSquatch,440-735-6734,CAD,3053.31,"1,040","54,459"
2021-09-27,Impact Radius,278-804-3504,USD,12389.10,"4,744","85,624"
2021-09-27,SaaSquatch,440-735-6734,CAD,2164.93,"1,975","417,077"
2021-10-04,Impact Radius,278-804-3504,USD,12588.39,"5,554","91,389"
2021-10-04,SaaSquatch,440-735-6734,CAD,2659.29,"2,486","560,790"
2021-10-11,Impact Radius,278-804-3504,USD,18496.92,"7,293","123,579"
2021-10-11,impact.com Publisher Marketing,294-506-6884,USD,504.55,313,"5,172"
2021-10-11,SaaSquatch,440-735-6734,CAD,3396.83,994,"96,081"
2021-10-18,Impact Radius,278-804-3504,USD,14277.68,"6,102","109,585"
2021-10-18,impact.com Publisher Marketing,294-506-6884,USD,1214.67,"1,935","27,609"
2021-10-18,SaaSquatch,440-735-6734,CAD,3525.64,791,"44,848"
2021-10-25,Impact Radius,278-804-3504,USD,8581.95,"4,257","68,390"
2021-10-25,impact.com Publisher Marketing,294-506-6884,USD,1920.10,"3,384","35,812"
2021-10-25,SaaSquatch,440-735-6734,CAD,3331.56,772,"40,125"
2021-11-01,Impact Radius,278-804-3504,USD,8980.02,"3,717","52,507"
2021-11-01,impact.com Publisher Marketing,294-506-6884,USD,1629.41,"2,288","21,678"
2021-11-01,SaaSquatch,440-735-6734,CAD,3204.07,711,"56,860"
2021-11-08,Impact Radius,278-804-3504,USD,15042.95,"4,921","82,304"
2021-11-08,impact.com Publisher Marketing,294-506-6884,USD,1645.30,"1,498","21,589"
2021-11-08,SaaSquatch,440-735-6734,CAD,3537.38,921,"42,597"
2021-11-15,Impact Radius,278-804-3504,USD,11925.18,"3,937","71,181"
2021-11-15,impact.com Publisher Marketing,294-506-6884,USD,1656.32,"1,474","31,559"
2021-11-15,SaaSquatch,440-735-6734,CAD,3735.59,761,"56,861"
2021-11-22,Impact Radius,278-804-3504,USD,11095.43,"3,901","67,880"
2021-11-22,impact.com Publisher Marketing,294-506-6884,USD,890.28,"1,247","31,801"
2021-11-22,SaaSquatch,440-735-6734,CAD,3001.92,586,"29,974"
2021-11-29,Impact Radius,278-804-3504,USD,11943.54,"3,853","78,777"
2021-11-29,impact.com Publisher Marketing,294-506-6884,USD,1100.09,"1,526","39,303"
2021-11-29,SaaSquatch,440-735-6734,CAD,3896.10,762,"31,607"
2021-12-06,Impact Radius,278-804-3504,USD,13704.25,"4,529","95,957"
2021-12-06,impact.com Publisher Marketing,294-506-6884,USD,1429.37,"1,367","84,626"
2021-12-06,SaaSquatch,440-735-6734,CAD,3267.81,737,"36,126"
2021-12-13,Impact Radius,278-804-3504,USD,17844.70,"5,644","116,995"
2021-12-13,impact.com Publisher Marketing,294-506-6884,USD,1251.92,570,"14,177"
2021-12-13,SaaSquatch,440-735-6734,CAD,3226.91,718,"30,909"
2021-12-20,Impact Radius,278-804-3504,USD,13635.96,"4,426","110,980"
2021-12-20,impact.com Publisher Marketing,294-506-6884,USD,799.36,613,"5,936"
2021-12-20,SaaSquatch,440-735-6734,CAD,2782.97,687,"42,853"
2021-12-27,Impact Radius,278-804-3504,USD,5114.46,"1,484","31,126"
2021-12-27,impact.com Publisher Marketing,294-506-6884,USD,801.02,724,"5,988"
2021-12-27,SaaSquatch,440-735-6734,CAD,2622.91,832,"42,694"
2022-01-03,Impact Radius,278-804-3504,USD,21913.48,"7,458","148,955"
2022-01-03,impact.com Publisher Marketing,294-506-6884,USD,1133.47,837,"7,958"
2022-01-03,SaaSquatch,440-735-6734,CAD,3793.78,"1,253","95,802"
2022-01-10,Impact Radius,278-804-3504,USD,28644.60,"7,889","157,587"
2022-01-10,impact.com Publisher Marketing,294-506-6884,USD,1433.71,"1,232","14,072"
2022-01-10,SaaSquatch,440-735-6734,CAD,2276.39,923,"45,075"
2022-01-17,Impact Radius,278-804-3504,USD,31147.16,"8,557","161,111"
2022-01-17,impact.com Publisher Marketing,294-506-6884,USD,1372.32,"1,541","16,472"
2022-01-17,SaaSquatch,440-735-6734,CAD,4056.88,"2,098","131,983"
2022-01-24,Impact Radius,278-804-3504,USD,33132.48,"9,523","179,740"
2022-01-24,impact.com Publisher Marketing,294-506-6884,USD,1667.92,"2,055","96,666"
2022-01-24,SaaSquatch,440-735-6734,CAD,5913.65,"4,936","237,002"
2022-01-31,Impact Radius,278-804-3504,USD,33438.12,"7,435","152,607"
2022-01-31,impact.com Publisher Marketing,294-506-6884,USD,1951.09,"5,154","240,762"
2022-01-31,SaaSquatch,440-735-6734,CAD,5633.03,"6,968","526,279"
2022-02-07,Impact Radius,278-804-3504,USD,26254.97,"6,884","139,097"
2022-02-07,impact.com Publisher Marketing,294-506-6884,USD,1987.53,"3,046","131,168"
2022-02-07,SaaSquatch,440-735-6734,CAD,4846.44,"8,166","820,873"
2022-02-14,Impact Radius,278-804-3504,USD,27545.21,"6,447","144,216"
2022-02-14,impact.com Publisher Marketing,294-506-6884,USD,2031.82,"2,944","151,001"
2022-02-14,SaaSquatch,440-735-6734,CAD,4926.64,"4,784","324,748"
2022-02-21,Impact Radius,278-804-3504,USD,27236.11,"6,166","158,269"
2022-02-21,impact.com Publisher Marketing,294-506-6884,USD,1936.87,"3,387","145,459"
2022-02-21,SaaSquatch,440-735-6734,CAD,4485.60,"1,773","101,745"
2022-02-28,Impact Radius,278-804-3504,USD,30142.57,"6,534","157,164"
2022-02-28,impact.com Publisher Marketing,294-506-6884,USD,1928.06,"2,898","108,693"
2022-02-28,SaaSquatch,440-735-6734,CAD,3687.20,"2,131","145,532"
2022-03-07,Impact Radius,278-804-3504,USD,24963.67,"5,593","134,797"
2022-03-07,impact.com Publisher Marketing,294-506-6884,USD,1986.03,"2,604","55,977"
2022-03-07,SaaSquatch,440-735-6734,CAD,4280.22,"3,096","251,512"
2022-03-14,Impact Radius,278-804-3504,USD,25607.20,"5,922","134,154"
2022-03-14,impact.com Publisher Marketing,294-506-6884,USD,2648.81,"3,744","134,657"
2022-03-14,SaaSquatch,440-735-6734,CAD,3212.96,"3,236","273,329"
2022-03-21,Impact Radius,278-804-3504,USD,28692.65,"6,178","141,945"
2022-03-21,impact.com Publisher Marketing,294-506-6884,USD,2210.24,"3,295","104,743"
2022-03-21,SaaSquatch,440-735-6734,CAD,4750.04,"3,032","203,098"
2022-03-28,Impact Radius,278-804-3504,USD,36888.29,"7,903","181,662"
2022-03-28,impact.com Publisher Marketing,294-506-6884,USD,1673.78,"2,094","64,797"
2022-03-28,SaaSquatch,440-735-6734,CAD,5425.94,"2,332","139,612"
2022-04-04,Impact Radius,278-804-3504,USD,38619.47,"7,909","185,491"
2022-04-04,impact.com Publisher Marketing,294-506-6884,USD,1442.74,"1,292","33,607"
2022-04-04,SaaSquatch,440-735-6734,CAD,4893.01,"2,959","193,696"
2022-04-11,Impact Radius,278-804-3504,USD,31503.76,"6,716","145,385"
2022-04-11,impact.com Publisher Marketing,294-506-6884,USD,1329.78,"1,288","33,389"
2022-04-11,SaaSquatch,440-735-6734,CAD,3625.20,"1,899","134,956"
2022-04-18,Impact Radius,278-804-3504,USD,28853.07,"6,617","139,718"
2022-04-18,impact.com Publisher Marketing,294-506-6884,USD,1286.63,"1,323","30,982"
2022-04-18,SaaSquatch,440-735-6734,CAD,5149.23,"3,371","689,077"
2022-04-25,Impact Radius,278-804-3504,USD,26599.01,"6,255","137,250"
2022-04-25,impact.com Publisher Marketing,294-506-6884,USD,1518.40,"1,850","62,593"
2022-04-25,SaaSquatch,440-735-6734,CAD,4094.49,"4,262","1,028,682"
2022-05-02,Impact Radius,278-804-3504,USD,22984.07,"5,821","134,838"
2022-05-02,impact.com Publisher Marketing,294-506-6884,USD,1568.91,"2,318","74,728"
2022-05-02,SaaSquatch,440-735-6734,CAD,5048.54,"3,990","884,896"
2022-05-09,Impact Radius,278-804-3504,USD,20063.44,"5,084","107,551"
2022-05-09,impact.com Publisher Marketing,294-506-6884,USD,2060.39,"2,768","174,435"
2022-05-09,SaaSquatch,440-735-6734,CAD,1766.68,749,"68,741"
2022-05-16,Impact Radius,278-804-3504,USD,22937.62,"5,316","137,064"
2022-05-16,impact.com Publisher Marketing,294-506-6884,USD,2106.93,"2,541","116,030"
2022-05-16,SaaSquatch,440-735-6734,CAD,3258.99,"1,345","117,215"
2022-05-23,Impact Radius,278-804-3504,USD,26055.39,"5,542","129,148"
2022-05-23,impact.com Publisher Marketing,294-506-6884,USD,1605.51,"2,773","97,029"
2022-05-23,SaaSquatch,440-735-6734,CAD,6187.05,"1,636","83,150"
2022-05-30,Impact Radius,278-804-3504,USD,13024.43,"2,431","81,958"
2022-05-30,impact.com Publisher Marketing,294-506-6884,USD,2461.19,"5,093","123,004"
2022-05-30,SaaSquatch,440-735-6734,CAD,5037.41,"1,318","95,360"
2022-06-06,Impact Radius,278-804-3504,USD,62136.65,"4,120","96,190"
2022-06-06,impact.com Publisher Marketing,294-506-6884,USD,3668.48,"6,411","155,529"
2022-06-06,SaaSquatch,440-735-6734,CAD,5344.80,"1,750","173,884"
2022-06-13,Impact Radius,278-804-3504,USD,12488.39,"1,305","29,591"
2022-06-13,impact.com Publisher Marketing,294-506-6884,USD,4199.92,"5,849","119,811"
2022-06-13,SaaSquatch,440-735-6734,CAD,4870.03,"1,851","186,027"
2022-06-20,Impact Radius,278-804-3504,USD,13702.55,"1,754","38,625"
2022-06-20,impact.com Publisher Marketing,294-506-6884,USD,3571.88,"5,984","125,810"
2022-06-20,SaaSquatch,440-735-6734,CAD,4662.38,"1,530","170,200"
2022-06-27,Impact Radius,278-804-3504,USD,21539.09,"3,481","85,972"
2022-06-27,impact.com Publisher Marketing,294-506-6884,USD,3155.86,"5,740","126,713"
2022-06-27,SaaSquatch,440-735-6734,CAD,4530.48,"1,160","137,621"
2022-06-27,Trackonomics,678-591-6897,USD,268.76,20,498
2022-07-04,Impact Radius,278-804-3504,USD,21320.72,"4,314","94,680"
2022-07-04,impact.com Publisher Marketing,294-506-6884,USD,927.18,"2,714","70,538"
2022-07-04,SaaSquatch,440-735-6734,CAD,4203.69,897,"94,405"
2022-07-04,Trackonomics,678-591-6897,USD,4828.57,637,"21,585"
2022-07-11,Impact Radius,278-804-3504,USD,38617.81,"8,281","189,137"
2022-07-11,impact.com Publisher Marketing,294-506-6884,USD,972.89,"2,936","71,924"
2022-07-11,SaaSquatch,440-735-6734,CAD,4384.75,846,"57,759"
2022-07-11,Trackonomics,678-591-6897,USD,153.24,21,656
2022-07-18,Impact Radius,278-804-3504,USD,42269.39,"8,933","207,644"
2022-07-18,impact.com Publisher Marketing,294-506-6884,USD,631.72,"1,838","38,473"
2022-07-18,SaaSquatch,440-735-6734,CAD,4707.51,943,"66,116"
2022-07-25,Impact Radius,278-804-3504,USD,34920.27,"7,178","178,873"
2022-07-25,SaaSquatch,440-735-6734,CAD,4305.12,787,"35,446"
2022-08-01,Impact Radius,278-804-3504,USD,35480.39,"6,925","170,737"
2022-08-01,SaaSquatch,440-735-6734,CAD,4081.71,816,"55,741"
2022-08-08,Impact Radius,278-804-3504,USD,35807.04,"6,062","151,211"
2022-08-08,SaaSquatch,440-735-6734,CAD,4721.40,719,"45,689"
2022-08-15,Impact Radius,278-804-3504,USD,20360.15,"3,598","77,141"
2022-08-15,SaaSquatch,440-735-6734,CAD,4816.52,846,"43,777"
2022-08-15,Trackonomics,678-591-6897,USD,25.11,9,158
2022-08-22,Impact Radius,278-804-3504,USD,18781.89,"3,538","66,589"
2022-08-22,SaaSquatch,440-735-6734,CAD,5528.40,807,"31,635"
2022-08-29,Impact Radius,278-804-3504,USD,19327.22,"3,826","63,639"
2022-08-29,SaaSquatch,440-735-6734,CAD,4563.55,697,"29,582"
2022-09-05,Impact Radius,278-804-3504,USD,21903.14,"4,248","79,501"
2022-09-05,SaaSquatch,440-735-6734,CAD,4855.27,762,"34,022"
2022-09-12,Impact Radius,278-804-3504,USD,26060.87,"5,364","108,017"
2022-09-12,impact.com APAC,247-083-5844,USD,0.00,0,13
2022-09-12,SaaSquatch,440-735-6734,CAD,4848.91,793,"29,310"
2022-09-19,Impact Radius,278-804-3504,USD,31456.13,"6,263","131,911"
2022-09-19,impact.com APAC,247-083-5844,USD,1028.82,360,"5,109"
2022-09-19,SaaSquatch,440-735-6734,CAD,5201.52,833,"29,396"
2022-09-26,Impact Radius,278-804-3504,USD,34726.45,"6,393","143,100"
2022-09-26,impact.com APAC,247-083-5844,USD,1345.54,460,"7,682"
2022-09-26,SaaSquatch,440-735-6734,CAD,5490.16,775,"25,426"
2022-10-03,Impact Radius,278-804-3504,USD,34686.34,"6,012","128,862"
2022-10-03,impact.com APAC,247-083-5844,USD,1349.62,442,"7,195"
2022-10-03,SaaSquatch,440-735-6734,CAD,5110.12,685,"28,618"
2022-10-10,Impact Radius,278-804-3504,USD,20118.17,"3,718","81,257"
2022-10-10,impact.com APAC,247-083-5844,USD,1417.42,479,"8,335"
2022-10-10,SaaSquatch,440-735-6734,CAD,3907.51,512,"21,882"
2022-10-17,Impact Radius,278-804-3504,USD,16093.67,"2,856","54,477"
2022-10-17,impact.com APAC,247-083-5844,USD,1441.07,450,"9,277"
2022-10-17,SaaSquatch,440-735-6734,CAD,3416.90,408,"18,168"
2022-10-24,Impact Radius,278-804-3504,USD,17332.36,"3,138","54,504"
2022-10-24,impact.com APAC,247-083-5844,USD,1228.03,401,"7,170"
2022-10-24,SaaSquatch,440-735-6734,CAD,1542.38,183,"5,606"
2022-10-31,Impact Radius,278-804-3504,USD,15385.09,"2,936","49,538"
2022-10-31,impact.com APAC,247-083-5844,USD,1377.13,475,"7,609"
2022-10-31,SaaSquatch,440-735-6734,CAD,1968.15,273,"6,857"
2022-11-07,Impact Radius,278-804-3504,USD,21696.43,"4,255","95,331"
2022-11-07,impact.com APAC,247-083-5844,USD,1481.13,474,"7,598"
2022-11-07,SaaSquatch,440-735-6734,CAD,3125.99,342,"8,857"
2022-11-14,Impact Radius,278-804-3504,USD,21007.93,"4,232","91,900"
2022-11-14,impact.com APAC,247-083-5844,USD,1378.93,445,"6,873"
2022-11-14,SaaSquatch,440-735-6734,CAD,3045.70,469,"12,056"
2022-11-21,Impact Radius,278-804-3504,USD,14787.46,"3,497","58,194"
2022-11-21,impact.com APAC,247-083-5844,USD,1310.22,366,"7,708"
2022-11-21,SaaSquatch,440-735-6734,CAD,2757.51,416,"13,674"
2022-11-28,Impact Radius,278-804-3504,USD,28612.59,"5,374","147,318"
2022-11-28,impact.com APAC,247-083-5844,USD,1434.34,385,"9,318"
2022-11-28,SaaSquatch,440-735-6734,CAD,4708.34,456,"13,419"
2022-12-05,Impact Radius,278-804-3504,USD,25801.58,"4,885","146,116"
2022-12-05,impact.com APAC,247-083-5844,USD,1409.26,412,"8,779"
2022-12-05,SaaSquatch,440-735-6734,CAD,2776.53,296,"9,196"
2022-12-12,Impact Radius,278-804-3504,USD,21320.35,"4,079","124,037"
2022-12-12,impact.com APAC,247-083-5844,USD,1460.66,404,"8,413"
2022-12-12,SaaSquatch,440-735-6734,CAD,3575.24,309,"9,105"
2022-12-19,Impact Radius,278-804-3504,USD,15289.76,"3,283","107,595"
2022-12-19,impact.com APAC,247-083-5844,USD,1413.02,386,"8,570"
2022-12-19,SaaSquatch,440-735-6734,CAD,4361.77,355,"9,076"
2022-12-26,Impact Radius,278-804-3504,USD,14566.36,"3,713","122,888"
2022-12-26,impact.com APAC,247-083-5844,USD,1315.99,394,"7,974"
2022-12-26,SaaSquatch,440-735-6734,CAD,3245.95,356,"8,457"
2023-01-02,Impact Radius,278-804-3504,USD,19065.30,"4,436","113,978"
2023-01-02,impact.com APAC,247-083-5844,USD,1979.73,551,"9,000"
2023-01-02,SaaSquatch,440-735-6734,CAD,2308.84,268,"6,929"
2023-01-09,Impact Radius,278-804-3504,USD,27017.46,"5,620","135,849"
2023-01-09,impact.com APAC,247-083-5844,USD,3425.83,"1,102","15,013"
2023-01-09,SaaSquatch,440-735-6734,CAD,2848.61,297,"7,227"
2023-01-16,Impact Radius,278-804-3504,USD,38523.52,"7,170","163,894"
2023-01-16,impact.com APAC,247-083-5844,USD,3053.30,746,"8,306"
2023-01-16,SaaSquatch,440-735-6734,CAD,2780.83,283,"7,967"
2023-01-23,Impact Radius,278-804-3504,USD,43660.95,"7,665","175,924"
2023-01-23,impact.com APAC,247-083-5844,USD,4760.57,891,"9,769"
2023-01-23,SaaSquatch,440-735-6734,CAD,2775.78,284,"7,908"
2023-01-30,Impact Radius,278-804-3504,USD,37883.73,"7,097","157,995"
2023-01-30,impact.com APAC,247-083-5844,USD,2990.12,697,"7,622"
2023-01-30,SaaSquatch,440-735-6734,CAD,4647.69,450,"11,940"
2023-02-06,Impact Radius,278-804-3504,USD,36616.78,"7,166","137,508"
2023-02-06,impact.com APAC,247-083-5844,USD,2303.56,604,"8,583"
2023-02-06,SaaSquatch,440-735-6734,CAD,2441.86,265,"7,143"
2023-02-13,Impact Radius,278-804-3504,USD,37566.99,"7,062","130,289"
2023-02-13,impact.com APAC,247-083-5844,USD,2204.33,416,"6,110"
2023-02-13,SaaSquatch,440-735-6734,CAD,2493.88,229,"6,281"
2023-02-20,Impact Radius,278-804-3504,USD,43838.15,"7,603","153,052"
2023-02-20,impact.com APAC,247-083-5844,USD,4049.86,858,"14,309"
2023-02-20,SaaSquatch,440-735-6734,CAD,2254.71,554,"32,841"
2023-02-27,Impact Radius,278-804-3504,USD,51114.85,"9,104","287,635"
2023-02-27,impact.com APAC,247-083-5844,USD,3644.49,768,"13,919"
2023-02-27,SaaSquatch,440-735-6734,CAD,4693.09,607,"15,745"
2023-03-06,Impact Radius,278-804-3504,USD,27298.12,"5,695","101,965"
2023-03-06,impact.com APAC,247-083-5844,USD,4514.50,811,"13,317"
2023-03-06,SaaSquatch,440-735-6734,CAD,3817.56,472,"16,225"
2023-03-13,Impact Radius,278-804-3504,USD,47640.74,"8,573","135,935"
2023-03-13,impact.com APAC,247-083-5844,USD,4458.74,842,"13,577"
2023-03-13,SaaSquatch,440-735-6734,CAD,3607.36,457,"15,416"
2023-03-20,Impact Radius,278-804-3504,USD,51954.69,"9,237","154,431"
2023-03-20,impact.com APAC,247-083-5844,USD,4540.47,883,"13,997"
2023-03-20,SaaSquatch,440-735-6734,CAD,5222.09,576,"22,264"
2023-03-27,Impact Radius,278-804-3504,USD,42705.99,"7,951","150,696"
2023-03-27,impact.com APAC,247-083-5844,USD,4021.49,810,"12,285"
2023-03-27,SaaSquatch,440-735-6734,CAD,10176.68,724,"22,702"
2023-04-03,Impact Radius,278-804-3504,USD,43656.02,"8,344","146,339"
2023-04-03,impact.com APAC,247-083-5844,USD,4094.86,911,"13,260"
2023-04-03,SaaSquatch,440-735-6734,CAD,4137.54,538,"17,537"
2023-04-10,Impact Radius,278-804-3504,USD,41300.06,"8,391","130,172"
2023-04-10,impact.com APAC,247-083-5844,USD,4948.40,981,"14,063"
2023-04-10,SaaSquatch,440-735-6734,CAD,4611.63,298,"10,806"
2023-04-17,Impact Radius,278-804-3504,USD,37874.63,"6,662","101,482"
2023-04-17,impact.com APAC,247-083-5844,USD,4292.27,916,"13,262"
2023-04-17,SaaSquatch,440-735-6734,CAD,4519.22,361,"9,385"
2023-04-24,Impact Radius,278-804-3504,USD,35792.68,"5,491","79,491"
2023-04-24,impact.com APAC,247-083-5844,USD,4680.95,"1,015","12,236"
2023-04-24,SaaSquatch,440-735-6734,CAD,1729.10,191,"3,061"
2023-05-01,Impact Radius,278-804-3504,USD,39046.32,"6,364","91,995"
2023-05-01,impact.com APAC,247-083-5844,USD,4189.51,"1,056","13,803"
2023-05-01,SaaSquatch,440-735-6734,CAD,796.61,123,"2,595"
2023-05-08,Impact Radius,278-804-3504,USD,43383.21,"7,785","115,286"
2023-05-08,impact.com APAC,247-083-5844,USD,4430.32,937,"14,648"
2023-05-08,SaaSquatch,440-735-6734,CAD,1824.33,198,"16,956"
2023-05-15,Impact Radius,278-804-3504,USD,45429.56,"8,480","123,844"
2023-05-15,impact.com APAC,247-083-5844,USD,4624.32,"1,002","13,757"
2023-05-15,SaaSquatch,440-735-6734,CAD,2347.47,287,"10,350"
2023-05-22,Impact Radius,278-804-3504,USD,33810.87,"5,888","86,614"
2023-05-22,impact.com APAC,247-083-5844,USD,4214.05,964,"11,906"
2023-05-22,SaaSquatch,440-735-6734,CAD,2586.53,921,"82,409"
2023-05-29,Impact Radius,278-804-3504,USD,42757.36,"7,288","106,647"
2023-05-29,impact.com APAC,247-083-5844,USD,4307.50,"1,140","24,297"
2023-05-29,SaaSquatch,440-735-6734,CAD,6383.12,404,"17,182"
2023-06-05,Impact Radius,278-804-3504,USD,56382.53,"10,218","150,416"
2023-06-05,impact.com APAC,247-083-5844,USD,4852.12,"1,027","14,565"
2023-06-05,SaaSquatch,440-735-6734,CAD,2953.09,238,"9,400"
2023-06-12,Impact Radius,278-804-3504,USD,66732.38,"12,317","178,005"
2023-06-12,impact.com APAC,247-083-5844,USD,4812.99,"1,045","14,769"
2023-06-12,SaaSquatch,440-735-6734,CAD,4409.50,413,"12,767"
2023-06-19,Impact Radius,278-804-3504,USD,96977.73,"16,653","246,538"
2023-06-19,impact.com APAC,247-083-5844,USD,4950.91,"1,177","15,786"
2023-06-19,SaaSquatch,440-735-6734,CAD,3657.53,392,"12,231"
2023-06-26,Impact Radius,278-804-3504,USD,98622.69,"15,557","232,522"
2023-06-26,impact.com APAC,247-083-5844,USD,4892.74,"1,093","15,710"
2023-06-26,SaaSquatch,440-735-6734,CAD,4861.61,479,"16,703"
2023-07-03,Impact Radius,278-804-3504,USD,80809.97,"14,582","221,242"
2023-07-03,impact.com APAC,247-083-5844,USD,5348.85,"1,068","13,806"
2023-07-03,SaaSquatch,440-735-6734,CAD,3714.31,555,"19,466"
2023-07-10,Impact Radius,278-804-3504,USD,62215.39,"12,899","190,580"
2023-07-10,impact.com APAC,247-083-5844,USD,4972.54,"1,517","15,029"
2023-07-10,SaaSquatch,440-735-6734,CAD,4721.53,639,"25,970"
2023-07-17,Impact Radius,278-804-3504,USD,54781.56,"10,496","163,436"
2023-07-17,impact.com APAC,247-083-5844,USD,4810.18,"1,700","15,404"
2023-07-17,SaaSquatch,440-735-6734,CAD,3488.74,476,"19,468"
2023-07-24,Impact Radius,278-804-3504,USD,50277.83,"9,671","147,352"
2023-07-24,impact.com APAC,247-083-5844,USD,4002.51,"1,786","13,032"
2023-07-24,SaaSquatch,440-735-6734,CAD,1738.94,188,"7,524"
2023-07-31,Impact Radius,278-804-3504,USD,48636.93,"8,303","120,997"
2023-07-31,impact.com APAC,247-083-5844,USD,5168.55,"1,087","15,703"
2023-07-31,SaaSquatch,440-735-6734,CAD,1793.15,390,"20,828"
2023-08-07,Impact Radius,278-804-3504,USD,64180.63,"9,618","137,213"
2023-08-07,impact.com APAC,247-083-5844,USD,4687.78,980,"15,533"
2023-08-07,SaaSquatch,440-735-6734,CAD,1445.68,808,"39,719"
2023-08-14,Impact Radius,278-804-3504,USD,57469.58,"8,486","112,305"
2023-08-14,impact.com APAC,247-083-5844,USD,4443.69,995,"15,390"
2023-08-14,SaaSquatch,440-735-6734,CAD,1849.63,"1,048","56,847"
2023-08-21,Impact Radius,278-804-3504,USD,47343.39,"6,641","89,523"
2023-08-21,impact.com APAC,247-083-5844,USD,4391.78,971,"14,669"
2023-08-21,SaaSquatch,440-735-6734,CAD,2262.61,"1,011","168,862"
2023-08-28,Impact Radius,278-804-3504,USD,31237.58,"4,321","55,235"
2023-08-28,impact.com APAC,247-083-5844,USD,2408.77,496,"8,341"
2023-08-28,SaaSquatch,440-735-6734,CAD,2914.71,980,"111,588"
2023-09-04,SaaSquatch,440-735-6734,CAD,5425.83,"1,122","129,357"
2023-09-11,Impact Radius,278-804-3504,USD,48516.88,"6,670","84,480"
2023-09-11,impact.com APAC,247-083-5844,USD,1059.57,324,"5,292"
2023-09-11,SaaSquatch,440-735-6734,CAD,4762.76,"1,032","108,325"
2023-09-18,Impact Radius,278-804-3504,USD,53075.71,"7,021","81,198"
2023-09-18,impact.com APAC,247-083-5844,USD,4262.31,889,"16,177"
2023-09-18,SaaSquatch,440-735-6734,CAD,4530.83,906,"87,149"
2023-09-25,Impact Radius,278-804-3504,USD,47310.65,"6,379","70,182"
2023-09-25,impact.com APAC,247-083-5844,USD,4124.30,901,"15,907"
2023-09-25,SaaSquatch,440-735-6734,CAD,4097.67,844,"55,828"
2023-10-02,Impact Radius,278-804-3504,USD,41797.02,"5,709","71,170"
2023-10-02,impact.com APAC,247-083-5844,USD,4622.45,820,"17,945"
2023-10-02,SaaSquatch,440-735-6734,CAD,4802.48,748,"34,997"
2023-10-09,Impact Radius,278-804-3504,USD,46863.51,"6,023","84,287"
2023-10-09,impact.com APAC,247-083-5844,USD,4531.23,849,"16,071"
2023-10-09,SaaSquatch,440-735-6734,CAD,4580.36,694,"46,075"
2023-10-16,Impact Radius,278-804-3504,USD,44807.09,"5,586","91,152"
2023-10-16,impact.com APAC,247-083-5844,USD,4095.11,740,"15,240"
2023-10-16,SaaSquatch,440-735-6734,CAD,4763.87,474,"18,041"
2023-10-23,Impact Radius,278-804-3504,USD,33153.96,"4,178","63,739"
2023-10-23,impact.com APAC,247-083-5844,USD,4497.46,817,"15,862"
2023-10-23,SaaSquatch,440-735-6734,CAD,4375.21,636,"45,401"
2023-10-30,Impact Radius,278-804-3504,USD,30107.73,"4,143","55,964"
2023-10-30,impact.com APAC,247-083-5844,USD,3970.24,787,"21,424"
2023-10-30,SaaSquatch,440-735-6734,CAD,4295.77,738,"39,584"
2023-11-06,Impact Radius,278-804-3504,USD,33669.24,"4,190","62,835"
2023-11-06,impact.com APAC,247-083-5844,USD,4805.26,830,"23,170"
2023-11-06,SaaSquatch,440-735-6734,CAD,4543.48,781,"41,512"
2023-11-13,Impact Radius,278-804-3504,USD,43144.65,"4,937","74,729"
2023-11-13,impact.com APAC,247-083-5844,USD,4649.84,818,"20,610"
2023-11-13,SaaSquatch,440-735-6734,CAD,3912.64,682,"37,577"
2023-11-20,Impact Radius,278-804-3504,USD,33214.32,"4,475","65,436"
2023-11-20,impact.com APAC,247-083-5844,USD,5211.83,935,"20,211"
2023-11-20,SaaSquatch,440-735-6734,CAD,2945.00,570,"36,441"
2023-11-27,Impact Radius,278-804-3504,USD,40708.16,"5,029","82,795"
2023-11-27,impact.com APAC,247-083-5844,USD,4060.77,"1,968","32,181"
2023-11-27,SaaSquatch,440-735-6734,CAD,3221.44,568,"33,816"
2023-12-04,Impact Radius,278-804-3504,USD,37889.29,"4,492","69,917"
2023-12-04,impact.com APAC,247-083-5844,USD,4007.88,"1,713","26,590"
2023-12-04,SaaSquatch,440-735-6734,CAD,2851.39,636,"39,942"
2023-12-11,Impact Radius,278-804-3504,USD,39098.57,"4,856","68,739"
2023-12-11,impact.com APAC,247-083-5844,USD,4043.21,"1,309","21,855"
2023-12-11,SaaSquatch,440-735-6734,CAD,6031.20,771,"42,485"
2023-12-18,Impact Radius,278-804-3504,USD,18129.30,"2,560","24,909"
2023-12-18,impact.com APAC,247-083-5844,USD,2702.82,"2,132","18,965"
2023-12-18,SaaSquatch,440-735-6734,CAD,5806.26,760,"48,775"
2023-12-25,Impact Radius,278-804-3504,USD,5951.99,"1,324","7,582"
2023-12-25,impact.com APAC,247-083-5844,USD,2957.84,"3,272","21,570"
2023-12-25,SaaSquatch,440-735-6734,CAD,3862.06,693,"38,147"
2024-01-01,Impact Radius,278-804-3504,USD,21190.70,"3,648","43,874"
2024-01-01,impact.com APAC,247-083-5844,USD,2799.09,"2,851","19,932"
2024-01-01,SaaSquatch,440-735-6734,CAD,4911.20,918,"52,475"
2024-01-08,Impact Radius,278-804-3504,USD,36900.13,"5,103","77,522"
2024-01-08,impact.com APAC,247-083-5844,USD,2861.30,"1,784","13,520"
2024-01-08,SaaSquatch,440-735-6734,CAD,5050.10,901,"43,416"
2024-01-15,Impact Radius,278-804-3504,USD,37660.19,"5,045","72,821"
2024-01-15,impact.com APAC,247-083-5844,USD,2719.94,700,"10,402"
2024-01-15,SaaSquatch,440-735-6734,CAD,4370.57,855,"44,799"
2024-01-22,Impact Radius,278-804-3504,USD,40274.77,"5,449","76,425"
2024-01-22,impact.com APAC,247-083-5844,USD,2698.59,993,"10,045"
2024-01-22,SaaSquatch,440-735-6734,CAD,4346.45,893,"36,629"
2024-01-29,Impact Radius,278-804-3504,USD,43899.16,"5,847","77,379"
2024-01-29,impact.com APAC,247-083-5844,USD,1631.82,974,"7,430"
2024-01-29,SaaSquatch,440-735-6734,CAD,3277.48,383,"15,283"
2024-02-05,Impact Radius,278-804-3504,USD,43271.51,"5,358","70,785"
2024-02-05,impact.com APAC,247-083-5844,USD,1367.11,893,"5,306"
2024-02-05,SaaSquatch,440-735-6734,CAD,4768.55,312,"7,746"
2024-02-12,Impact Radius,278-804-3504,USD,43165.04,"5,331","72,383"
2024-02-12,impact.com APAC,247-083-5844,USD,1325.11,920,"5,995"
2024-02-12,SaaSquatch,440-735-6734,CAD,384.50,16,396
2024-02-19,Impact Radius,278-804-3504,USD,40152.07,"5,278","71,877"
2024-02-19,impact.com APAC,247-083-5844,USD,1237.34,528,"5,017"
2024-02-19,SaaSquatch,440-735-6734,CAD,41.27,4,12
2024-02-26,Impact Radius,278-804-3504,USD,37394.69,"5,291","67,616"
2024-02-26,impact.com APAC,247-083-5844,USD,1128.30,338,"3,722"
2024-02-26,SaaSquatch,440-735-6734,CAD,0.00,0,6
2024-03-04,Impact Radius,278-804-3504,USD,50529.41,"6,905","76,491"
2024-03-04,impact.com APAC,247-083-5844,USD,1936.28,483,"5,026"
2024-03-04,SaaSquatch,440-735-6734,CAD,48.71,3,6
2024-03-11,Impact Radius,278-804-3504,USD,60599.18,"7,329","82,091"
2024-03-11,impact.com APAC,247-083-5844,USD,2062.02,433,"6,113"
2024-03-18,Impact Radius,278-804-3504,USD,58167.34,"5,822","82,370"
2024-03-18,impact.com APAC,247-083-5844,USD,2233.88,"1,219","9,808"
2024-03-25,Impact Radius,278-804-3504,USD,58120.96,"5,844","84,330"
2024-03-25,impact.com APAC,247-083-5844,USD,2022.48,384,"5,815"
2024-04-01,Impact Radius,278-804-3504,USD,43971.91,"5,246","75,381"
2024-04-01,impact.com APAC,247-083-5844,USD,2292.24,397,"6,594"
2024-04-08,Impact Radius,278-804-3504,USD,40337.07,"5,101","71,668"
2024-04-08,impact.com APAC,247-083-5844,USD,2257.64,367,"6,473"
2024-04-15,Impact Radius,278-804-3504,USD,41913.15,"5,807","64,494"
2024-04-15,impact.com APAC,247-083-5844,USD,2411.97,737,"8,797"
2024-04-22,Impact Radius,278-804-3504,USD,44118.51,"6,431","72,916"
2024-04-22,impact.com APAC,247-083-5844,USD,2260.67,519,"7,023"
2024-04-29,Impact Radius,278-804-3504,USD,49535.59,"6,408","74,359"
2024-04-29,impact.com APAC,247-083-5844,USD,2604.12,470,"6,957"
2024-05-06,Impact Radius,278-804-3504,USD,47866.20,"6,376","70,243"
2024-05-06,impact.com APAC,247-083-5844,USD,2102.72,337,"6,017"
2024-05-13,Impact Radius,278-804-3504,USD,50230.24,"6,439","75,087"
2024-05-13,impact.com APAC,247-083-5844,USD,2129.14,465,"6,558"
2024-05-20,Impact Radius,278-804-3504,USD,45053.29,"6,111","73,519"
2024-05-20,impact.com APAC,247-083-5844,USD,1731.92,701,"7,846"
2024-05-27,Impact Radius,278-804-3504,USD,35056.72,"4,778","55,669"
2024-05-27,impact.com APAC,247-083-5844,USD,1150.79,495,"4,876"
2024-06-03,Impact Radius,278-804-3504,USD,42376.21,"5,748","69,025"
2024-06-03,impact.com APAC,247-083-5844,USD,1697.93,611,"8,143"
2024-06-10,Impact Radius,278-804-3504,USD,41831.64,"5,594","71,333"
2024-06-10,impact.com APAC,247-083-5844,USD,1582.39,440,"6,835"
2024-06-17,Impact Radius,278-804-3504,USD,44869.16,"5,628","74,461"
2024-06-17,impact.com APAC,247-083-5844,USD,1911.99,495,"7,615"
2024-06-24,Impact - Promotions,523-654-8070,USD,1.16,0,42
2024-06-24,Impact Radius,278-804-3504,USD,46343.01,"5,762","78,266"
2024-06-24,impact.com APAC,247-083-5844,USD,1778.76,617,"11,627"
2024-07-01,Impact Radius,278-804-3504,USD,38632.19,"5,215","65,735"
2024-07-01,impact.com APAC,247-083-5844,USD,1961.97,"2,723","10,776"
2024-07-08,Impact Radius,278-804-3504,USD,49023.26,"6,225","75,848"
2024-07-08,impact.com APAC,247-083-5844,USD,2285.82,"1,417","7,610"
2024-07-15,Impact Radius,278-804-3504,USD,48251.04,"5,628","78,903"
2024-07-15,impact.com APAC,247-083-5844,USD,1777.01,359,"5,189"
2024-07-22,Impact Radius,278-804-3504,USD,48015.53,"5,359","78,415"
2024-07-22,impact.com APAC,247-083-5844,USD,2338.79,376,"5,254"
2024-07-29,Impact Radius,278-804-3504,USD,47207.34,"5,021","91,438"
2024-07-29,impact.com APAC,247-083-5844,USD,2538.36,374,"5,458"
2024-08-05,Impact Radius,278-804-3504,USD,50348.64,"5,156","83,613"
2024-08-05,impact.com APAC,247-083-5844,USD,3102.26,439,"6,217"
2024-08-12,Impact Radius,278-804-3504,USD,46258.42,"5,139","78,336"
2024-08-12,impact.com APAC,247-083-5844,USD,3401.27,577,"6,921"
2024-08-19,Impact Radius,278-804-3504,USD,47620.03,"5,351","79,810"
2024-08-19,impact.com APAC,247-083-5844,USD,3712.93,809,"5,724"
2024-08-26,Impact Radius,278-804-3504,USD,48145.76,"5,472","77,306"
2024-08-26,impact.com APAC,247-083-5844,USD,3074.30,903,"6,325"
2024-09-02,Impact Radius,278-804-3504,USD,45334.54,"5,224","74,486"
2024-09-02,impact.com APAC,247-083-5844,USD,2362.41,326,"3,744"
2024-09-09,Impact Radius,278-804-3504,USD,60631.15,"7,734","90,519"
2024-09-09,impact.com APAC,247-083-5844,USD,2131.55,295,"3,597"
2024-09-16,Impact Radius,278-804-3504,USD,62160.64,"7,014","96,774"
2024-09-16,impact.com APAC,247-083-5844,USD,2086.20,308,"3,860"
2024-09-23,Impact Radius,278-804-3504,USD,72555.82,"6,822","94,176"
2024-09-23,impact.com APAC,247-083-5844,USD,2033.98,290,"3,425"
2024-09-30,Impact Radius,278-804-3504,USD,56082.48,"6,917","78,440"
2024-09-30,impact.com APAC,247-083-5844,USD,1518.79,278,"4,499"
2024-10-07,Impact Radius,278-804-3504,USD,51062.17,"8,071","88,705"
2024-10-07,impact.com APAC,247-083-5844,USD,1866.64,364,"4,429"
2024-10-14,Impact Radius,278-804-3504,USD,43106.47,"6,969","108,950"
2024-10-14,impact.com APAC,247-083-5844,USD,1969.03,329,"4,126"
2024-10-21,Impact Radius,278-804-3504,USD,26299.20,"3,998","68,637"
2024-10-21,impact.com APAC,247-083-5844,USD,1517.73,340,"4,062"
2024-10-28,Impact Radius,278-804-3504,USD,25534.24,"3,853","52,864"
2024-10-28,impact.com APAC,247-083-5844,USD,1602.85,357,"4,344"
2024-11-04,Impact Radius,278-804-3504,USD,31349.13,"4,375","58,312"
2024-11-04,impact.com APAC,247-083-5844,USD,1584.74,319,"5,032"
2024-11-11,Impact Radius,278-804-3504,USD,34511.72,"4,250","62,007"
2024-11-11,impact.com APAC,247-083-5844,USD,1522.16,350,"5,450"
2024-11-18,Impact Radius,278-804-3504,USD,42000.16,"4,672","71,846"
2024-11-18,impact.com APAC,247-083-5844,USD,1939.42,348,"4,894"
2024-11-25,Impact Radius,278-804-3504,USD,33009.12,"3,810","59,849"
2024-11-25,impact.com APAC,247-083-5844,USD,1684.18,306,"4,270"
2024-12-02,Impact Radius,278-804-3504,USD,36752.32,"3,937","74,859"
2024-12-02,impact.com APAC,247-083-5844,USD,1000.74,194,"3,013"
2024-12-09,Impact Radius,278-804-3504,USD,32263.92,"3,453","55,595"
2024-12-09,impact.com APAC,247-083-5844,USD,1069.65,235,"3,053"
2024-12-16,Impact Radius,278-804-3504,USD,30384.10,"3,477","54,853"
2024-12-16,impact.com APAC,247-083-5844,USD,948.59,267,"3,277"
2024-12-23,Impact Radius,278-804-3504,USD,17843.87,"2,453","43,552"
2024-12-23,impact.com APAC,247-083-5844,USD,1053.17,289,"2,858"
2024-12-30,Impact Radius,278-804-3504,USD,23706.31,"3,156","55,075"
2024-12-30,impact.com APAC,247-083-5844,USD,1175.75,345,"3,412"
2025-01-06,Impact Radius,278-804-3504,USD,37076.83,"4,037","68,926"
2025-01-06,impact.com APAC,247-083-5844,USD,2381.71,465,"5,747"
2025-01-13,Impact Radius,278-804-3504,USD,31679.24,"3,974","81,040"
2025-01-13,impact.com APAC,247-083-5844,USD,2521.85,560,"6,860"
2025-01-20,Impact Radius,278-804-3504,USD,37976.85,"5,213","104,250"
2025-01-20,impact.com APAC,247-083-5844,USD,2709.08,638,"7,022"
2025-01-27,Impact Radius,278-804-3504,USD,38059.15,"4,132","79,677"
2025-01-27,impact.com APAC,247-083-5844,USD,2424.33,598,"5,536"
2025-02-03,Impact Radius,278-804-3504,USD,35470.07,"3,707","73,956"
2025-02-03,impact.com APAC,247-083-5844,USD,2121.59,436,"5,365"
2025-02-10,Impact Radius,278-804-3504,USD,35020.25,"3,728","72,778"
2025-02-10,impact.com APAC,247-083-5844,USD,2245.44,496,"7,286"
2025-02-17,Impact Radius,278-804-3504,USD,32795.95,"3,475","70,000"
2025-02-17,impact.com APAC,247-083-5844,USD,3001.18,641,"8,050"
2025-02-24,Impact Radius,278-804-3504,USD,33767.28,"3,706","77,531"
2025-02-24,impact.com APAC,247-083-5844,USD,2871.87,619,"8,288"
2025-03-03,Impact Radius,278-804-3504,USD,36760.18,"3,869","79,208"
2025-03-03,impact.com APAC,247-083-5844,USD,2616.88,482,"6,387"
2025-03-10,Impact Radius,278-804-3504,USD,40419.78,"5,123","80,557"
2025-03-10,impact.com APAC,247-083-5844,USD,2961.06,441,"6,289"
2025-03-17,Impact Radius,278-804-3504,USD,40073.62,"4,258","78,438"
2025-03-17,impact.com APAC,247-083-5844,USD,2255.21,322,"5,391"
2025-03-24,Impact Radius,278-804-3504,USD,43265.68,"4,626","85,151"
2025-03-24,impact.com APAC,247-083-5844,USD,2210.13,394,"5,408"
2025-03-31,Impact Radius,278-804-3504,USD,38644.29,"4,544","79,553"
2025-03-31,impact.com APAC,247-083-5844,USD,2161.37,349,"5,173"
2025-04-07,Impact Radius,278-804-3504,USD,35107.42,"4,155","70,267"
2025-04-07,impact.com APAC,247-083-5844,USD,1843.05,334,"4,341"
2025-04-14,Impact Radius,278-804-3504,USD,29849.22,"4,189","64,222"
2025-04-14,impact.com APAC,247-083-5844,USD,1402.72,290,"4,664"
2025-04-21,Impact Radius,278-804-3504,USD,36681.14,"6,763","63,526"
2025-04-21,impact.com APAC,247-083-5844,USD,1528.55,321,"5,374"
2025-04-28,Impact Radius,278-804-3504,USD,16368.88,"1,437","31,108"
2025-04-28,impact.com APAC,247-083-5844,USD,1374.54,242,"3,428"
2025-05-05,Impact Radius,278-804-3504,USD,22942.66,"2,557","48,288"
2025-05-05,impact.com APAC,247-083-5844,USD,2470.10,314,"5,335"
2025-05-12,Impact Radius,278-804-3504,USD,30235.33,"3,090","59,646"
2025-05-12,impact.com APAC,247-083-5844,USD,2593.32,509,"7,783"
2025-05-19,Impact Radius,278-804-3504,USD,34820.68,"4,860","61,212"
2025-05-19,impact.com APAC,247-083-5844,USD,2853.54,460,"6,194"
2025-05-26,Impact Radius,278-804-3504,USD,37298.39,"8,166","65,591"
2025-05-26,impact.com APAC,247-083-5844,USD,2633.80,543,"6,477"
2025-06-02,Impact Radius,278-804-3504,USD,6941.34,756,"14,387"
2025-06-02,impact.com APAC,247-083-5844,USD,668.81,162,"1,900"