Keyword,Currency,Avg. monthly searches,Three month change,YoY change,Competition,Competition (indexed value),Top of page bid (low range),Top of page bid (high range),Ad impression share,Organic impression share,Organic average position,In account?,In plan?,Searches: May 2021,Searches: Jun 2021,Searches: Jul 2021,Searches: Aug 2021,Searches: Sep 2021,Searches: Oct 2021,Searches: Nov 2021,Searches: Dec 2021,Searches: Jan 2022,Searches: Feb 2022,Searches: Mar 2022,Searches: Apr 2022,Searches: May 2022,Searches: Jun 2022,Searches: Jul 2022,Searches: Aug 2022,Searches: Sep 2022,Searches: Oct 2022,Searches: Nov 2022,Searches: Dec 2022,Searches: Jan 2023,Searches: Feb 2023,Searches: Mar 2023,Searches: Apr 2023,Searches: May 2023,Searches: Jun 2023,Searches: Jul 2023,Searches: Aug 2023,Searches: Sep 2023,Searches: Oct 2023,Searches: Nov 2023,Searches: Dec 2023,Searches: Jan 2024,Searches: Feb 2024,Searches: Mar 2024,Searches: Apr 2024,Searches: May 2024,Searches: Jun 2024,Searches: Jul 2024,Searches: Aug 2024,Searches: Sep 2024,Searches: Oct 2024,Searches: Nov 2024,Searches: Dec 2024,Searches: Jan 2025,Searches: Feb 2025,Searches: Mar 2025,Searches: Apr 2025
affiliate programs,USD,14800,22%,0%,Medium,58,1.16,6.23,8%,,,Y,,9900,9900,8100,8100,8100,8100,8100,8100,9900,9900,9900,9900,9900,12100,12100,12100,9900,9900,12100,14800,14800,12100,14800,18100,22200,22200,27100,22200,18100,18100,14800,18100,22200,18100,14800,14800,14800,14800,18100,14800,14800,12100,12100,12100,18100,12100,14800,14800
walmart affiliate program,USD,9900,22%,-18%,Low,24,0.86,1.06,,,,Y,,1300,1600,1300,1300,1300,1600,1600,1000,1600,1300,1600,1600,3600,4400,4400,5400,4400,6600,8100,6600,8100,6600,6600,6600,27100,74000,33100,33100,22200,18100,18100,14800,14800,12100,12100,12100,9900,12100,14800,9900,18100,14800,9900,8100,8100,8100,6600,9900
multi touch attribution,USD,1300,23%,23%,Medium,38,11.66,29.36,,,,Y,,1300,1300,1300,1300,1300,1300,1300,1000,1600,1600,1600,1600,1600,1600,1600,1900,1600,1600,1600,1000,1300,1600,1900,1300,1300,1300,1300,1300,1300,1300,1300,880,1000,1300,1300,1300,1600,1000,1000,1000,1000,1300,1300,1000,1300,1300,1600,1600
affiliate networks,USD,2900,-19%,52%,Low,21,3.53,18.28,13%,,,Y,,1900,1900,1900,1900,1900,1900,1900,1900,2400,2400,2400,2400,2400,2400,2400,2900,2400,2900,2400,2900,3600,2400,2900,2900,2900,2900,2900,2900,2900,2900,2900,2400,2900,2400,2900,2900,2900,3600,2400,1900,1900,2400,2400,2400,2900,5400,9900,4400
referral software,USD,320,50%,22%,Low,28,11.94,38.04,38%,,,Y,,260,260,260,260,260,260,260,320,320,320,390,320,320,320,320,390,260,320,260,260,320,260,320,260,320,210,170,210,210,260,260,260,260,390,390,320,390,320,260,260,260,260,320,260,320,260,390,390
referral program software,USD,590,39%,108%,Low,12,10.00,42.46,15%,,,Y,,480,480,390,480,390,390,320,390,480,390,480,590,480,390,390,590,390,480,390,390,390,390,480,480,590,390,390,2400,320,1300,480,390,590,590,590,480,480,480,480,590,590,590,2400,880,1600,720,880,1000
impact affiliate platform,USD,170,-56%,0%,Medium,47,11.47,64.27,100%,,,Y,,390,480,320,260,210,210,170,90,110,140,90,260,260,260,210,320,320,320,260,260,320,260,320,320,90,90,70,70,50,40,40,50,70,70,40,40,30,50,50,70,90,110,70,70,140,90,30,40
create a pie chart,USD,5400,83%,0%,Low,4,0.77,3.34,,,,,,5400,3600,3600,4400,5400,6600,6600,5400,5400,5400,5400,6600,5400,3600,3600,4400,5400,5400,6600,5400,5400,5400,6600,8100,5400,3600,3600,4400,5400,6600,8100,6600,6600,6600,8100,9900,6600,4400,4400,4400,6600,6600,6600,6600,5400,5400,6600,9900
marketing attribution,USD,1600,23%,23%,Low,28,9.02,34.88,< 1%,,,Y,,1600,1600,1300,1600,1600,1600,1600,1600,1900,2400,2400,1900,1900,1900,1600,2400,1900,1900,1900,1600,1900,1600,1600,1600,1600,880,880,1000,1000,1300,1000,1000,1300,1300,1600,1300,1300,1000,1300,1300,1300,1600,1600,1300,1600,1300,1600,1600
affiliate marketing platform,USD,1300,86%,514%,Low,8,4.61,24.09,5%,,,Y,,880,1000,1300,1600,720,720,590,480,720,720,590,590,480,720,590,720,590,720,720,590,880,590,720,720,720,880,720,720,1000,1900,720,880,1300,1000,880,880,880,880,1600,1300,1000,880,1300,1600,1900,2900,9900,5400
multi touch attribution model,USD,480,0%,23%,Low,25,9.00,23.04,,,,Y,,480,480,480,590,480,480,390,390,390,480,590,590,480,480,480,590,480,590,480,390,590,480,590,480,590,390,480,480,480,480,390,320,480,390,390,480,480,480,480,390,390,480,480,590,720,590,720,590
impact affiliate marketing,USD,480,0%,22%,Medium,53,4.29,37.60,100%,,,Y,,170,210,210,210,170,110,110,110,170,140,140,140,140,170,110,110,140,110,110,90,170,170,320,320,390,480,480,480,320,480,390,390,880,720,720,720,590,590,880,880,720,1000,1600,880,880,880,880,880
affiliate platform,USD,480,0%,-19%,Medium,52,7.21,29.97,58%,,,Y,,320,320,320,320,320,320,320,320,320,320,390,320,320,320,320,390,320,260,320,260,390,390,390,390,390,480,390,480,880,880,480,590,590,590,720,590,590,480,590,480,480,480,1300,720,720,480,480,480
make a pie chart,USD,2400,83%,22%,Low,2,0.79,2.35,,,,,,2400,1600,1600,1900,2400,2900,2900,2400,2400,2400,2900,2900,2400,1600,1600,1900,2400,2400,2900,2900,2400,2400,2900,3600,2900,1600,1600,1900,2400,2900,3600,2900,2900,2900,2900,3600,2400,1600,1600,1600,2400,2900,2900,2400,2900,2400,2900,4400
forrester tei,USD,210,-19%,0%,High,69,7.56,26.79,,,,,,210,260,170,170,210,210,170,170,260,260,260,260,260,210,210,210,210,260,210,210,210,170,260,260,210,170,170,170,170,170,170,140,260,210,320,170,170,170,210,210,170,210,170,110,140,210,170,170
referral programs,USD,5400,0%,0%,Medium,35,5.17,22.08,43%,,,Y,,4400,4400,4400,4400,4400,4400,4400,4400,5400,4400,5400,5400,5400,4400,4400,5400,4400,4400,4400,4400,5400,4400,5400,5400,4400,4400,4400,5400,6600,12100,8100,4400,6600,5400,5400,5400,5400,5400,5400,5400,5400,6600,5400,5400,6600,5400,5400,5400
referral marketing software,USD,590,39%,108%,Low,12,10.00,42.46,15%,,,Y,,480,480,390,480,390,390,320,390,480,390,480,590,480,390,390,590,390,480,390,390,390,390,480,480,590,390,390,2400,320,1300,480,390,590,590,590,480,480,480,480,590,590,590,2400,880,1600,720,880,1000
marketing attribution model,USD,880,48%,30%,Low,27,9.19,26.97,,,,Y,,880,720,720,720,590,720,720,720,720,880,880,880,880,880,720,1000,880,880,880,880,880,880,880,880,880,880,720,720,720,720,720,590,720,720,880,1000,880,720,720,590,720,880,880,720,1000,880,1000,1300
customer referral program,USD,480,22%,83%,Low,14,8.00,33.14,23%,,,Y,,390,390,390,390,390,390,390,390,480,390,480,390,390,390,390,390,320,390,390,390,480,480,480,480,590,390,320,480,390,390,390,390,480,480,480,480,480,390,390,480,390,480,480,880,1300,720,1000,880
referral platform,USD,210,24%,50%,Medium,35,8.83,32.02,36%,,,Y,,110,90,90,70,90,110,90,90,110,140,140,140,140,110,140,140,210,170,170,110,170,170,140,140,170,140,90,140,880,2900,90,140,140,170,140,140,140,170,110,140,110,140,140,140,210,170,170,210
forrester tei report,USD,210,23%,0%,Low,18,9.60,24.62,,,,,,70,90,110,110,170,140,90,70,110,90,110,70,110,110,140,170,110,140,170,140,140,140,170,170,210,90,110,110,90,90,90,90,110,390,320,480,480,260,170,210,260,260,260,320,390,390,390,480
multi touch attribution tools,USD,90,0%,-56%,Medium,37,20.00,65.16,,,,Y,,110,70,70,70,70,50,50,50,110,70,70,70,90,70,70,110,110,70,70,70,70,50,70,70,70,70,70,50,50,90,90,50,70,70,110,320,90,110,70,90,90,140,90,260,260,140,140,140
attribution model,USD,1600,46%,19%,Low,30,9.00,28.64,,,,Y,,1900,1600,1600,1900,1900,1900,1600,1300,1600,1900,1900,1900,1900,1600,1600,1600,1600,1900,1600,1600,1600,1600,1900,1900,1900,1600,1300,1300,1600,1900,1600,1300,1600,1600,1600,1600,1600,1000,1300,1300,1300,1600,1600,1300,1600,1300,1600,1900
walmart affiliate,USD,1900,60%,-56%,Low,21,0.86,1.02,,,,Y,,1900,2400,2400,2400,1900,2400,2900,2400,2900,2400,2400,2400,2400,2400,1900,1900,1300,1300,1900,1600,1600,1300,1600,1600,2900,6600,3600,2900,2400,1900,1900,1900,2400,1600,1600,3600,1600,1300,1600,1300,1300,1300,1600,1300,1300,1000,1300,1600
impact affiliate program,USD,140,52%,88%,Medium,35,3.89,24.99,84%,,,Y,,70,50,70,110,90,110,70,90,110,140,90,110,70,70,90,90,90,70,70,70,90,90,110,110,170,170,170,170,140,140,140,110,210,210,210,170,210,210,210,210,170,170,170,260,260,210,320,320
affiliate management,USD,1000,0%,0%,Low,5,7.39,24.72,5%,,,Y,,880,880,1000,1000,1300,1000,880,1000,1000,1000,1000,1000,1000,1000,1000,1000,1000,1000,1000,880,1000,1000,1000,880,880,880,880,1000,880,880,1000,880,1300,1300,1000,1000,1300,1000,1300,1300,1300,1300,1000,1000,1300,1000,1300,1000
forrester total economic impact,USD,140,56%,0%,Medium,52,7.74,23.25,,,,,,170,210,140,140,140,140,140,110,170,170,210,170,140,210,170,260,210,140,170,140,140,170,170,170,210,140,140,140,140,140,140,110,140,140,170,140,140,90,110,140,110,110,110,90,110,90,170,140
impactradius,USD,2900,0%,-17%,Low,22,9.94,29.03,100%,,,Y,,3600,4400,4400,4400,4400,4400,3600,3600,4400,3600,4400,3600,3600,3600,3600,3600,2900,3600,3600,2400,2900,3600,3600,2900,3600,3600,2900,2900,2900,2900,2900,2400,3600,2900,2400,2900,2400,2400,2400,2400,2400,2900,2400,2400,2900,2400,3600,2400
marketing affiliate program,USD,18100,50%,-18%,Low,25,1.22,7.77,4%,,,Y,,6600,6600,6600,6600,6600,6600,6600,6600,12100,9900,9900,9900,9900,14800,14800,18100,14800,14800,14800,18100,27100,18100,22200,33100,33100,40500,49500,40500,33100,33100,27100,27100,40500,27100,22200,22200,22200,22200,22200,18100,18100,18100,12100,14800,22200,12100,14800,18100
walmart affiliate marketing,USD,1900,60%,-56%,Low,21,0.86,1.02,,,,Y,,1900,2400,2400,2400,1900,2400,2900,2400,2900,2400,2400,2400,2400,2400,1900,1900,1300,1300,1900,1600,1600,1300,1600,1600,2900,6600,3600,2900,2400,1900,1900,1900,2400,1600,1600,3600,1600,1300,1600,1300,1300,1300,1600,1300,1300,1000,1300,1600
impact influencer marketing,USD,140,0%,0%,Medium,66,11.86,50.48,100%,,,Y,,110,90,90,110,110,90,70,90,110,90,140,140,140,170,170,140,140,170,140,90,170,170,140,170,170,140,140,140,140,140,110,90,140,110,140,140,110,170,140,140,140,110,170,110,90,140,110,140
best affiliate networks,USD,480,50%,85%,Low,16,5.28,26.17,18%,,,Y,,480,590,480,480,590,590,480,480,480,480,480,480,390,390,390,480,480,590,590,590,590,480,590,590,590,480,480,590,590,590,590,480,590,590,480,390,390,390,390,390,390,480,480,480,720,480,1000,720
impact affiliate network,USD,90,-36%,80%,Low,33,10.31,58.24,98%,,,Y,,70,40,40,40,40,30,50,40,50,50,50,40,70,70,90,70,50,50,50,50,70,50,70,70,50,70,50,90,50,70,70,50,110,70,70,50,50,70,50,50,90,50,50,90,1000,140,260,90
walmart affiliate program sign up,USD,210,-33%,23%,Low,28,0.89,2.74,,,,Y,,20,20,10,20,30,20,50,70,30,20,20,10,20,30,30,90,20,50,70,30,70,50,50,40,390,1600,480,480,390,390,210,210,320,320,170,260,210,480,590,110,70,140,210,170,590,480,210,320
refer a friend software,USD,70,0%,-20%,Low,30,9.57,48.37,50%,,,Y,,40,50,40,40,40,50,50,70,40,40,50,40,50,40,30,50,30,50,90,90,90,50,90,90,70,90,20,40,50,40,50,30,40,40,50,50,70,210,90,90,390,210,30,40,30,40,30,40
b2b affiliate marketing,USD,170,86%,129%,Low,9,6.61,22.91,11%,,,Y,,140,110,110,140,110,110,110,90,140,110,140,110,140,140,170,140,110,110,170,210,170,140,140,170,140,140,110,140,140,170,210,210,210,210,170,170,170,170,170,170,140,140,140,140,260,210,480,390
referral app,USD,390,0%,-19%,Low,26,2.20,15.00,34%,,,Y,,260,260,260,390,320,320,390,480,480,390,390,320,390,390,320,390,390,390,390,390,480,390,480,390,480,390,390,320,320,390,320,390,480,480,480,480,390,480,390,390,320,480,480,480,480,390,480,390
customer referral software,USD,40,67%,67%,Low,13,15.00,43.55,18%,,,Y,,20,30,20,40,10,20,20,30,30,40,40,30,30,20,10,40,20,20,40,30,30,40,40,40,50,30,20,50,50,40,40,30,40,30,50,30,30,40,40,30,40,40,90,320,110,30,50,50
b2b affiliate programs,USD,90,27%,100%,Low,27,5.95,25.33,24%,,,Y,,90,70,90,70,90,70,70,90,90,50,90,70,90,70,70,90,50,70,70,70,90,90,140,140,110,70,90,110,110,140,110,110,90,90,70,70,90,90,90,90,90,90,90,90,90,110,210,140
affiliate fraud detection,USD,50,57%,120%,Low,9,5.90,23.75,,,,,,40,30,30,30,30,30,20,40,30,40,50,70,70,90,70,70,40,50,70,110,70,70,90,50,50,40,30,30,30,30,40,40,30,20,30,50,20,30,30,30,50,40,20,40,110,70,140,110
affiliate advertising,USD,590,39%,69%,Low,11,4.63,20.31,4%,,,Y,,590,590,480,590,590,590,590,590,720,720,480,590,480,480,480,480,480,590,590,480,590,590,590,590,590,480,480,480,480,590,590,480,590,480,590,590,480,590,590,590,480,590,480,590,590,720,880,1000
impact affiliate brands,USD,40,0%,100%,Low,11,,,20%,,,Y,,20,20,40,30,40,70,50,50,90,70,50,50,40,30,70,30,40,70,30,30,70,70,50,50,90,90,90,70,50,40,70,40,20,20,20,10,10,10,10,10,20,40,20,20,10,20,70,20
referral marketing platform,USD,70,89%,143%,Low,9,13.80,42.21,9%,,,Y,,40,40,30,30,40,50,30,40,50,50,40,70,50,40,40,70,40,50,50,50,50,30,50,50,70,40,50,50,40,50,50,50,40,50,50,70,70,50,90,90,70,70,50,70,140,90,170,170
activate influencer,USD,480,-67%,-82%,Low,29,3.38,9.69,,,,,,480,480,390,390,480,390,590,880,1300,720,1000,2900,880,720,720,480,390,480,590,390,880,480,480,390,320,320,260,390,320,260,210,170,260,170,210,170,140,110,110,90,390,170,90,50,90,90,70,30
referral program platforms,USD,30,40%,133%,Medium,37,18.89,55.31,53%,,,,,10,10,10,20,20,20,10,10,30,20,40,20,40,30,20,30,10,30,30,10,30,30,20,30,40,20,20,20,30,20,30,30,20,40,30,30,40,40,30,20,30,30,140,70,40,50,70,70
client referral program,USD,480,22%,83%,Low,14,8.00,33.14,23%,,,,,390,390,390,390,390,390,390,390,480,390,480,390,390,390,390,390,320,390,390,390,480,480,480,480,590,390,320,480,390,390,390,390,480,480,480,480,480,390,390,480,390,480,480,880,1300,720,1000,880
impact affiliate pricing,USD,70,40%,75%,Medium,38,13.25,65.44,86%,,,Y,,20,30,30,20,20,20,20,20,30,20,40,30,40,50,50,70,50,50,40,30,40,40,50,70,70,50,50,70,50,70,50,50,40,70,70,40,50,50,70,110,50,90,590,170,720,50,50,70
tei report,USD,50,40%,-22%,Medium,54,6.46,14.60,,,,,,30,30,40,50,40,50,40,30,50,50,70,50,40,70,50,70,70,70,70,50,50,70,90,70,70,70,50,90,50,50,70,40,70,70,70,90,50,50,50,50,50,40,50,30,50,50,50,70
create a referral program,USD,90,-19%,55%,Low,16,6.80,28.91,24%,,,,,110,70,90,90,90,110,90,90,110,90,90,90,110,70,90,90,70,90,90,90,140,90,90,140,90,90,110,70,90,90,90,90,140,110,140,110,110,110,70,90,70,50,70,70,90,210,210,170
referral program software free,USD,90,22%,57%,Low,24,8.23,24.92,31%,,,Y,,90,70,90,50,50,50,90,50,70,90,90,50,50,70,70,90,90,70,70,70,110,50,70,40,70,70,70,50,70,70,70,40,90,110,90,70,70,110,90,110,170,260,480,70,170,90,110,110
affiliate marketing network,USD,2900,-19%,52%,Low,21,3.53,18.28,13%,,,Y,,1900,1900,1900,1900,1900,1900,1900,1900,2400,2400,2400,2400,2400,2400,2400,2900,2400,2900,2400,2900,3600,2400,2900,2900,2900,2900,2900,2900,2900,2900,2900,2400,2900,2400,2900,2900,2900,3600,2400,1900,1900,2400,2400,2400,2900,5400,9900,4400
affiliate program management,USD,210,23%,182%,Low,10,8.92,24.75,9%,,,Y,,210,210,210,260,210,170,170,210,210,210,170,260,210,170,260,260,170,140,210,140,140,170,140,170,260,140,140,170,170,260,260,210,170,140,140,170,110,140,210,210,170,390,320,390,390,390,480,480
partner marketing platform,USD,70,57%,450%,Low,11,12.00,35.74,,,,Y,,20,20,20,20,10,20,10,10,20,30,40,30,30,30,50,50,40,40,30,20,30,30,30,50,30,10,10,10,20,10,20,20,20,30,30,20,30,50,140,260,1600,170,30,40,50,70,90,110
affiliate business,USD,320,23%,85%,Low,10,1.30,7.09,< 1%,,,Y,,480,210,210,210,320,260,210,260,390,320,210,210,210,210,210,260,260,320,260,210,320,260,390,320,320,260,260,260,320,320,260,260,260,260,260,260,260,210,260,210,210,320,260,390,720,390,590,480
referral program examples,USD,480,22%,22%,Low,14,2.89,11.60,24%,,,,,260,260,260,320,390,390,390,390,480,390,480,390,390,320,320,390,320,390,390,320,590,480,590,590,590,480,590,590,590,590,480,390,590,480,590,590,480,480,480,480,480,390,1000,880,880,590,590,720
referral program for service business,USD,20,0%,0%,Low,29,8.00,32.19,30%,,,,,20,20,10,30,10,20,10,10,10,20,20,10,10,20,30,10,10,20,20,20,30,30,40,30,10,10,20,30,20,20,10,10,40,20,10,20,20,20,20,20,10,10,10,10,10,20,20,20
multi channel attribution,USD,140,91%,91%,Low,15,13.47,34.07,,,,Y,,140,110,110,110,110,140,90,110,170,170,170,170,210,170,140,170,110,140,110,110,110,140,170,140,140,90,90,90,110,140,90,50,110,110,90,110,70,70,50,70,90,140,210,140,170,110,210,210
forrester tei study,USD,70,29%,29%,Medium,49,8.99,23.59,,,,,,40,40,40,30,40,50,30,40,90,50,70,50,70,50,70,90,50,50,70,50,50,50,70,50,90,70,70,70,70,40,40,40,70,30,140,70,50,50,70,70,70,50,30,50,70,70,110,90
affiliate sales,USD,390,85%,85%,Low,12,1.70,13.16,9%,,,Y,,260,260,260,260,260,260,320,320,390,320,320,320,260,260,260,320,320,260,260,260,390,390,390,480,390,320,320,320,320,320,390,260,390,320,390,390,480,390,720,390,320,390,390,390,390,390,590,720
referral program tools,USD,20,0%,67%,Low,19,14.63,47.86,18%,,,,,30,10,10,10,10,20,10,10,10,10,10,10,10,10,10,10,10,10,20,30,20,20,30,30,20,10,20,20,10,20,10,10,20,10,10,30,20,30,20,20,10,20,20,10,30,50,40,50
referral program app,USD,90,22%,57%,Medium,39,5.22,24.15,42%,,,Y,,70,70,90,140,90,70,110,110,140,90,50,90,70,70,90,70,70,90,70,90,110,70,90,110,170,110,110,110,70,70,50,90,90,70,70,70,90,90,210,170,140,70,110,90,110,90,110,110
affiliate networks list,USD,110,21%,89%,Medium,36,2.53,12.20,3%,,,Y,,90,90,90,90,110,110,90,110,140,70,110,40,70,70,70,70,90,70,110,140,110,140,140,170,140,110,140,110,110,70,110,90,140,140,110,90,140,140,110,110,170,110,110,590,140,140,170,170
affiliate partners,USD,720,22%,22%,Low,16,3.72,17.41,12%,,,Y,,590,590,590,590,480,590,590,480,720,590,720,720,590,720,720,880,720,720,720,590,880,720,880,720,880,880,720,720,720,880,880,590,880,720,720,720,720,720,720,720,590,590,720,720,880,720,880,880
business referral program,USD,90,23%,540%,Low,14,10.00,46.08,17%,,,,,30,30,40,40,40,50,50,40,90,50,70,70,70,70,70,70,70,70,70,70,70,40,50,50,70,70,40,40,50,50,40,70,40,70,70,50,90,50,70,90,90,110,90,140,260,260,390,320
referral scheme,USD,20,0%,0%,Medium,37,7.75,23.93,80%,,,,,10,20,10,20,20,20,20,20,10,30,40,50,30,10,30,20,20,20,20,20,20,20,20,30,20,20,20,30,50,40,30,10,20,20,40,20,20,30,30,20,10,20,20,30,20,20,20,20
referral marketing strategy,USD,140,23%,88%,Low,3,2.79,14.38,6%,,,,,90,90,90,70,90,70,90,90,90,110,140,140,110,110,140,140,110,170,110,110,90,90,110,140,110,90,70,110,140,170,210,140,210,140,170,170,210,140,140,140,140,140,170,170,260,260,390,320
mta marketing,USD,170,22%,86%,Low,9,8.79,28.66,,,,,,140,210,210,170,170,140,170,140,170,170,210,170,170,170,170,170,170,170,140,110,170,170,170,170,170,210,140,170,140,170,140,140,170,210,170,210,210,210,170,170,170,170,170,210,210,320,320,390
affiliate marketing management,USD,110,133%,200%,Low,11,12.39,28.00,7%,,,Y,,110,110,70,90,70,90,70,70,140,110,140,170,170,90,140,140,90,90,90,110,70,70,90,70,90,40,70,70,90,110,90,40,110,70,90,70,50,50,90,110,90,140,140,170,170,90,170,210
free referral program,USD,110,56%,0%,Low,26,6.98,23.29,28%,,,Y,,90,50,90,70,70,50,50,90,110,90,70,70,90,70,90,110,70,70,90,70,110,110,140,110,110,90,90,110,140,110,110,110,140,210,140,140,140,170,320,210,210,90,140,210,210,90,140,140
affiliate agencies,USD,50,25%,25%,Medium,46,6.00,29.68,32%,,,Y,,50,70,40,40,50,30,40,20,30,40,30,40,50,50,30,50,50,30,30,30,70,40,50,40,50,40,30,50,40,40,40,40,50,40,40,40,50,40,90,70,40,70,140,50,50,40,40,50
multi touch attribution vendors,USD,50,40%,75%,Low,33,21.38,80.66,,,,Y,,70,90,90,140,70,90,70,70,70,70,90,90,70,40,40,70,30,30,20,30,30,50,40,20,40,40,40,40,30,40,40,30,50,40,40,40,70,50,30,30,50,40,30,30,40,50,50,70
affiliate marketing partners,USD,720,22%,22%,Low,16,3.72,17.41,12%,,,Y,,590,590,590,590,480,590,590,480,720,590,720,720,590,720,720,880,720,720,720,590,880,720,880,720,880,880,720,720,720,880,880,590,880,720,720,720,720,720,720,720,590,590,720,720,880,720,880,880
refer a friend platform,USD,90,-29%,0%,Low,6,17.89,54.82,12%,,,,,20,20,20,20,30,30,10,10,10,20,20,20,20,20,10,20,20,20,20,20,20,10,10,20,20,10,10,10,30,1000,2400,20,20,10,20,50,40,20,20,20,20,50,30,10,30,70,90,50
referral marketing tools,USD,110,21%,240%,Low,5,22.36,44.88,3%,,,Y,,10,20,20,30,20,20,10,20,40,30,20,40,30,30,20,30,50,50,20,20,20,40,30,20,30,10,10,2400,1300,20,20,20,30,30,30,50,50,30,20,30,30,20,40,70,140,140,210,170
best referral marketing software,USD,140,88%,256%,Low,9,12.00,46.47,15%,,,Y,,90,110,140,90,110,90,90,110,170,140,110,140,90,90,90,140,110,110,110,140,90,110,110,90,90,110,90,110,90,110,170,140,140,90,110,90,110,110,110,70,110,110,110,140,390,170,210,320
impact partnership cloud,USD,140,0%,0%,Low,18,,,60%,,,Y,,90,50,50,50,70,70,70,70,50,50,40,40,70,40,50,50,30,40,20,30,30,30,30,20,30,20,30,10,10,10,20,10,10,20,10,10,40,30,4400,40,50,10,20,10,20,10,10,10
digital marketing attribution,USD,170,191%,88%,Low,10,10.00,40.73,,,,Y,,170,140,140,170,170,170,110,140,140,170,210,170,210,170,140,210,140,170,140,140,170,170,170,170,170,110,110,170,140,140,110,110,110,140,170,170,170,90,110,90,110,170,210,210,170,110,210,320
impact radius marketplace,USD,50,0%,-50%,Low,17,,,10%,,,Y,,50,40,40,30,50,50,50,40,40,40,30,50,40,30,30,40,40,30,20,30,30,10,40,50,30,40,40,40,30,30,40,30,30,30,20,20,30,20,40,90,20,70,480,10,10,10,70,10
attribution models in digital marketing,USD,30,0%,0%,Medium,42,4.63,22.57,,,,Y,,20,10,10,10,10,10,10,20,10,20,30,30,20,30,20,40,30,20,30,30,30,40,30,40,40,20,20,20,20,40,30,10,20,30,40,50,30,30,20,30,30,30,10,20,30,50,40,50
referral campaign,USD,90,27%,27%,Low,15,5.63,26.11,21%,,,Y,,110,90,70,90,90,90,90,90,140,90,140,90,110,90,70,110,110,90,110,90,110,90,170,90,90,70,70,70,70,70,90,70,90,90,90,110,70,90,90,110,90,110,110,90,140,110,170,140
best affiliate platform,USD,390,23%,127%,Medium,45,2.23,22.13,23%,,,Y,,260,260,320,320,320,390,320,320,390,320,320,260,480,590,390,390,320,320,260,320,390,260,320,320,320,320,320,320,260,320,390,390,480,320,320,260,260,260,1300,720,210,260,320,320,390,480,480,590
free referral software,USD,110,56%,0%,Low,26,6.98,23.29,28%,,,Y,,90,50,90,70,70,50,50,90,110,90,70,70,90,70,90,110,70,70,90,70,110,110,140,110,110,90,90,110,140,110,110,110,140,210,140,140,140,170,320,210,210,90,140,210,210,90,140,140
b2b affiliate networks,USD,40,25%,25%,Low,20,10.82,27.23,22%,,,Y,,50,50,50,70,70,40,50,70,70,40,40,20,20,20,20,20,20,20,20,20,30,30,30,50,40,20,20,30,10,20,10,20,40,30,30,40,40,30,30,20,20,30,40,50,70,40,70,50
cross channel attribution,USD,110,88%,129%,Low,5,14.14,35.40,,,,Y,,110,90,90,140,110,110,70,70,110,110,110,140,110,110,90,140,90,90,70,90,110,110,140,110,110,70,40,70,140,170,210,90,90,110,110,140,110,90,90,110,110,170,140,170,170,170,320,320
affiliate referral program,USD,210,22%,86%,Low,13,4.63,21.29,19%,,,,,170,210,170,260,210,210,170,210,210,170,140,140,140,170,170,170,170,210,260,210,210,170,210,260,320,170,170,260,210,260,170,170,260,260,210,210,260,210,210,170,140,210,480,320,390,320,390,390
affiliate saas,USD,140,23%,191%,Low,14,2.64,11.15,5%,,,Y,,50,40,40,50,40,40,40,50,90,50,70,70,90,90,70,90,90,110,140,110,110,110,140,170,170,90,90,90,90,110,140,140,170,140,170,110,140,210,170,210,210,170,140,170,260,260,320,320
partner marketing software,USD,40,55%,750%,Low,10,12.71,35.00,< 1%,,,Y,,20,10,10,10,10,10,10,10,10,10,20,30,20,10,40,20,40,30,20,10,20,30,20,110,70,30,10,10,40,20,50,20,40,30,40,20,30,70,50,50,50,50,40,50,170,110,110,170
multi touch marketing attribution,USD,1300,23%,23%,Medium,38,11.66,29.36,,,,,,1300,1300,1300,1300,1300,1300,1300,1000,1600,1600,1600,1600,1600,1600,1600,1900,1600,1600,1600,1000,1300,1600,1900,1300,1300,1300,1300,1300,1300,1300,1300,880,1000,1300,1300,1300,1600,1000,1000,1000,1000,1300,1300,1000,1300,1300,1600,1600
affiliate partner program,USD,90,100%,56%,Low,13,2.70,16.88,4%,,,Y,,70,110,110,110,90,90,90,90,140,90,90,110,70,90,90,70,70,70,90,110,170,140,110,110,90,110,70,90,90,110,70,90,110,90,50,90,70,70,70,90,70,70,210,170,170,70,170,140
multi channel attribution tools,USD,10,0%,0%,Low,13,,,,,,Y,,10,10,10,10,10,10,10,10,10,10,20,10,10,10,10,10,10,20,20,10,10,10,50,20,10,10,10,10,10,10,10,10,10,20,20,20,10,10,10,10,10,10,10,10,30,20,20,20
advertising attribution,USD,320,23%,-18%,Low,24,9.52,33.89,,,,Y,,320,320,260,320,260,390,320,320,320,390,390,390,390,320,390,390,320,390,390,320,390,390,390,390,390,260,210,260,320,320,320,260,320,390,390,390,320,320,320,320,320,390,320,260,390,260,390,320
best referral program,USD,590,23%,-18%,Medium,34,2.43,15.00,35%,,,,,590,590,590,590,590,480,590,590,480,590,590,720,720,720,720,720,590,590,590,480,720,590,590,720,590,590,590,590,720,590,720,720,720,720,590,720,720,590,480,480,390,390,390,480,590,480,590,590
referral system for business,USD,20,0%,100%,Medium,50,11.33,31.79,30%,,,,,10,10,20,30,40,50,30,30,40,30,40,40,30,10,30,50,30,30,10,10,10,10,10,10,20,10,20,10,20,10,10,10,20,20,10,10,10,10,50,30,20,70,10,10,20,20,20,20
business to business referral program,USD,30,400%,67%,Low,7,6.57,34.79,16%,,,,,10,20,30,20,20,10,20,30,30,20,40,20,20,30,10,20,20,10,40,30,20,20,30,30,50,30,20,30,50,70,50,30,20,30,20,30,20,20,20,20,30,30,30,50,40,10,30,50
affiliate marketing impact,USD,20,0%,0%,Low,29,3.36,49.16,70%,,,Y,,10,20,10,20,10,10,10,20,20,20,10,10,10,10,20,20,10,10,10,10,10,20,30,30,30,20,30,20,30,20,20,10,20,20,20,30,20,20,20,20,30,40,30,20,20,30,110,30
referral marketing companies,USD,40,-43%,33%,Low,7,3.62,23.84,13%,,,,,110,140,110,140,90,50,50,30,50,40,50,30,50,50,50,50,40,30,30,50,20,10,20,10,10,10,10,30,10,20,20,10,10,20,20,30,30,30,30,40,40,70,70,40,50,70,50,40
customer referral program software,USD,30,29%,200%,Low,7,12.18,53.96,10%,,,Y,,10,20,20,20,20,20,10,20,10,20,30,20,10,20,20,40,20,10,10,10,10,20,10,30,20,20,10,20,20,30,30,30,30,30,40,30,30,20,20,20,20,20,20,30,40,70,90,90
deferred deep linking,USD,260,22%,50%,Low,9,2.00,5.79,,,,,,260,260,210,260,210,260,170,210,210,260,320,320,260,260,260,320,260,260,260,260,260,260,260,320,320,320,260,320,260,320,260,260,320,260,320,260,320,320,320,260,260,260,210,260,320,320,320,390
impact influencer,USD,110,27%,-18%,Medium,48,1.50,15.00,100%,,,Y,,90,70,90,90,110,110,70,110,90,90,90,90,90,90,110,90,70,90,110,90,110,90,110,110,110,140,170,140,110,140,140,140,210,170,170,170,140,140,170,170,170,140,170,170,170,110,170,140
top referral programs,USD,70,40%,0%,Low,29,4.74,33.67,21%,,,,,40,50,50,70,70,50,70,70,90,90,110,70,70,90,50,50,70,70,70,70,50,40,40,70,50,70,50,50,40,40,70,50,70,50,70,70,90,90,70,50,40,30,20,20,40,50,70,70
multi touch attribution partners,USD,10,-67%,0%,Medium,59,15.00,40.00,,,,,,10,10,10,10,10,20,10,20,10,20,20,10,20,10,10,20,30,20,10,20,20,10,10,10,10,10,10,10,10,20,10,10,30,30,10,10,10,20,10,10,10,20,10,10,20,30,10,10
referral marketing program,USD,140,52%,129%,Low,5,9.49,41.23,7%,,,Y,,110,110,110,110,110,140,110,140,140,140,140,140,140,140,140,170,140,140,170,110,140,140,590,140,170,110,110,90,110,90,90,90,110,140,110,140,110,110,110,140,110,110,140,170,170,210,320,320
refer a friend programs,USD,480,50%,50%,Low,27,5.00,21.04,46%,,,,,390,480,590,390,390,590,590,480,390,390,390,390,390,320,480,390,320,390,390,320,390,320,480,390,390,320,320,480,590,320,210,260,320,320,320,320,320,320,320,320,320,390,1600,1300,480,320,390,480
best b2b affiliate programs,USD,20,50%,50%,Low,25,5.24,15.37,27%,,,Y,,20,10,20,30,20,20,20,20,20,20,20,10,10,20,10,30,20,20,20,20,20,20,40,30,20,30,20,30,20,20,20,30,20,30,30,20,30,30,20,30,40,30,30,30,30,20,40,30
mta attribution,USD,50,40%,0%,Medium,43,11.26,28.66,,,,,,40,50,50,50,40,50,50,40,40,50,50,40,40,30,40,40,40,40,40,40,50,50,50,40,40,50,30,50,50,50,40,40,40,40,50,70,70,50,30,30,30,40,30,40,50,50,50,70
mta model,USD,140,0%,21%,Low,28,8.68,21.21,,,,,,110,110,110,140,140,140,140,110,140,140,170,140,110,140,140,140,140,140,110,110,110,140,170,110,140,170,140,170,110,110,110,110,170,170,140,140,170,110,140,110,140,140,110,110,110,170,170,170
affiliate fraud,USD,110,21%,89%,Low,4,4.61,16.13,,,,Y,,70,70,70,70,70,50,70,70,70,70,90,110,90,90,90,110,70,90,140,110,110,110,170,90,110,140,70,50,140,170,320,140,140,50,110,90,90,50,50,50,70,90,90,140,170,140,170,170
forrester total economic impact study,USD,70,29%,29%,Medium,49,8.99,23.59,,,,,,40,40,40,30,40,50,30,40,90,50,70,50,70,50,70,90,50,50,70,50,50,50,70,50,90,70,70,70,70,40,40,40,70,30,140,70,50,50,70,70,70,50,30,50,70,70,110,90
nielsen multi touch attribution,USD,10,0%,0%,High,71,,,,,,,,20,20,20,30,30,20,20,20,20,20,20,20,20,10,20,10,10,10,10,10,30,20,20,20,10,20,10,10,10,10,10,20,10,10,10,10,10,10,10,10,10,10,10,10,10,10,10,10
referral program companies,USD,110,-21%,22%,Low,11,4.08,28.08,14%,,,,,140,110,90,90,110,110,90,70,110,110,110,110,110,110,140,140,140,90,140,110,140,110,140,140,140,90,90,140,90,110,140,70,140,90,70,90,90,50,90,70,70,110,110,90,170,140,170,110
mta multi touch attribution,USD,20,33%,100%,Low,33,13.42,24.15,,,,,,20,10,20,10,20,20,20,30,40,30,40,20,30,20,20,20,30,30,20,20,20,10,20,20,20,20,10,20,20,20,20,20,10,10,20,20,30,10,20,20,20,30,20,20,20,30,20,40
referral programs that work,USD,30,25%,25%,Low,16,2.61,20.22,18%,,,,,40,30,40,40,40,30,20,30,50,30,50,30,40,30,30,30,20,30,40,40,40,40,30,30,20,30,20,10,10,10,10,20,20,20,20,40,20,10,30,20,30,20,20,20,20,40,50,50
referral marketing examples,USD,480,22%,22%,Low,14,2.89,11.60,24%,,,,,260,260,260,320,390,390,390,390,480,390,480,390,390,320,320,390,320,390,390,320,590,480,590,590,590,480,590,590,590,590,480,390,590,480,590,590,480,480,480,480,480,390,1000,880,880,590,590,720
the best referral programs,USD,20,100%,0%,Low,32,2.05,9.63,35%,,,,,10,10,20,20,20,20,20,20,20,20,20,20,30,20,20,30,20,10,20,30,10,20,20,20,20,30,10,20,20,30,10,10,20,10,10,20,20,10,10,10,10,10,10,20,10,10,10,20
multi touch attribution reporting,USD,10,0%,0%,Medium,66,18.86,43.67,,,,,,30,10,10,10,10,20,10,10,20,10,10,20,10,10,10,10,10,10,10,10,10,10,10,20,10,10,10,10,10,10,10,10,20,10,10,10,10,10,10,10,10,10,10,10,10,10,10,10
referrals marketing,USD,1600,30%,-55%,Low,16,5.92,27.69,28%,,,,,880,880,880,1000,1000,1000,1000,1000,1000,1000,1300,1000,880,880,1000,1000,1000,1000,1300,1000,1000,1000,1300,1000,1600,1000,1300,1600,2400,3600,2900,2400,1900,2400,2400,2900,3600,2900,2900,4400,1900,880,880,720,1000,1000,1300,1300
impact referral program,USD,30,0%,-60%,Medium,38,10.05,41.42,100%,,,Y,,10,10,10,10,10,10,20,20,10,10,30,10,10,20,10,20,10,20,20,20,30,20,40,30,30,30,40,20,20,30,20,10,30,40,30,50,30,40,20,50,40,260,70,30,40,20,40,20
build a referral program,USD,90,-19%,55%,Low,16,6.80,28.91,24%,,,,,110,70,90,90,90,110,90,90,110,90,90,90,110,70,90,90,70,90,90,90,140,90,90,140,90,90,110,70,90,90,90,90,140,110,140,110,110,110,70,90,70,50,70,70,90,210,210,170
walmart affiliate program requirements,USD,110,0%,-59%,Low,18,0.87,3.28,,,,,,10,20,10,40,110,40,40,50,110,40,50,140,40,50,110,170,20,20,10,30,20,40,50,90,210,320,390,70,70,170,210,110,110,140,210,170,90,260,110,90,140,140,210,50,140,70,50,70
forrester tei calculator,USD,20,0%,-50%,Medium,52,6.44,24.84,,,,,,20,10,10,10,10,10,10,10,20,20,30,20,20,20,20,20,20,10,30,10,10,20,10,10,10,10,10,10,20,10,30,10,20,20,20,20,10,20,20,30,20,20,10,10,10,10,10,10
affiliate marketing affiliate programs,USD,18100,50%,-18%,Low,25,1.22,7.77,4%,,,Y,,6600,6600,6600,6600,6600,6600,6600,6600,12100,9900,9900,9900,9900,14800,14800,18100,14800,14800,14800,18100,27100,18100,22200,33100,33100,40500,49500,40500,33100,33100,27100,27100,40500,27100,22200,22200,22200,22200,22200,18100,18100,18100,12100,14800,22200,12100,14800,18100
impact radius affiliate program,USD,20,150%,400%,Low,19,2.85,22.13,56%,,,Y,,30,40,30,40,40,30,20,30,50,30,40,30,20,20,20,10,10,10,10,20,20,20,10,10,20,20,20,20,10,10,10,20,20,10,10,10,10,10,10,10,10,10,10,10,30,20,90,50
multi touchpoint attribution,USD,10,-50%,0%,High,74,15.00,36.62,,,,,,10,10,10,10,10,10,10,10,10,10,10,10,10,10,10,10,10,10,10,10,10,10,10,10,10,10,10,10,10,10,10,10,10,10,10,10,10,10,10,10,10,10,10,10,10,20,10,10
easy referral program,USD,30,0%,-50%,Medium,44,1.39,9.10,50%,,,,,20,20,20,40,30,50,50,70,70,70,50,70,50,20,30,30,40,20,20,30,30,20,20,30,30,20,20,20,20,20,20,20,20,20,20,20,10,10,20,10,10,10,10,10,10,10,10,10
referral companies,USD,110,-21%,-35%,Medium,36,3.81,18.23,73%,,,,,70,110,90,110,90,70,70,70,110,140,110,110,110,90,70,90,70,90,90,70,140,110,110,110,110,110,140,110,110,110,140,110,170,140,110,170,170,140,110,110,140,170,140,140,170,140,110,110
multi attribution model,USD,20,-25%,50%,Low,24,12.00,22.63,,,,Y,,20,20,20,20,20,20,30,20,30,30,30,30,30,20,20,10,30,30,40,40,30,20,10,20,10,30,20,10,20,20,20,20,20,20,20,20,20,20,20,10,20,40,20,10,40,40,40,30
website affiliate program,USD,210,24%,24%,Low,24,1.94,10.05,7%,,,Y,,210,210,260,260,260,260,210,260,260,170,140,140,110,140,140,140,110,140,170,140,210,170,210,210,260,210,260,210,210,170,210,260,260,210,210,210,210,210,170,170,140,140,170,170,210,210,260,260
make a pie graph,USD,27100,83%,22%,Low,1,0.84,2.79,,,,,,22200,14800,12100,18100,27100,27100,27100,27100,22200,27100,27100,33100,27100,18100,14800,18100,27100,27100,27100,27100,27100,27100,27100,33100,27100,18100,14800,22200,27100,33100,33100,33100,27100,27100,27100,40500,27100,18100,14800,18100,27100,27100,33100,27100,27100,27100,33100,49500
lead attribution model,USD,20,0%,-33%,Medium,33,7.29,41.08,,,,,,30,20,20,30,10,10,10,20,10,20,30,20,30,30,20,30,20,20,20,30,20,40,20,20,20,20,20,10,30,20,40,20,40,30,30,30,20,20,30,20,10,40,20,10,20,20,30,20
referral program website,USD,50,-64%,0%,Low,16,3.33,16.14,16%,,,,,30,30,50,40,30,30,20,30,40,40,40,30,40,40,40,40,20,40,30,30,40,30,70,40,30,50,50,40,30,30,30,40,50,30,40,50,70,40,50,20,70,70,50,50,110,140,110,50
refer a friend campaign,USD,50,89%,240%,Low,3,8.91,20.68,7%,,,,,50,40,40,50,40,40,50,40,50,50,50,40,50,50,70,50,50,50,40,20,50,40,30,40,50,40,30,40,50,40,30,30,20,20,40,50,40,20,30,30,30,20,20,20,50,90,90,170
business referrals,USD,480,51%,0%,Low,23,4.98,18.53,27%,,,,,480,390,390,390,480,390,390,320,390,480,480,390,390,390,390,480,390,390,480,390,480,480,480,480,480,390,320,390,390,390,390,480,590,480,480,590,480,390,390,480,390,480,480,320,590,390,480,590
b2b affiliate marketing networks,USD,40,25%,25%,Low,20,10.82,27.23,22%,,,,,50,50,50,70,70,40,50,70,70,40,40,20,20,20,20,20,20,20,20,20,30,30,30,50,40,20,20,30,10,20,10,20,40,30,30,40,40,30,30,20,20,30,40,50,70,40,70,50
roi in digital marketing,USD,320,125%,177%,Low,3,4.52,16.70,,,,,,260,170,210,210,260,260,210,260,320,320,390,390,480,390,320,480,390,390,320,320,320,320,320,320,320,210,260,260,320,210,390,210,210,210,260,260,210,170,260,210,390,320,480,480,480,320,590,720
b2b affiliate,USD,170,86%,129%,Low,9,6.61,22.91,11%,,,Y,,140,110,110,140,110,110,110,90,140,110,140,110,140,140,170,140,110,110,170,210,170,140,140,170,140,140,110,140,140,170,210,210,210,210,170,170,170,170,170,170,140,140,140,140,260,210,480,390
affiliate marketing fraud detection,USD,50,57%,120%,Low,9,5.90,23.75,,,,,,40,30,30,30,30,30,20,40,30,40,50,70,70,90,70,70,40,50,70,110,70,70,90,50,50,40,30,30,30,30,40,40,30,20,30,50,20,30,30,30,50,40,20,40,110,70,140,110
online referral programs,USD,50,-36%,29%,Low,17,4.27,25.86,27%,,,,,70,70,70,50,70,70,50,70,90,50,50,50,50,50,50,50,30,30,40,20,30,30,40,50,70,40,50,50,40,30,40,40,70,50,50,70,50,40,50,50,50,30,30,30,70,140,140,90
track referrals,USD,40,-22%,40%,Low,14,8.19,24.74,19%,,,,,30,30,20,30,40,40,40,40,70,40,40,50,40,40,30,50,20,20,40,40,50,50,70,40,50,50,20,30,30,40,30,40,40,40,50,50,40,40,30,30,40,30,50,50,70,90,110,70
loyalty and referral programs,USD,20,33%,100%,Low,18,14.34,47.59,30%,,,,,10,10,10,10,20,30,10,10,20,10,30,10,20,20,10,10,20,20,10,10,30,20,20,20,20,20,10,20,10,10,20,10,20,10,20,20,10,20,10,10,20,30,170,110,50,30,40,40
the affiliate program,USD,20,50%,200%,Low,28,1.70,8.75,,,,,,20,20,30,20,30,10,20,20,30,10,30,20,20,30,20,70,40,40,20,90,40,30,20,30,20,30,20,10,20,20,20,10,20,20,20,10,10,10,10,10,20,30,30,30,30,20,20,30
sales referral program,USD,20,-50%,-67%,Medium,55,4.27,18.64,60%,,,,,20,20,10,20,30,30,30,30,30,30,20,10,10,10,10,20,10,20,20,20,20,20,10,20,10,30,20,20,30,20,20,10,30,20,20,30,20,20,40,20,10,20,10,20,40,20,20,10
best refer a friend programs,USD,50,0%,75%,Low,6,3.19,15.00,,,,,,50,70,50,90,50,70,110,70,70,50,70,70,50,70,50,70,70,50,70,50,50,70,70,50,50,30,50,50,50,50,30,20,40,50,40,40,40,50,50,50,50,90,40,40,50,70,70,70
first touch attribution,USD,140,55%,21%,Low,15,4.80,16.36,,,,,,140,110,70,140,90,110,140,90,140,140,140,140,110,110,140,140,140,140,140,140,140,140,170,140,140,140,110,110,110,140,140,90,90,90,110,140,110,110,110,110,110,140,110,110,140,110,210,170
marketing channel attribution,USD,30,0%,25%,Low,12,15.00,48.43,,,,Y,,30,20,20,40,30,20,10,20,20,30,30,30,40,30,30,30,30,20,20,40,40,40,50,20,30,40,30,20,30,20,30,20,30,30,30,40,30,20,20,10,30,40,30,40,40,50,50,50
forrester roi calculator,USD,20,100%,100%,Low,16,5.30,21.75,,,,,,10,10,10,20,10,10,10,10,30,10,10,10,10,20,20,30,20,20,10,30,30,20,20,20,10,30,10,20,30,20,20,20,20,40,40,10,20,10,10,20,10,20,10,10,10,10,10,20
affiliate brands,USD,140,27%,-18%,Low,22,0.74,6.71,12%,,,Y,,50,50,110,70,70,90,90,110,110,90,70,110,90,110,110,90,90,140,110,110,110,110,170,140,170,170,210,170,140,140,170,210,260,210,170,170,170,260,210,170,210,140,140,210,170,110,210,140
affirm affiliate program,USD,70,-40%,-67%,Low,29,4.73,26.50,,,,,,30,40,40,50,50,70,70,50,70,70,70,90,70,90,70,90,50,50,70,70,90,70,70,70,70,110,90,90,90,70,110,110,70,90,90,90,70,50,110,140,50,70,50,50,70,50,90,30
customer success story template,USD,110,-47%,0%,Low,1,,,,,,,,50,70,70,70,70,70,50,50,110,90,110,110,90,90,70,110,90,90,90,70,140,140,170,140,110,90,110,110,90,110,110,70,170,170,140,170,140,110,110,140,110,140,140,140,210,320,210,170
referral system software,USD,10,50%,200%,Low,10,14.27,28.87,13%,,,,,10,10,10,10,10,10,10,10,20,10,10,20,10,10,10,10,10,10,10,10,10,10,10,10,10,10,10,10,10,10,10,10,10,10,10,10,10,20,10,20,20,20,20,20,70,20,40,30
multi touch attribution machine learning,USD,20,0%,200%,Low,13,9.00,18.00,,,,,,20,10,10,20,10,10,10,10,20,10,10,10,10,20,20,30,20,20,20,20,10,10,30,20,20,20,30,20,10,10,10,10,10,20,20,10,10,10,10,10,10,10,10,20,10,30,20,30
agency referral program,USD,30,0%,67%,Low,11,5.52,17.58,18%,,,,,10,20,10,10,10,10,10,10,10,20,20,20,20,20,30,20,20,20,40,20,20,30,30,40,30,40,50,30,40,90,50,10,20,30,30,30,30,30,30,30,30,40,40,50,70,50,50,50
affiliate marketing work,USD,20,-67%,-50%,Low,18,1.89,9.20,,,,,,10,10,10,10,10,10,10,10,20,10,10,10,10,10,20,20,10,10,10,10,30,20,30,20,30,20,40,30,30,20,20,40,30,20,20,20,20,10,10,10,10,10,10,10,20,30,10,10
marketing attribution analysis,USD,40,75%,133%,Low,8,16.44,78.13,,,,Y,,30,10,20,50,50,40,30,30,30,50,50,50,40,70,30,50,50,50,30,40,50,70,70,70,40,40,20,30,20,30,50,40,50,30,70,30,40,50,20,20,30,50,50,40,90,40,70,70
best referral schemes,USD,10,-67%,0%,Low,0,,,,,,,,10,0,0,0,10,10,0,10,10,10,10,10,0,10,10,10,10,10,10,10,10,10,10,10,10,10,20,10,10,10,10,10,10,10,0,10,10,0,10,10,10,10,10,10,10,30,30,10
customer referral incentive program,USD,10,0%,300%,Low,4,,,8%,,,,,10,10,10,10,10,10,10,20,30,10,20,20,10,10,10,10,10,10,10,10,10,10,10,10,20,10,20,10,10,10,10,10,10,10,10,10,10,10,10,10,10,30,40,30,20,40,70,40
email referral software,USD,10,0%,âˆž,Medium,33,,,20%,,,,,10,20,10,10,10,10,10,10,10,10,10,10,10,10,10,10,10,10,10,10,10,10,0,10,10,10,10,10,10,10,10,10,10,10,0,0,10,10,10,10,10,10,10,0,10,10,10,10
energy affiliate program,USD,30,0%,50%,Low,20,4.36,24.73,,,,,,50,50,50,50,70,50,50,40,50,30,30,30,30,30,20,20,20,20,30,20,20,20,30,30,20,20,30,30,10,20,30,30,20,20,20,20,20,10,20,20,30,30,10,40,40,30,40,30
digital attribution model,USD,70,29%,29%,Low,2,,,,,,,,20,30,30,40,50,40,30,30,40,70,90,140,90,50,50,70,40,50,50,70,90,50,70,90,90,50,50,70,70,70,40,50,70,70,70,70,90,50,40,50,50,50,50,50,50,70,110,90
advertising roi,USD,320,50%,22%,Low,9,4.26,31.31,,,,,,320,260,260,260,320,320,260,260,260,390,390,390,320,320,210,260,320,320,590,320,320,320,320,320,260,210,170,260,320,320,260,260,260,320,260,320,260,210,170,260,260,260,320,320,320,260,480,390
shopify impact,USD,20,-33%,-33%,Low,7,,,,,,,,10,10,10,10,10,10,10,10,10,10,10,10,10,20,10,10,10,30,20,10,20,10,20,20,20,20,20,30,20,30,20,20,30,10,20,30,40,40,50,40,40,40,40,30,40,30,20,20
tei study,USD,30,-33%,0%,Low,25,5.54,11.30,,,,,,30,20,20,20,30,30,20,20,30,20,50,10,30,30,50,70,50,40,30,30,30,20,30,20,30,20,20,20,20,20,20,20,30,30,30,20,10,20,30,20,30,30,20,30,40,30,40,20
multi channel attribution models,USD,90,50%,91%,Low,5,7.93,21.48,,,,,,90,70,70,110,90,70,50,70,90,90,110,90,110,70,70,110,90,110,140,110,90,90,140,140,110,70,50,70,70,50,50,50,70,40,90,110,90,90,70,70,90,90,90,90,170,140,260,210
multi touch attribution solutions,USD,30,0%,150%,Low,13,35.85,76.04,,,,Y,,30,10,20,20,10,20,30,30,40,40,30,40,70,50,40,70,40,30,10,20,50,20,20,20,10,20,10,10,20,40,50,20,10,10,10,20,30,20,10,20,20,30,30,40,50,50,50,50
walmart affiliate marketing program,USD,9900,22%,-18%,Low,24,0.86,1.06,,,,Y,,1300,1600,1300,1300,1300,1600,1600,1000,1600,1300,1600,1600,3600,4400,4400,5400,4400,6600,8100,6600,8100,6600,6600,6600,27100,74000,33100,33100,22200,18100,18100,14800,14800,12100,12100,12100,9900,12100,14800,9900,18100,14800,9900,8100,8100,8100,6600,9900
successful referral programs,USD,30,0%,0%,Medium,55,4.80,15.00,100%,,,,,40,40,30,30,30,30,40,30,30,40,50,40,30,30,30,50,30,30,30,30,30,20,40,30,20,30,30,40,20,20,20,30,30,30,20,20,30,40,20,20,20,30,20,20,10,20,30,20
customer success case study,USD,20,0%,100%,Low,25,10.84,22.69,,,,,,20,20,10,20,20,10,30,10,20,30,30,30,20,30,20,20,30,20,20,20,20,10,20,20,20,30,20,20,10,20,10,10,20,20,10,10,10,10,10,20,20,10,10,10,10,20,20,20
best app referral programs,USD,70,100%,0%,Low,13,,,5%,,,,,40,50,70,110,170,260,260,390,320,210,170,90,110,90,70,70,70,50,50,90,140,50,50,30,40,30,30,30,30,30,20,10,20,20,10,20,10,10,20,10,10,30,20,20,10,10,30,20
custom attribution model,USD,30,125%,200%,Low,9,5.07,40.00,,,,Y,,30,10,10,10,10,30,30,40,40,40,40,50,50,30,20,20,20,30,40,30,40,50,40,50,90,50,10,20,20,20,10,30,20,20,40,30,40,40,30,30,40,20,10,20,30,40,90,90
multi touch attribution example,USD,20,-50%,-33%,Low,23,7.43,18.07,,,,,,30,10,20,10,10,10,20,10,10,30,20,10,10,20,30,30,20,10,10,10,10,20,20,20,30,20,30,20,20,10,20,10,30,40,30,30,40,20,10,10,20,30,10,10,10,40,20,20
segment multi touch attribution,USD,10,0%,0%,High,71,,,,,,,,20,10,10,20,20,10,10,10,20,10,20,20,10,10,30,20,10,10,10,10,10,10,10,10,10,10,10,10,10,10,10,10,10,10,10,10,10,10,10,10,10,10,10,10,10,10,10,10
multi touch attribution model example,USD,10,-60%,0%,Medium,40,6.71,20.00,,,,,,20,10,10,10,10,10,10,10,10,10,20,10,20,10,10,30,10,10,20,10,10,20,10,20,10,10,10,10,10,20,10,20,10,10,10,20,10,10,10,10,10,20,20,20,20,50,20,20
free referral app,USD,30,50%,0%,Low,23,2.89,12.41,20%,,,,,20,10,20,30,20,20,40,30,50,20,20,30,30,30,50,20,10,20,20,20,20,20,20,20,20,20,30,30,30,40,30,40,30,30,40,30,40,50,70,50,70,20,10,30,40,20,30,30
in app referral program,USD,10,0%,0%,High,75,10.67,36.87,50%,,,,,20,10,20,20,10,10,10,10,20,10,10,20,10,10,10,10,10,10,10,10,20,10,10,10,20,10,10,10,10,10,10,10,10,10,10,10,10,10,10,10,10,10,10,10,10,10,10,10
referral marketing app,USD,40,133%,600%,Low,3,3.25,25.97,7%,,,,,10,10,10,10,10,10,10,10,10,10,10,20,10,10,10,10,10,10,10,10,10,10,10,10,10,10,10,10,10,880,590,10,10,10,10,10,10,10,20,10,10,30,30,20,20,30,70,70
multi attribution,USD,20,200%,50%,Low,15,8.09,32.98,,,,Y,,10,10,10,10,20,10,10,10,10,10,30,20,20,30,50,50,40,40,10,10,10,10,10,10,10,10,10,10,20,50,50,20,10,10,10,20,10,10,10,10,10,10,10,10,10,10,20,30
walmart partner program,USD,50,0%,-57%,Medium,51,0.92,3.35,,,,,,40,70,50,50,40,50,50,20,20,20,20,20,20,30,40,30,30,40,70,90,50,50,50,70,70,110,90,70,70,70,70,40,40,50,50,70,50,50,90,70,70,50,40,50,50,30,30,30
affiliate network platform,USD,50,-29%,25%,Low,21,6.08,31.25,26%,,,Y,,50,50,50,50,50,50,40,50,50,20,20,20,50,40,50,40,50,70,50,70,70,70,70,50,90,50,70,70,50,40,50,70,50,50,30,40,30,20,20,30,30,70,40,40,50,70,70,50
refer a friend marketing,USD,30,320%,950%,Low,3,6.06,19.12,6%,,,,,40,30,30,40,30,50,20,40,40,50,40,50,30,50,30,50,20,50,40,30,30,20,50,40,20,20,20,20,20,10,20,20,20,40,20,20,20,10,10,20,10,10,30,20,40,50,70,210
referral marketing ideas,USD,140,0%,191%,Low,6,3.14,10.59,4%,,,,,140,170,140,140,140,110,110,110,140,110,140,140,140,110,110,170,110,140,140,110,140,140,170,210,320,140,140,170,170,110,90,90,140,110,110,110,140,90,110,110,110,110,140,110,170,320,320,320
setting up a referral program,USD,20,-60%,0%,Medium,43,11.04,41.26,45%,,,,,10,20,20,20,20,20,30,30,30,30,20,20,10,20,30,20,20,20,30,30,20,20,30,30,30,30,30,20,20,30,20,20,10,30,20,20,20,20,30,20,20,20,20,10,20,50,50,20
manage affiliate program,USD,210,23%,182%,Low,10,8.92,24.75,9%,,,Y,,210,210,210,260,210,170,170,210,210,210,170,260,210,170,260,260,170,140,210,140,140,170,140,170,260,140,140,170,170,260,260,210,170,140,140,170,110,140,210,210,170,390,320,390,390,390,480,480
referral marketing agency,USD,10,0%,-50%,Medium,65,2.92,17.25,20%,,,,,10,10,10,10,10,10,10,10,10,10,10,10,10,10,10,10,10,10,10,10,10,10,10,10,10,10,10,10,10,30,10,20,10,20,20,20,20,20,10,10,20,30,30,30,30,10,10,10
digital marketing referral program,USD,10,0%,100%,Low,9,,,20%,,,,,10,10,10,10,10,10,10,20,20,20,20,10,10,10,10,10,10,10,20,20,10,10,10,10,10,10,10,20,10,30,10,10,10,10,10,10,30,10,10,10,30,40,30,30,40,20,10,20
first click attribution,USD,110,433%,586%,Low,1,6.58,17.17,,,,,,70,70,50,50,50,50,70,70,50,90,90,70,90,70,50,110,70,70,90,70,70,90,110,70,70,70,50,50,70,70,70,50,70,70,90,70,40,30,40,70,260,210,260,390,260,90,480,480
google multi touch attribution,USD,10,0%,0%,Medium,38,12.00,31.81,,,,,,10,10,20,10,10,10,20,10,10,10,20,20,10,20,10,10,20,10,10,10,30,10,10,10,20,10,10,10,10,20,10,20,10,10,10,10,10,10,10,10,10,10,10,10,10,10,20,10
customer success story examples,USD,70,-25%,-40%,Low,1,,,,,,,,70,90,110,90,90,70,50,70,90,90,110,110,90,110,70,70,50,70,40,50,70,90,90,90,50,50,50,70,50,50,50,20,40,40,40,50,30,30,50,40,30,40,40,30,40,40,30,30
referral code program,USD,10,0%,0%,High,86,8.46,13.62,40%,,,,,10,10,10,10,10,30,10,10,10,10,10,10,10,10,10,10,10,10,10,10,10,10,20,10,10,10,20,10,10,10,10,10,10,10,10,10,10,10,10,10,10,10,10,10,10,10,10,10
media attribution model,USD,30,25%,25%,Low,10,9.92,24.68,,,,Y,,50,40,30,40,30,40,30,40,50,40,50,30,50,30,10,40,10,30,40,30,20,20,20,40,40,20,20,30,30,20,30,30,30,30,30,40,20,20,20,30,30,20,20,50,30,40,40,50
mobile app referral program,USD,20,25%,150%,Low,7,3.07,15.00,8%,,,,,10,10,10,10,20,30,10,20,20,20,30,140,20,20,20,20,20,40,30,20,40,20,20,20,30,20,10,10,20,10,10,20,10,10,10,20,30,20,10,10,10,10,20,20,30,40,50,50
referral marketing websites,USD,260,0%,-56%,Low,32,3.05,10.37,36%,,,,,210,210,260,210,210,260,170,210,260,210,210,260,210,210,210,210,260,210,210,140,320,320,320,320,320,260,260,260,260,260,320,320,390,390,390,590,390,320,210,260,480,590,210,210,260,260,260,260
ad fraud solutions,USD,40,-22%,133%,Low,1,,,,,,,,10,10,10,10,10,10,10,10,10,10,20,30,20,30,30,70,50,70,50,70,50,50,40,30,30,30,10,10,10,10,20,30,30,30,40,30,30,40,50,70,70,90,90,90,140,90,70,70
affirm partner,USD,390,50%,-34%,Low,5,7.51,22.19,,,,,,390,390,320,720,720,880,720,480,720,590,390,320,480,480,390,390,320,320,260,260,260,320,210,210,320,260,320,480,390,480,480,390,590,590,480,590,320,320,210,260,320,320,320,260,320,260,320,390
multi touch attribution analysis,USD,20,-40%,200%,Low,14,10.02,25.77,,,,,,10,10,20,20,10,20,10,30,30,30,40,30,40,50,40,50,30,20,10,10,10,10,10,10,10,20,10,10,10,10,10,10,10,10,10,10,10,10,10,10,10,10,10,10,10,50,40,30
affiliate fraud prevention,USD,10,0%,400%,Low,1,,,,,,,,10,10,10,10,10,10,10,10,0,10,20,20,10,10,10,20,10,10,40,30,20,10,30,10,10,10,10,10,10,20,30,10,10,10,10,10,10,10,10,10,20,10,10,10,40,50,70,50
referral strategy examples,USD,20,-50%,100%,Low,0,,,,,,,,30,20,10,10,20,20,20,20,10,20,20,20,20,10,10,20,10,30,20,10,10,10,20,10,10,30,20,20,10,10,20,10,20,20,10,10,10,10,10,10,10,10,10,10,10,40,40,20
free referrals,USD,50,40%,0%,Low,10,3.13,8.93,21%,,,,,40,40,30,40,70,40,30,50,70,50,30,40,50,30,50,40,50,40,40,40,50,70,70,90,50,50,30,50,70,40,50,50,70,70,70,70,70,110,90,90,70,50,50,90,90,50,90,70
partner lifecycle management,USD,20,300%,100%,Low,7,4.95,9.20,,,,,,10,20,10,20,10,30,20,10,30,20,30,40,20,30,20,50,30,10,10,10,20,10,20,10,20,10,20,10,20,10,20,10,30,40,20,20,30,20,10,20,20,30,20,30,30,10,30,40
good referral program,USD,590,23%,-18%,Medium,34,2.43,15.00,35%,,,,,590,590,590,590,590,480,590,590,480,590,590,720,720,720,720,720,590,590,590,480,720,590,590,720,590,590,590,590,720,590,720,720,720,720,590,720,720,590,480,480,390,390,390,480,590,480,590,590
pie chart data visualization,USD,70,25%,-29%,Low,12,4.67,8.36,,,,,,70,50,50,50,70,70,70,40,70,90,90,70,50,50,50,70,110,70,70,40,90,90,70,70,50,50,70,70,90,70,50,40,70,90,50,70,70,40,40,50,70,50,50,30,50,40,50,50
affiliate marketing with walmart,USD,20,-50%,-67%,Low,25,,,,,,,,10,10,10,10,10,10,10,10,10,10,10,10,10,10,10,50,10,10,10,20,20,20,20,10,30,50,30,30,30,30,30,30,20,20,10,30,20,10,20,40,20,20,10,10,20,20,10,10
referral marketing system,USD,30,-18%,80%,Low,2,,,4%,,,Y,,30,20,10,30,20,20,10,30,30,40,40,70,40,30,30,30,10,50,20,20,10,20,20,20,40,20,10,20,20,10,30,30,10,20,30,50,30,20,10,30,10,20,20,30,50,110,110,90
channel attribution,USD,140,-21%,-35%,Low,12,12.93,23.47,,,,Y,,50,70,70,110,90,90,50,40,90,140,140,140,170,140,140,110,90,90,110,170,210,140,170,210,210,170,140,110,210,210,140,140,170,170,140,170,140,70,90,70,70,90,70,70,70,140,170,110
best referral campaigns,USD,20,-22%,600%,Low,3,,,7%,,,,,20,10,20,10,10,10,20,30,40,30,30,50,20,20,20,50,20,20,30,20,20,20,10,20,30,30,20,20,20,10,10,10,10,20,20,10,10,10,10,10,10,10,10,10,50,90,90,70
great referral programs,USD,590,23%,-18%,Medium,34,2.43,15.00,35%,,,,,590,590,590,590,590,480,590,590,480,590,590,720,720,720,720,720,590,590,590,480,720,590,590,720,590,590,590,590,720,590,720,720,720,720,590,720,720,590,480,480,390,390,390,480,590,480,590,590
referral based marketing,USD,30,40%,600%,Low,5,6.29,23.77,13%,,,,,30,20,50,20,10,20,20,30,40,40,40,40,40,20,40,40,20,20,30,20,40,30,30,30,30,20,20,20,10,40,20,10,30,20,20,10,20,20,20,30,30,20,20,30,40,50,70,70
impact affiliate api,USD,10,0%,0%,Low,20,16.77,26.28,100%,,,Y,,10,10,10,10,10,10,10,10,10,10,10,10,10,20,10,10,10,10,10,10,10,10,10,10,20,10,10,10,10,10,20,20,10,10,10,10,10,10,10,10,10,10,10,10,20,10,10,10
product referral program,USD,10,0%,0%,Low,24,,,10%,,,,,10,10,10,10,10,10,10,10,20,10,10,10,10,10,10,20,10,10,10,10,10,10,10,10,10,10,10,10,10,10,10,10,10,10,10,10,10,10,10,10,10,10,10,10,10,10,10,10
attribution marketing example,USD,20,100%,100%,Low,14,1.49,9.54,,,,,,40,30,40,40,30,20,30,30,20,40,20,20,30,20,40,50,40,30,30,30,30,30,30,20,20,20,20,20,20,20,30,20,30,10,20,10,10,10,10,10,20,20,20,10,10,10,20,20
customer attribution,USD,50,-20%,-20%,Low,7,21.21,200.00,,,,,,40,40,50,70,70,70,30,30,50,50,70,50,50,70,50,50,90,70,70,50,70,70,50,70,70,70,40,50,70,50,50,30,50,90,70,50,40,40,40,40,70,70,70,50,50,50,70,40
ideas for referral programs,USD,590,0%,0%,Low,13,3.30,14.75,25%,,,,,720,720,590,590,720,720,720,590,720,590,720,720,720,590,590,720,720,590,590,480,720,590,720,590,590,590,590,480,1600,1300,720,320,480,390,390,390,390,320,320,320,260,320,260,210,720,390,480,390
types of attribution models,USD,50,29%,80%,Low,8,4.09,14.77,,,,,,40,30,40,50,50,50,40,40,40,70,70,70,70,70,70,50,90,70,70,70,70,70,70,90,50,30,30,50,30,40,50,50,50,50,40,50,50,40,30,50,70,50,50,40,40,70,70,90
best referral rewards,USD,20,-33%,100%,Low,12,,,,,,,,10,10,10,10,10,10,10,10,10,10,10,10,10,20,10,10,10,20,20,30,30,10,10,20,20,20,10,10,20,30,10,20,20,10,10,10,10,10,10,10,10,10,10,10,10,30,40,20
offer affiliate program,USD,20,-33%,100%,Low,12,4.21,10.33,15%,,,Y,,30,40,50,40,50,30,40,40,40,20,20,20,10,10,10,20,10,20,20,10,20,20,20,10,10,20,10,10,20,10,20,10,10,10,10,10,10,10,10,10,10,10,10,10,20,30,20,20
last touch attribution model,USD,70,0%,75%,Low,13,4.23,12.58,,,,Y,,50,50,50,70,50,50,70,50,70,140,110,70,90,110,70,90,50,70,50,70,70,50,70,40,40,30,40,50,30,40,50,110,40,40,50,40,50,30,40,40,40,70,70,70,50,70,110,70
best customer referral programs,USD,20,40%,250%,Low,5,12.97,36.45,10%,,,,,10,20,10,20,10,10,10,20,10,10,20,20,20,10,20,10,10,10,10,10,10,20,10,30,30,20,10,20,20,30,20,20,20,30,20,20,20,20,20,20,20,20,30,30,30,50,70,70
new referral program,USD,40,33%,33%,Low,8,1.63,6.00,3%,,,,,50,50,50,70,90,30,70,50,70,50,30,70,70,90,30,50,30,30,40,20,50,40,40,20,50,30,10,30,30,30,20,30,40,30,30,30,40,50,40,40,30,30,30,50,40,30,70,40
referral advertising,USD,90,-18%,56%,Low,9,9.53,34.48,14%,,,,,90,110,90,90,90,110,70,70,90,110,140,110,90,90,90,90,90,70,90,70,110,140,70,70,70,50,50,90,110,90,50,50,90,90,70,90,70,50,70,50,70,110,90,70,110,170,210,140
attribution metrics,USD,20,200%,50%,Low,26,4.65,17.44,,,,,,20,20,10,10,10,20,10,10,10,20,20,10,20,20,20,20,20,20,20,20,20,20,20,10,20,10,20,20,10,30,20,10,20,20,20,20,20,20,10,20,20,20,20,20,10,10,30,30
us affiliate networks,USD,20,-50%,0%,Low,16,,,30%,,,Y,,30,30,50,40,40,30,40,30,30,20,10,20,10,10,20,30,40,20,30,10,20,20,20,20,30,20,10,20,20,30,10,10,20,20,10,10,10,10,20,10,20,10,10,10,10,20,20,10
impact radius marketplace razer affiliate program,USD,10,0%,0%,Unknown,,,,,,,,,10,10,10,20,20,10,10,10,10,10,10,10,20,10,20,10,20,10,10,10,10,10,10,10,10,10,10,10,10,10,10,10,10,10,10,0,10,10,40,20,10,10,0,0,10,0,10,0
forrester roi,USD,10,0%,0%,Medium,57,6.59,17.10,,,,,,10,10,10,10,10,10,10,10,10,10,10,10,10,10,10,10,20,10,10,10,10,10,10,10,10,10,10,10,10,10,10,10,10,10,10,10,10,10,10,10,10,10,10,10,10,10,10,10
multi touch marketing,USD,50,75%,40%,Low,23,5.88,20.00,,,,,,30,40,50,50,50,50,40,40,50,40,70,50,40,50,50,70,50,40,30,40,50,50,50,50,50,50,50,40,40,50,40,30,50,40,40,50,40,40,50,40,30,40,70,50,50,40,70,70
top 10 referral programs,USD,10,0%,0%,Low,0,,,,,,,,10,10,10,20,10,10,10,10,10,10,10,10,10,10,10,10,10,10,10,10,10,10,10,10,10,10,10,10,10,10,10,10,0,10,10,10,10,10,0,10,10,0,10,10,10,10,10,10
partnership cloud,USD,30,400%,150%,Low,7,5.90,20.82,4%,,,Y,,40,30,20,30,20,20,30,30,30,20,40,40,40,50,30,40,30,30,10,20,20,30,20,30,30,50,20,30,30,20,30,20,20,30,30,20,10,20,40,30,20,40,20,20,40,10,40,50
sales attribution models,USD,20,0%,50%,Low,16,8.87,18.45,,,,,,20,20,20,20,20,20,20,10,20,30,20,20,20,20,20,30,30,10,10,10,20,20,20,20,20,10,10,10,30,20,10,10,20,10,10,20,10,20,20,10,10,10,10,20,20,30,40,30
attribution model types,USD,10,-33%,100%,Low,32,3.09,15.00,,,,,,10,10,10,10,10,10,10,10,10,20,10,20,10,20,10,20,20,10,20,30,30,20,10,20,20,20,20,30,10,10,10,10,10,10,10,10,10,10,10,10,10,10,10,10,30,30,30,20
creative referral programs,USD,10,-29%,400%,Low,6,5.31,15.57,12%,,,,,10,20,10,10,20,10,10,10,10,20,10,10,10,10,10,10,10,10,10,10,20,10,10,10,10,20,10,10,10,10,10,10,10,10,10,10,10,10,10,10,10,10,10,10,20,70,70,50
customer journey attribution model,USD,10,0%,0%,Low,0,,,,,,,,10,10,10,10,10,10,10,10,10,10,20,10,10,10,10,10,10,10,10,10,10,10,10,10,10,10,10,10,10,10,10,10,10,10,10,10,0,10,10,10,10,10,10,10,10,10,10,10
linear attribution,USD,140,-18%,27%,Low,5,4.06,25.60,,,,,,110,70,70,90,90,110,90,110,110,170,140,140,140,110,140,140,140,170,140,140,140,140,140,140,140,110,110,140,170,140,110,110,110,170,110,110,110,110,110,110,260,140,110,90,210,170,170,140
network affiliate,USD,210,24%,24%,Low,3,4.27,22.08,< 1%,,,Y,,210,140,170,170,210,320,210,260,260,170,210,210,170,170,140,170,210,320,210,210,170,210,260,170,210,110,110,210,170,140,170,170,170,260,210,210,170,210,170,170,170,170,140,170,210,210,260,260
effective referral programs,USD,10,0%,0%,Low,29,,,,,,,,10,10,10,10,10,10,10,10,10,10,10,10,10,10,10,10,10,10,10,10,10,10,10,10,10,10,10,10,10,10,10,10,10,10,10,10,10,10,10,10,10,10,10,0,10,10,10,10
referral marketing campaign,USD,30,0%,267%,Low,4,10.00,25.23,5%,,,,,10,10,10,10,10,10,10,20,20,20,20,20,30,50,50,40,20,20,40,30,10,10,20,20,20,20,30,20,10,30,30,30,30,40,40,30,10,20,10,20,20,10,20,20,40,110,140,110
partner engagement platform,USD,10,0%,0%,Medium,39,,,,,,,,10,10,10,10,10,10,10,10,10,10,10,10,10,10,0,10,10,10,10,10,10,10,10,10,10,10,10,10,0,10,0,10,10,10,10,10,10,10,10,10,10,10,0,10,10,10,10,10
marketing attribution analytics,USD,10,200%,200%,Low,10,8.30,35.34,,,,,,10,10,10,10,10,10,10,10,10,10,10,10,10,10,10,10,10,10,10,10,10,10,10,10,10,10,10,10,10,10,10,10,10,10,10,10,10,10,10,10,10,10,10,10,20,10,20,30
referral link app,USD,10,0%,0%,High,71,,,,,,,,10,10,10,10,10,10,10,10,10,10,10,10,0,10,10,10,10,10,10,10,10,10,10,10,10,10,10,10,10,10,10,10,10,10,10,10,10,10,10,10,10,10,0,10,10,10,10,10
affiliate offer,USD,30,50%,0%,Low,32,2.38,7.22,20%,,,Y,,50,50,50,50,70,50,70,40,50,30,30,40,50,140,10,40,30,20,20,40,30,20,20,20,20,20,30,30,30,20,20,30,30,20,30,30,20,40,30,30,20,20,20,20,30,20,20,30
affiliate publisher network,USD,20,50%,200%,Low,2,,,3%,,,Y,,20,20,30,20,20,10,10,10,20,20,20,20,30,30,20,20,10,20,20,20,10,10,20,10,20,10,10,10,10,20,10,10,20,10,10,10,20,10,10,10,10,20,10,20,20,20,30,30
affiliate marketing fraud,USD,30,80%,200%,Low,3,6.02,18.91,,,,Y,,40,40,50,30,30,40,20,20,30,20,20,30,40,30,20,50,20,20,30,20,20,30,20,20,20,30,30,20,20,20,20,20,30,20,30,30,30,20,20,10,20,50,70,40,70,50,90,90
market attribution,USD,1600,23%,23%,Low,28,9.02,34.88,< 1%,,,,,1600,1600,1300,1600,1600,1600,1600,1600,1900,2400,2400,1900,1900,1900,1600,2400,1900,1900,1900,1600,1900,1600,1600,1600,1600,880,880,1000,1000,1300,1000,1000,1300,1300,1600,1300,1300,1000,1300,1300,1300,1600,1600,1300,1600,1300,1600,1600
first touch last touch attribution,USD,20,-25%,200%,Medium,42,3.84,15.00,,,,,,20,20,20,20,30,30,20,10,20,30,20,20,30,30,20,30,30,40,20,10,20,10,20,20,20,10,30,30,20,10,20,10,30,20,20,10,10,20,20,20,30,40,30,20,30,40,30,30
best friend referral programs,USD,10,-67%,0%,Low,0,,,,,,,,10,10,10,10,10,10,10,10,20,10,10,10,20,10,20,30,10,10,20,20,20,20,20,20,20,30,10,10,10,10,20,10,10,10,10,10,10,10,10,10,10,10,10,10,10,30,40,10
attribution model example,USD,30,0%,-40%,Low,14,4.00,15.00,,,,,,10,10,10,10,10,30,30,30,30,40,20,40,20,30,20,50,40,30,40,20,30,50,30,30,10,20,10,30,30,50,20,30,30,30,20,50,30,30,30,20,30,20,20,30,40,30,40,30
referral program strategy,USD,10,-75%,0%,Low,6,,,20%,,,,,10,10,10,10,10,10,10,10,10,10,10,10,10,10,10,10,10,10,10,10,10,10,10,10,10,10,10,10,10,10,10,10,10,10,10,10,10,10,10,10,10,10,10,10,10,40,40,10
create your own affiliate network,USD,10,-50%,0%,Low,8,,,,,,Y,,10,10,10,10,10,10,10,10,20,10,20,20,10,10,10,10,10,30,20,10,10,30,10,20,10,10,10,10,10,10,10,10,10,10,10,10,10,10,10,10,10,10,20,10,20,20,20,10
walmart affiliate requirements,USD,20,0%,0%,Low,14,,,,,,,,10,10,10,10,0,10,10,10,20,40,40,40,30,10,10,10,10,20,10,10,40,20,30,40,50,110,30,30,40,30,10,10,10,10,10,10,10,10,10,10,10,10,10,10,10,10,10,10
online referral marketing,USD,10,0%,200%,Low,4,,,,,,,,10,10,30,10,10,10,10,10,20,10,10,10,10,10,10,10,10,10,10,10,10,10,10,10,10,10,10,10,10,10,10,10,10,10,10,10,10,10,10,20,10,20,10,20,30,30,30,30
refer a friend marketing strategy,USD,20,2500%,âˆž,Low,0,,,,,,,,0,10,10,10,10,10,10,10,10,10,10,10,10,10,10,10,10,10,10,10,10,10,10,10,10,10,10,10,10,0,10,0,0,10,10,0,10,10,10,10,10,10,10,10,10,10,590,260
the best affiliate network,USD,10,200%,200%,Low,3,,,,,,,,10,20,20,30,20,20,20,10,20,10,10,10,10,10,10,10,10,10,10,10,10,10,10,10,10,10,10,10,10,10,10,10,10,10,10,10,10,10,10,10,10,10,10,10,20,10,30,30
increase roas,USD,70,191%,256%,Low,20,8.26,20.72,,,,,,90,90,20,10,20,20,20,30,40,40,50,30,50,30,40,20,30,20,20,30,40,40,50,50,30,20,20,30,40,50,70,40,110,90,90,90,70,70,90,140,90,70,90,110,140,110,140,320
campaign attribution models,USD,20,-25%,0%,Low,33,9.09,25.66,,,,,,10,10,10,10,10,20,10,10,10,20,10,20,20,10,10,10,10,10,20,30,20,20,20,30,20,10,20,20,20,20,10,20,20,40,30,30,20,10,10,10,10,10,10,30,40,40,40,30
pie chart software,USD,50,-33%,0%,Low,22,2.46,18.37,,,,,,30,30,20,20,20,20,20,20,20,30,40,30,20,20,20,10,20,10,10,10,30,20,30,30,20,20,30,20,20,20,40,20,20,40,30,20,40,10,10,20,20,30,880,720,30,30,40,20
multi touch attribution google analytics,USD,50,0%,0%,Low,13,10.29,19.10,,,,Y,,50,50,50,70,70,50,30,70,70,70,70,50,50,50,50,70,50,50,70,70,70,50,50,50,50,40,30,40,30,40,40,30,30,30,30,40,40,30,20,30,30,30,40,30,50,40,50,40
customer referral bonus,USD,10,-33%,100%,Low,4,,,5%,,,,,10,10,20,10,10,10,10,10,10,10,20,10,20,10,10,20,10,20,10,10,20,10,10,20,10,20,20,10,20,10,20,10,10,20,10,10,10,10,10,10,10,10,10,10,20,30,20,20
customer referral program examples,USD,30,0%,0%,Low,19,3.69,12.10,30%,,,,,20,10,20,30,20,20,20,20,20,20,30,30,30,20,20,40,10,20,20,20,30,40,50,40,50,30,20,70,50,40,40,40,50,70,30,40,40,30,30,20,30,30,20,40,70,40,40,40
referral program design,USD,20,-20%,33%,Low,14,6.32,15.01,25%,,,,,10,10,10,20,10,10,10,10,10,20,10,20,10,30,20,10,30,20,20,10,10,30,20,20,20,20,20,20,10,30,10,20,20,20,30,30,30,20,30,30,20,30,10,10,20,50,50,40
reward referrals,USD,390,22%,22%,Low,11,4.36,15.00,< 1%,,,,,320,390,320,260,390,390,390,480,480,480,480,480,720,480,390,480,320,320,390,320,320,320,320,390,320,260,260,320,320,320,320,320,390,320,320,320,320,260,320,390,320,320,320,320,390,320,390,390
deeplink software,USD,20,0%,0%,Low,32,,,,,,,,20,30,40,40,30,50,50,20,40,20,30,70,20,30,20,20,10,30,20,10,20,10,10,10,10,10,10,10,10,10,10,10,20,10,10,10,10,10,10,10,10,10,10,10,10,10,10,10
referral marketing statistics,USD,70,29%,29%,Low,6,6.47,15.36,9%,,,,,50,50,40,50,50,50,50,50,50,50,50,40,50,40,40,70,70,110,110,40,50,50,70,90,70,50,20,50,70,90,110,30,50,40,40,70,70,70,40,40,50,90,110,40,50,70,90,90
deferred deeplinking,USD,260,22%,50%,Low,9,2.00,5.79,,,,,,260,260,210,260,210,260,170,210,210,260,320,320,260,260,260,320,260,260,260,260,260,260,260,320,320,320,260,320,260,320,260,260,320,260,320,260,320,320,320,260,260,260,210,260,320,320,320,390
algorithmic attribution model,USD,20,0%,-50%,Low,13,3.09,7.00,,,,Y,,20,20,20,50,30,20,10,10,10,10,30,30,30,20,10,20,30,20,30,30,40,20,30,40,30,20,30,20,20,20,20,20,20,20,30,40,20,20,30,20,30,20,20,20,10,20,30,20
referral strategy ideas,USD,10,-67%,0%,Low,0,,,,,,,,10,10,10,10,10,10,10,0,10,10,10,10,20,10,10,10,10,10,10,10,10,10,10,10,10,10,10,10,10,10,10,10,10,10,10,10,10,10,10,0,10,10,10,0,10,30,40,10
customer success case studies,USD,20,0%,100%,Low,3,,,,,,,,10,10,10,10,10,10,10,20,20,30,20,30,20,40,20,20,10,20,20,40,40,40,40,40,20,10,10,10,10,30,10,10,10,10,10,10,10,10,20,10,10,10,10,10,30,20,20,20
performance affiliate marketing,USD,20,50%,200%,Low,8,2.83,18.74,3%,,,Y,,10,10,10,10,10,10,20,10,20,30,20,30,20,20,10,20,10,10,10,10,10,10,10,10,10,20,10,20,10,20,10,10,10,20,10,10,10,20,30,10,10,10,30,10,20,20,50,30
marketing affiliate marketing,USD,135000,22%,-33%,Medium,50,1.37,6.48,3%,,,Y,,135000,135000,135000,110000,90500,110000,110000,110000,165000,110000,110000,110000,135000,135000,165000,165000,135000,135000,135000,201000,246000,135000,165000,246000,201000,201000,246000,201000,201000,165000,135000,135000,201000,135000,110000,110000,90500,90500,90500,90500,74000,74000,60500,60500,90500,60500,74000,74000
channel partner engagement,USD,10,75%,600%,Low,1,,,,,,,,10,10,20,10,10,10,10,10,10,20,20,10,10,10,10,20,20,10,10,10,20,20,10,20,20,10,10,10,10,10,10,10,10,10,10,10,10,10,10,10,10,10,10,10,30,40,50,70
saas affiliate network,USD,10,100%,100%,Low,7,,,10%,,,Y,,10,10,10,10,10,10,10,10,10,10,30,20,10,10,10,30,20,10,10,10,10,10,10,10,10,20,10,10,10,10,10,10,10,10,10,10,10,10,10,10,10,20,10,10,10,10,20,20
referral campaign examples,USD,10,0%,0%,Low,7,,,,,,,,10,20,10,10,10,10,10,10,20,10,20,30,10,20,10,10,10,10,10,10,20,20,10,10,10,10,10,10,10,10,10,10,10,10,10,10,10,10,10,10,10,10,10,10,10,10,10,10
referral program for mobile app,USD,20,25%,150%,Low,7,3.07,15.00,8%,,,,,10,10,10,10,20,30,10,20,20,20,30,140,20,20,20,20,20,40,30,20,40,20,20,20,30,20,10,10,20,10,10,20,10,10,10,20,30,20,10,10,10,10,20,20,30,40,50,50
channel attribution modelling,USD,10,-50%,100%,Low,8,,,,,,,,20,10,10,30,10,10,10,10,10,10,10,10,10,10,10,30,10,10,10,10,10,10,10,10,10,10,10,10,10,10,10,10,10,10,10,10,10,10,10,10,0,10,10,10,20,40,20,20
types of referral programs,USD,20,-29%,400%,Low,3,,,4%,,,,,20,10,10,10,10,10,10,10,10,10,20,20,20,10,20,20,30,20,20,10,20,10,20,20,20,20,30,10,10,20,20,10,20,10,10,10,20,10,10,10,10,10,10,20,30,70,90,50
amazon affiliate commissions,USD,1600,0%,-54%,Low,5,1.18,4.65,,,,,,880,880,880,880,880,880,880,880,1000,880,1000,880,1000,1000,1600,1300,1300,1000,1300,1600,2900,1600,2400,2400,2400,2400,2400,1900,1900,1900,1600,1600,2400,1600,2400,1900,2900,3600,2400,1300,1300,1300,1000,1000,1300,880,1000,880
best referral marketing strategies,USD,20,0%,300%,Low,0,,,,,,,,30,40,30,30,30,20,20,20,10,30,20,20,10,10,10,10,10,10,10,10,20,10,20,20,10,10,10,10,10,10,10,10,10,10,10,10,10,10,10,10,10,20,30,20,40,40,70,40
marketing attribution definition,USD,170,0%,-18%,Low,4,2.67,27.08,,,,,,140,140,110,170,170,170,110,140,170,210,210,210,210,140,170,320,260,210,210,260,210,210,210,170,210,110,110,170,110,140,140,110,170,170,140,170,210,140,210,140,170,260,320,170,210,140,170,140
attribution methods,USD,70,-18%,29%,Low,7,11.46,40.00,,,,,,50,50,40,70,70,50,40,40,40,90,50,90,70,40,50,70,50,70,70,50,50,70,50,70,50,50,40,50,50,40,40,50,40,40,70,70,50,50,70,50,140,90,70,30,90,110,70,90
referral product,USD,20,-25%,200%,Low,23,5.03,29.18,40%,,,,,20,10,20,10,20,10,20,10,20,10,20,10,10,20,20,10,10,20,10,10,20,10,10,20,20,10,10,20,10,10,10,10,10,20,10,10,20,10,10,10,10,10,10,10,10,40,50,30
case study customer success,USD,10,0%,-100%,Unknown,,,,,,,,,10,10,10,10,10,10,10,10,10,10,10,10,10,10,10,10,10,10,10,10,10,10,10,10,0,10,10,10,10,10,10,10,0,0,10,10,10,0,10,10,10,0,0,0,10,0,10,0
best referral,USD,40,0%,200%,Low,17,2.73,8.18,7%,,,,,20,20,20,20,20,40,40,50,30,40,50,40,50,30,30,50,70,30,30,20,40,40,20,30,40,50,40,30,40,30,50,70,70,40,50,30,30,40,50,30,50,30,30,40,50,90,90,90
attribution meaning marketing,USD,20,100%,100%,Low,6,,,,,,,,10,10,10,10,20,30,20,10,20,30,20,20,20,20,20,40,30,20,30,10,20,20,30,30,20,20,10,20,30,30,30,20,20,20,10,10,10,10,20,10,20,10,10,10,10,10,10,20
attribution modeling definition,USD,50,40%,40%,Low,3,,,,,,Y,,50,70,50,50,50,50,40,50,50,70,90,70,70,50,50,70,70,90,70,90,70,50,90,90,90,50,50,50,50,40,30,40,50,50,70,50,30,40,30,40,30,40,40,40,40,50,70,70
affiliate marketing metrics,USD,50,56%,600%,Low,0,,,,,,,,20,50,40,50,20,20,20,20,30,20,40,50,30,30,30,40,70,50,50,50,50,50,70,70,50,50,50,50,50,70,110,20,20,20,30,20,20,20,30,30,40,40,40,50,110,90,140,140
customer referral examples,USD,30,0%,0%,Low,19,3.69,12.10,30%,,,,,20,10,20,30,20,20,20,20,20,20,30,30,30,20,20,40,10,20,20,20,30,40,50,40,50,30,20,70,50,40,40,40,50,70,30,40,40,30,30,20,30,30,20,40,70,40,40,40
an affiliate program,USD,10,100%,100%,Low,8,,,,,,Y,,20,20,20,20,20,20,10,20,20,20,10,10,40,10,10,10,10,10,10,10,10,10,10,10,10,10,10,10,10,10,10,30,10,10,10,10,10,20,10,10,10,20,20,40,30,10,20,20
pie chart make,USD,27100,83%,22%,Low,1,0.84,2.79,,,,,,22200,14800,12100,18100,27100,27100,27100,27100,22200,27100,27100,33100,27100,18100,14800,18100,27100,27100,27100,27100,27100,27100,27100,33100,27100,18100,14800,22200,27100,33100,33100,33100,27100,27100,27100,40500,27100,18100,14800,18100,27100,27100,33100,27100,27100,27100,33100,49500
market attribution model,USD,10,0%,0%,Medium,43,,,,,,,,10,10,10,10,10,10,10,10,10,10,10,10,10,10,10,10,10,10,10,10,10,10,10,10,10,10,10,10,10,10,10,10,10,10,10,10,10,10,10,10,10,10,20,10,20,10,10,10
client success story examples,USD,20,0%,0%,Low,11,,,,,,,,10,20,20,10,20,30,10,20,10,20,30,20,10,10,30,30,20,30,20,20,10,20,30,30,20,20,10,20,10,10,20,10,30,20,10,10,20,30,20,10,10,20,10,10,20,10,10,10
refer a friend examples,USD,40,-57%,-25%,Low,4,,,7%,,,,,10,20,30,30,30,40,50,20,40,40,70,50,40,40,30,70,40,50,30,30,50,50,50,50,40,40,50,70,70,30,30,20,40,40,40,40,30,30,40,20,20,40,20,20,20,70,50,30
first touch attribution model,USD,40,40%,133%,Low,16,4.00,12.66,,,,,,70,40,40,50,40,40,50,50,40,50,30,40,30,20,30,40,20,40,30,40,40,20,40,50,20,30,20,20,30,30,30,50,20,40,20,30,40,30,30,20,20,40,90,50,30,50,70,70
walmart affiliate links,USD,90,29%,-18%,Low,22,0.86,1.07,,,,,,50,90,70,110,90,90,140,70,110,70,70,70,70,50,50,90,50,50,70,40,70,70,70,70,140,320,140,110,90,70,110,90,70,70,70,110,70,70,70,70,50,90,90,90,70,70,70,90
referral deals,USD,20,0%,0%,Low,5,,,,,,,,10,10,30,20,20,20,30,20,30,10,10,10,10,10,10,20,20,10,30,10,20,20,20,10,10,10,20,20,20,20,30,30,20,20,20,30,10,20,10,10,10,20,10,10,30,30,20,30
partnership metrics,USD,20,0%,0%,Low,4,,,,,,,,30,30,20,30,20,30,20,30,10,20,30,30,20,20,20,20,20,20,20,30,20,10,30,10,20,20,20,30,30,20,20,20,20,30,30,10,10,10,20,10,10,20,20,10,10,10,20,10
affiliate marketing affiliate,USD,135000,22%,-33%,Medium,50,1.37,6.48,3%,,,Y,,135000,135000,135000,110000,90500,110000,110000,110000,165000,110000,110000,110000,135000,135000,165000,165000,135000,135000,135000,201000,246000,135000,165000,246000,201000,201000,246000,201000,201000,165000,135000,135000,201000,135000,110000,110000,90500,90500,90500,90500,74000,74000,60500,60500,90500,60500,74000,74000
multi touch attribution definition,USD,20,-25%,200%,Low,11,4.02,12.89,,,,,,20,30,20,20,20,40,30,20,40,30,30,30,30,30,20,50,40,30,30,20,30,20,30,20,30,10,20,10,10,10,10,10,10,20,30,10,20,10,10,10,20,10,10,20,10,40,20,30
b2b affiliate marketing examples,USD,10,0%,-50%,Low,9,,,,,,,,10,10,10,10,10,10,10,10,10,10,10,10,10,10,10,10,10,10,10,10,20,10,10,10,10,10,10,10,10,10,10,10,10,20,20,20,10,10,10,10,10,20,40,40,40,10,10,10
tag management platform,USD,20,0%,150%,Low,13,10.28,45.00,,,,,,10,20,20,20,10,10,20,10,20,20,20,20,20,20,10,30,20,20,20,10,10,10,20,20,30,30,10,20,20,10,20,10,10,10,10,20,20,20,10,10,20,10,20,10,30,50,30,50
benefits of referral programs,USD,110,21%,55%,Low,3,3.79,11.97,9%,,,,,70,90,90,70,90,90,90,90,110,90,110,140,90,110,90,110,90,110,90,70,110,110,110,110,110,110,90,110,90,140,90,90,110,90,90,110,90,90,90,70,70,110,260,260,590,140,210,170
referral examples,USD,260,0%,24%,Low,1,,,< 1%,,,,,170,210,210,210,320,320,320,210,260,260,260,320,260,260,260,320,320,320,320,260,320,260,320,260,320,210,210,260,260,260,260,260,320,260,320,210,210,210,260,260,260,260,210,210,210,260,260,260
w attribution model,USD,10,0%,0%,Low,33,13.00,33.60,,,,,,10,10,10,10,10,20,10,10,20,30,20,20,20,10,10,20,10,20,10,10,10,10,20,10,10,10,10,10,10,10,10,10,10,10,10,10,10,10,20,20,10,10,20,10,10,10,20,10
influencer sponsor,USD,170,21%,0%,Low,27,3.70,15.35,< 1%,,,,,140,140,140,140,140,170,170,170,260,170,170,210,170,170,170,140,170,170,210,140,170,210,170,210,170,140,170,140,140,110,140,140,170,140,140,170,140,110,140,90,110,140,140,110,110,140,170,170
mta in marketing,USD,30,0%,0%,Low,32,7.78,18.00,,,,,,20,20,30,10,20,20,20,20,30,20,20,20,20,20,20,40,20,20,10,10,30,30,20,20,30,30,30,20,30,30,30,10,30,20,40,40,40,30,20,20,30,50,50,50,50,40,40,40
benefits of a referral program,USD,110,21%,55%,Low,3,3.79,11.97,9%,,,,,70,90,90,70,90,90,90,90,110,90,110,140,90,110,90,110,90,110,90,70,110,110,110,110,110,110,90,110,90,140,90,90,110,90,90,110,90,90,90,70,70,110,260,260,590,140,210,170
unique referral link,USD,10,0%,0%,Medium,44,3.02,9.12,100%,,,,,0,10,10,10,10,10,10,10,10,10,10,10,10,10,10,10,10,10,10,10,10,10,10,10,10,10,10,10,10,10,10,10,10,10,10,10,10,10,10,10,20,50,30,10,10,10,10,10
multi channel marketing attribution,USD,10,-43%,300%,Low,2,,,,,,,,10,10,10,10,10,30,10,10,10,20,10,20,10,10,10,10,10,10,20,10,10,10,10,10,10,10,10,10,10,10,10,10,10,10,10,10,10,10,10,10,10,10,10,10,40,70,30,40
referral program sample,USD,480,-18%,-18%,Medium,54,4.11,14.30,49%,,,,,590,590,590,590,480,590,390,390,480,480,590,480,480,480,480,590,390,480,480,480,590,480,590,480,480,390,320,390,390,390,390,320,480,480,390,390,390,320,320,320,260,390,390,260,390,390,390,320
customer referral marketing,USD,10,100%,100%,Low,4,,,10%,,,,,10,10,10,10,10,10,10,10,10,10,20,10,10,10,10,20,10,10,10,10,10,10,10,10,10,10,10,10,10,10,10,10,10,10,10,10,10,10,10,10,10,10,10,10,10,10,20,20
b2c affiliate marketing,USD,20,0%,600%,Low,3,,,3%,,,Y,,10,10,10,10,10,10,10,10,20,10,10,20,10,10,10,10,20,20,10,10,10,10,10,10,20,10,10,10,10,10,10,10,10,10,10,10,10,10,10,10,10,10,10,20,30,70,70,70
referral program ads,USD,30,-43%,0%,Low,7,,,8%,,,,,20,20,20,10,20,40,30,30,30,20,40,30,20,10,10,10,20,30,30,30,40,30,40,20,10,20,40,20,20,30,10,20,40,30,20,40,30,30,40,30,20,20,20,30,40,70,90,40
increase referrals,USD,10,0%,0%,Low,17,,,10%,,,,,20,10,10,10,10,10,10,10,20,10,20,10,20,10,10,10,10,10,10,10,20,40,10,10,10,10,10,20,10,10,10,10,10,10,10,20,30,10,10,10,10,10,10,10,20,20,20,20
affiliate market network,USD,10,0%,0%,Medium,50,,,30%,,,Y,,10,0,0,10,0,10,10,0,0,10,10,10,10,10,10,20,20,20,10,20,30,10,20,40,10,10,10,10,10,10,10,10,10,10,0,10,10,0,10,10,10,0,10,10,10,10,10,10
referral marketing plan,USD,20,-50%,0%,Low,8,,,10%,,,Y,,10,10,10,10,10,10,10,10,10,10,10,10,10,10,10,10,10,10,10,10,10,10,480,10,10,10,10,10,10,10,0,10,10,10,10,10,10,0,10,10,10,10,10,10,20,20,20,10
return on ad spend benchmarks,USD,20,0%,0%,Medium,39,4.79,25.95,,,,,,20,20,20,30,10,20,30,20,40,30,30,30,30,20,20,10,10,20,20,10,20,30,20,20,20,20,20,10,10,10,20,20,20,20,20,20,20,10,10,10,10,10,10,20,20,20,10,20
customer attribution model,USD,10,0%,0%,High,71,,,,,,,,10,10,20,10,10,10,10,10,10,10,10,10,20,10,10,10,10,10,10,10,20,20,20,10,10,10,10,10,10,10,10,10,10,10,10,10,10,10,10,10,10,10,10,10,10,10,10,10
single touch attribution,USD,20,0%,-50%,Low,30,4.95,17.09,,,,,,10,20,10,20,20,10,10,10,10,10,30,20,10,20,10,30,20,10,10,10,10,20,30,10,20,20,20,30,10,20,10,10,10,10,20,20,10,10,10,10,10,20,20,30,30,10,20,10
refer a friend ad,USD,50,-36%,75%,Low,2,,,6%,,,,,70,30,50,30,40,50,30,40,40,30,70,30,40,70,30,70,50,40,50,40,70,40,50,50,50,70,40,40,40,40,40,20,40,30,50,40,20,30,20,40,30,40,30,30,40,110,110,70
impact walmart affiliate,USD,20,0%,-50%,Low,0,,,,,,,,10,70,50,10,10,20,20,20,10,20,30,30,10,20,30,20,20,40,30,20,20,20,20,20,10,10,10,10,20,30,30,10,30,30,30,20,20,10,20,20,10,10,10,10,10,10,10,10
different attribution models,USD,30,25%,150%,Low,24,3.82,13.43,,,,,,30,20,20,10,30,40,30,20,30,40,40,50,50,40,20,40,20,20,10,20,30,30,30,10,20,20,10,10,10,20,20,20,30,20,30,20,30,20,20,20,10,30,30,40,40,40,40,50
partner lifecycle,USD,40,33%,100%,Low,0,,,,,,,,30,50,40,30,40,50,40,40,90,50,70,50,90,70,40,70,50,50,30,30,40,50,70,50,50,50,40,50,40,40,40,10,30,30,50,20,20,20,20,20,20,30,30,30,40,30,70,40
marketing attribution meaning,USD,20,-25%,50%,Low,9,2.03,10.63,,,,,,10,10,10,10,20,20,10,10,10,10,20,10,10,20,20,20,20,10,20,20,20,30,20,30,30,20,30,30,30,40,30,20,40,20,20,20,30,20,20,20,30,30,40,30,50,40,30,30
ads roas,USD,40,-44%,-29%,Low,14,4.00,15.36,,,,,,40,30,30,20,30,40,40,30,30,50,40,30,50,30,30,30,40,30,40,40,50,50,40,40,40,40,30,50,50,50,40,30,30,40,50,70,50,50,40,50,40,50,40,50,70,90,70,50
ads txt for apps,USD,40,0%,100%,Low,0,,,,,,,,30,30,40,30,20,20,20,20,30,30,40,50,40,40,30,40,40,70,70,50,70,70,90,110,50,70,50,90,70,110,140,10,10,10,10,10,10,10,10,10,0,10,10,10,20,20,20,20
advanced attribution,USD,10,0%,-50%,Low,25,,,,,,,,10,10,10,10,10,10,10,10,10,10,10,10,10,10,10,10,10,10,10,10,10,10,0,10,10,10,10,10,10,10,10,10,10,10,10,20,10,10,10,10,10,10,10,10,10,10,10,10
affiliate channels,USD,110,50%,133%,Low,6,3.11,13.29,3%,,,Y,,90,90,70,90,90,90,140,90,140,110,90,90,90,70,70,110,70,90,70,90,90,140,140,70,110,140,70,70,140,110,90,90,140,90,110,90,110,140,140,90,140,110,140,170,170,140,210,210
affiliate marketing affiliate marketing,USD,135000,22%,-33%,Medium,50,1.37,6.48,3%,,,,,135000,135000,135000,110000,90500,110000,110000,110000,165000,110000,110000,110000,135000,135000,165000,165000,135000,135000,135000,201000,246000,135000,165000,246000,201000,201000,246000,201000,201000,165000,135000,135000,201000,135000,110000,110000,90500,90500,90500,90500,74000,74000,60500,60500,90500,60500,74000,74000
affiliate plan,USD,10,0%,0%,Low,11,,,,,,Y,,20,10,20,40,30,30,30,20,30,10,10,20,10,10,10,10,10,30,10,10,10,10,20,10,10,10,10,10,10,10,20,10,10,30,10,10,10,10,20,10,10,20,10,10,10,10,10,10
affiliate program network,USD,50,0%,40%,Low,7,2.38,9.23,3%,,,Y,,50,70,70,70,90,90,50,50,70,50,40,30,40,40,40,90,40,40,50,50,50,50,40,50,40,20,30,20,20,30,50,70,50,50,70,50,50,50,40,50,50,50,40,70,90,70,90,70
affiliatepartner,USD,10,0%,-100%,Unknown,,,,,,,,,0,0,10,0,0,0,0,10,0,0,0,0,10,10,0,0,10,0,0,10,0,0,10,10,0,0,0,10,0,0,0,0,0,0,0,10,0,0,0,0,0,10,10,10,10,0,0,0
affiliates of amazon,USD,40500,0%,-18%,Low,5,1.19,4.96,,,,,,40500,40500,40500,40500,33100,33100,40500,33100,49500,40500,40500,40500,33100,40500,40500,40500,33100,40500,40500,40500,60500,40500,49500,49500,60500,74000,74000,74000,60500,60500,60500,49500,74000,49500,49500,40500,40500,40500,40500,33100,27100,27100,33100,33100,40500,33100,33100,33100
affirm rewards,USD,70,100%,-71%,Low,0,,,,,,,,10,20,20,20,40,40,40,70,50,50,50,40,50,40,50,110,90,110,70,50,50,30,70,50,50,70,50,170,110,90,70,30,110,260,170,70,50,70,70,40,70,50,30,20,20,10,20,20
algorithmic attribution,USD,10,-50%,-50%,Low,14,,,,,,Y,,30,20,10,20,20,20,10,20,20,10,20,10,10,20,20,20,20,10,10,10,10,10,10,10,20,20,10,10,10,20,10,10,10,10,10,20,10,10,10,10,10,10,10,10,10,20,10,10
amazon affiliate link commission,USD,20,0%,0%,Low,0,,,,,,,,20,10,10,10,10,10,20,10,10,20,10,10,10,10,30,20,10,10,10,10,20,20,10,20,30,10,20,20,30,30,20,30,20,30,30,20,20,20,20,10,20,10,20,10,20,20,10,20
amazon commission program,USD,50,0%,425%,Low,13,1.48,7.99,,,,,,10,10,10,10,10,10,10,10,10,10,10,10,10,10,10,10,30,20,10,20,20,10,10,10,10,30,20,40,30,50,140,70,90,30,30,40,30,50,40,50,70,70,110,210,260,210,260,210
apple itp,USD,110,40%,0%,Low,0,,,,,,,,170,260,140,170,170,140,140,110,140,170,140,140,140,170,90,110,110,140,110,90,110,140,170,140,110,110,110,110,110,110,70,50,110,110,90,70,70,70,70,40,40,70,50,50,50,50,50,70
attribution logic,USD,20,-50%,0%,Low,0,,,,,,,,10,20,10,30,20,20,10,10,10,20,20,20,20,20,20,20,30,20,20,10,30,30,20,10,20,10,10,20,40,10,10,10,10,30,10,10,10,10,20,10,20,20,10,10,20,20,10,10
attribution marketing meaning,USD,10,0%,0%,Low,13,,,,,,,,10,10,10,10,10,10,10,10,10,10,10,10,10,10,10,10,10,10,10,10,10,10,10,10,20,10,10,10,20,10,10,10,10,10,10,10,10,10,10,10,10,10,10,10,10,10,10,10
attribution meaning in marketing,USD,10,50%,50%,Low,16,2.02,5.26,,,,,,10,10,10,10,10,10,10,10,10,10,10,10,10,10,10,20,10,10,10,10,10,10,10,10,10,20,10,20,20,10,10,10,20,20,30,20,20,10,20,20,20,20,20,10,20,20,10,30
attribution model meaning,USD,20,50%,50%,Low,1,,,,,,,,40,10,20,10,10,10,10,10,20,20,30,20,10,20,20,10,10,10,20,20,20,10,20,20,20,10,10,10,10,20,20,20,20,20,30,20,20,20,20,30,30,30,30,20,30,20,40,30
bar and pie chart,USD,260,0%,50%,Low,0,,,,,,,,210,210,210,210,320,260,210,170,210,210,260,210,210,170,210,260,320,210,210,170,210,260,210,210,260,210,210,260,260,320,260,140,320,260,260,260,210,210,260,480,590,480,480,390,390,390,320,390
bar chart and pie chart,USD,140,-18%,56%,Low,0,,,,,,,,110,90,90,140,210,140,110,70,90,110,110,110,90,70,70,140,170,110,90,90,170,140,90,70,90,70,70,140,210,110,110,70,110,140,90,90,90,70,70,260,320,320,210,140,210,170,170,140
bar chart pie chart,USD,260,0%,50%,Low,0,,,,,,,,210,210,210,210,320,260,210,170,210,210,260,210,210,170,210,260,320,210,210,170,210,260,210,210,260,210,210,260,260,320,260,140,320,260,260,260,210,210,260,480,590,480,480,390,390,390,320,390
bar graph to pie chart,USD,140,-18%,56%,Low,0,,,,,,,,110,90,90,140,210,140,110,70,90,110,110,110,90,70,70,140,170,110,90,90,170,140,90,70,90,70,70,140,210,110,110,70,110,140,90,90,90,70,70,260,320,320,210,140,210,170,170,140
bar pie chart,USD,260,0%,50%,Low,0,,,,,,,,210,210,210,210,320,260,210,170,210,210,260,210,210,170,210,260,320,210,210,170,210,260,210,210,260,210,210,260,260,320,260,140,320,260,260,260,210,210,260,480,590,480,480,390,390,390,320,390
benefits of multi touch attribution,USD,10,33%,300%,Low,8,6.53,13.00,,,,,,10,10,10,10,10,10,10,20,20,20,40,30,30,20,10,10,20,10,20,10,10,10,10,10,10,10,10,10,10,10,10,10,10,10,10,10,10,10,10,10,10,10,10,10,30,30,20,40
benefits of referral marketing,USD,20,40%,600%,Low,0,,,,,,,,10,10,20,10,10,20,10,20,30,20,10,20,20,10,10,20,10,20,30,10,10,20,20,30,20,10,10,10,20,10,10,10,10,10,10,10,10,10,20,20,10,20,10,10,20,50,50,70
benefits of referrals,USD,50,29%,29%,Low,0,,,,,,,,40,40,40,30,30,50,30,30,50,40,70,40,30,40,40,50,40,70,40,20,70,50,70,70,40,70,40,50,40,40,40,40,40,40,40,70,50,40,30,40,30,40,50,50,90,70,90,90
best attribution,USD,10,0%,-50%,Low,0,,,,,,,,10,10,10,10,10,10,10,10,10,10,10,10,10,10,10,10,10,10,10,10,10,10,20,30,10,10,10,10,10,20,10,10,10,10,10,20,10,10,10,10,10,10,10,10,10,10,10,10
best attribution model,USD,10,100%,100%,Low,0,,,,,,,,20,10,10,10,10,10,10,10,20,30,20,30,20,20,10,10,10,10,10,10,10,10,10,10,10,10,10,10,10,10,10,10,10,10,10,10,10,10,10,10,20,20,10,10,20,10,20,20
best pie chart,USD,70,75%,40%,Low,0,,,,,,,,70,50,70,50,90,90,90,50,70,90,90,70,50,70,50,70,70,50,70,40,50,50,110,70,70,30,50,50,40,40,70,40,70,70,70,50,40,30,40,50,40,50,50,40,50,40,90,70
best referral marketing programs,USD,590,23%,-18%,Medium,34,2.43,15.00,35%,,,,,590,590,590,590,590,480,590,590,480,590,590,720,720,720,720,720,590,590,590,480,720,590,590,720,590,590,590,590,720,590,720,720,720,720,590,720,720,590,480,480,390,390,390,480,590,480,590,590
best referral marketing tools,USD,20,33%,100%,Low,0,,,,,,Y,,20,30,30,20,20,20,20,20,20,20,10,30,10,20,10,10,10,10,20,10,10,10,10,10,10,10,10,10,20,20,30,10,20,10,10,20,20,10,10,20,20,20,10,20,30,30,30,40
blue ocean brands,USD,90,-22%,0%,Low,0,,,,,,,,30,30,30,30,50,30,30,20,30,40,40,30,30,30,30,40,30,50,30,40,30,30,50,30,40,40,30,50,20,70,50,70,110,90,110,70,110,480,480,260,260,170,70,90,110,90,90,70
business pie chart,USD,50,40%,0%,Low,1,,,,,,,,50,40,50,40,90,90,70,50,90,50,70,50,70,40,40,40,70,70,70,50,50,70,90,70,50,40,70,70,70,50,70,50,50,50,40,70,40,40,40,50,50,50,90,50,70,50,70,70
click injection fraud,USD,10,-100%,-100%,Unknown,,,,,,,Y,,10,10,10,10,10,10,10,10,10,10,10,20,10,10,10,10,10,10,10,10,10,10,10,10,10,10,10,10,10,0,10,10,0,10,10,10,10,10,10,10,10,10,10,10,10,10,10,0
cross channel marketing attribution,USD,110,88%,129%,Low,5,14.14,35.40,,,,Y,,110,90,90,140,110,110,70,70,110,110,110,140,110,110,90,140,90,90,70,90,110,110,140,110,110,70,40,70,140,170,210,90,90,110,110,140,110,90,90,110,110,170,140,170,170,170,320,320
customer referral ideas,USD,20,-50%,100%,Low,6,,,5%,,,,,20,20,20,20,30,20,10,40,50,30,50,40,20,20,30,30,20,40,10,20,20,10,30,20,20,10,20,20,10,30,10,10,20,20,10,10,10,10,20,10,10,10,10,10,10,40,50,20
customer referral rate,USD,10,0%,0%,Low,0,,,,,,,,10,0,10,10,10,10,10,10,10,10,10,10,10,10,10,10,10,10,10,10,10,10,10,20,10,10,10,10,10,10,10,0,10,10,10,10,10,10,10,10,10,10,10,10,10,10,10,10
data to pie chart,USD,10,0%,0%,Low,0,,,,,,,,0,0,10,10,10,10,10,10,0,10,10,10,0,10,10,10,10,10,10,10,10,10,10,10,10,10,10,10,10,10,10,10,10,10,10,10,10,10,10,10,10,10,10,10,10,10,10,10
david yovanno,USD,40,67%,0%,Low,0,,,,,,,,50,40,70,40,30,50,40,40,40,70,70,40,40,50,50,50,40,30,30,30,40,70,50,30,40,30,30,40,40,30,20,40,30,50,50,50,40,40,30,40,20,40,20,40,40,30,30,50
decay attribution model,USD,10,0%,0%,Low,6,,,,,,,,10,10,10,20,10,10,10,10,10,10,10,10,10,10,10,10,10,10,0,10,10,10,10,10,10,10,10,10,10,10,10,10,10,10,10,10,0,10,10,10,10,10,0,10,10,10,10,10
deep linking affiliate marketing,USD,10,0%,0%,Medium,50,,,20%,,,,,10,10,10,10,10,10,10,10,10,10,10,10,10,10,10,10,10,10,10,10,10,10,10,10,10,10,10,10,30,10,10,20,10,10,10,10,10,10,10,10,10,10,0,10,10,10,10,10
deeplink review,USD,30,0%,âˆž,Low,0,,,,,,,,110,140,140,170,90,110,70,90,70,40,30,70,50,20,30,30,40,20,10,20,20,20,20,10,10,10,10,10,10,10,0,0,0,10,0,0,0,10,10,10,10,10,0,10,10,10,10,10
deferred deeplinks,USD,10,-100%,0%,Unknown,,,,,,,,,10,10,10,0,10,10,10,10,10,10,0,10,0,10,10,10,10,10,10,10,10,10,10,10,10,10,10,10,10,10,0,0,0,0,0,0,0,10,0,0,0,0,0,10,10,10,0,0
define marketing attribution,USD,170,0%,-18%,Low,4,2.67,27.08,,,,,,140,140,110,170,170,170,110,140,170,210,210,210,210,140,170,320,260,210,210,260,210,210,210,170,210,110,110,170,110,140,140,110,170,170,140,170,210,140,210,140,170,260,320,170,210,140,170,140
define referral marketing,USD,70,100%,100%,Low,0,,,,,,,,90,50,70,50,70,90,70,90,70,90,90,90,70,50,50,50,50,70,90,70,70,70,110,110,110,70,70,50,90,90,70,90,70,90,70,70,70,30,50,40,40,30,40,40,50,70,110,140
define referral program,USD,40,67%,25%,Low,0,,,,,,,,70,90,90,90,50,50,50,40,40,30,50,40,40,30,40,30,40,40,30,20,40,50,40,30,20,10,20,20,20,20,30,20,20,30,30,40,20,20,40,40,40,40,30,20,40,30,40,50
digital advertising roi,USD,30,75%,133%,Low,1,,,,,,,,10,10,20,20,10,20,10,20,30,50,50,40,50,40,30,40,40,40,30,20,20,20,20,30,20,20,10,20,20,20,20,20,40,30,20,30,20,20,30,40,40,40,30,30,70,40,110,70
direct referral marketing,USD,10,-100%,-100%,Unknown,,,,,,,,,10,10,10,10,10,10,10,10,10,10,20,10,10,10,10,10,10,10,10,10,10,10,10,10,10,10,10,10,10,10,10,10,10,10,10,10,0,10,10,10,10,10,10,10,10,10,10,0
first interaction attribution model,USD,10,0%,-50%,Low,0,,,,,,,,10,10,10,10,10,20,10,20,10,30,20,20,20,20,20,30,30,20,30,10,10,20,10,10,10,10,10,10,10,10,10,10,0,10,0,20,10,10,10,0,10,10,10,10,10,10,10,10
get free referral,USD,10,0%,âˆž,Low,14,,,,,,,,0,0,10,10,10,10,10,10,10,10,10,0,10,10,10,10,0,10,10,0,10,0,0,0,0,0,0,0,10,10,10,10,10,0,10,0,10,10,10,10,10,0,0,0,0,10,10,10
hidden landing page,USD,10,0%,0%,Low,0,,,,,,,,10,10,10,10,10,10,10,10,10,10,10,10,10,10,10,10,10,10,10,10,10,10,10,10,10,10,10,10,10,10,10,10,10,10,10,10,10,10,10,10,10,10,10,10,0,10,10,10
idfa app,USD,10,0%,0%,Low,0,,,,,,,,10,10,10,10,10,10,10,10,10,10,10,10,10,10,10,10,10,10,10,10,10,10,10,10,0,0,10,10,10,10,10,10,10,10,10,10,10,10,10,10,10,10,10,10,10,10,10,10
idfa marketing,USD,10,-50%,0%,Low,0,,,,,,,,20,10,10,20,10,10,20,30,20,20,30,10,10,10,10,20,20,20,10,10,10,10,10,10,20,10,10,10,10,10,10,10,10,10,10,10,10,10,20,20,10,10,10,10,20,20,20,10
idfa mobile,USD,10,0%,0%,Low,0,,,,,,,,10,10,10,10,10,10,10,10,20,10,10,10,10,10,10,20,20,10,10,10,10,10,10,10,10,10,10,10,10,10,10,10,10,10,10,10,10,10,10,10,10,10,10,10,20,10,20,10
idfa tracking,USD,50,600%,100%,Low,0,,,,,,,,260,70,70,70,70,50,50,70,70,90,70,70,70,50,30,70,50,70,70,40,40,30,40,90,30,30,40,30,30,30,30,20,30,30,10,70,30,30,30,30,30,20,20,30,50,20,40,140
impact prm,USD,10,0%,0%,Low,25,,,,,,,,20,10,20,10,10,10,10,10,10,30,10,10,10,10,10,20,10,10,10,10,10,10,10,10,10,10,10,10,10,10,10,10,10,10,10,10,10,10,10,10,10,10,10,10,10,10,10,10
impact radius payment methods,USD,10,0%,âˆž,Low,0,,,,,,,,10,10,10,10,10,10,10,10,10,10,10,10,10,10,10,10,0,10,0,10,10,10,10,10,10,10,10,10,10,10,10,0,10,10,10,0,0,0,0,10,10,0,0,10,110,10,10,10
impactradius login,USD,720,-19%,-46%,Low,0,,,,,,,,390,480,480,880,880,1000,590,480,480,590,590,480,590,720,720,1000,1000,880,880,720,880,880,1000,720,880,880,720,720,590,720,590,480,720,1000,1000,720,720,590,480,720,590,590,720,1300,3600,480,480,390
itp 2.2 compliant,USD,10,0%,-50%,Low,1,,,,,,,,20,10,20,20,10,10,10,10,10,20,20,20,30,20,20,30,20,20,20,10,10,20,20,10,10,10,10,10,10,10,10,10,10,20,10,20,20,10,10,10,10,10,10,10,10,10,10,10
itp advertising,USD,10,0%,0%,Low,0,,,,,,,,20,20,10,10,10,10,10,10,10,10,20,10,10,10,20,10,10,10,10,10,10,10,10,10,10,20,10,10,10,10,10,10,10,10,10,10,10,10,10,10,10,10,10,10,10,10,10,10
last attribution model,USD,10,0%,0%,Low,19,,,,,,,,10,10,10,10,10,10,10,10,10,10,10,10,10,10,10,10,10,10,10,10,10,10,10,10,10,10,10,10,10,10,10,10,10,10,10,10,10,10,10,10,10,10,10,10,10,10,10,10
lifecycle of partner management,USD,10,-100%,-100%,Unknown,,,,,,,,,10,10,10,10,10,10,10,10,10,10,10,10,10,10,0,10,10,10,10,10,10,10,0,10,10,10,10,10,10,0,10,0,0,0,0,10,10,10,10,10,0,10,0,0,10,10,10,0
linear attribution model example,USD,10,0%,0%,Low,9,,,,,,,,10,10,0,0,10,10,10,10,10,20,10,10,10,10,20,10,10,10,10,10,10,10,10,10,10,10,10,10,10,20,20,10,10,10,10,20,10,10,10,10,10,20,20,30,10,20,20,20
make commission amazon,USD,40,200%,-40%,Low,0,,,,,,,,10,10,20,10,20,30,40,40,50,20,20,90,110,110,70,70,40,40,40,20,40,10,20,20,40,30,30,30,20,20,90,40,50,30,40,50,20,30,30,30,20,20,20,20,10,10,20,30
make influencer,USD,50,89%,1600%,Low,24,1.61,5.00,,,,,,40,40,20,20,40,40,30,20,50,30,20,30,30,20,20,20,40,50,40,20,50,40,30,30,20,20,30,30,50,40,30,30,30,10,30,10,30,30,20,30,20,40,30,70,720,90,110,170
marketing discounts,USD,90,0%,56%,Low,6,6.29,10.96,,,,,,70,90,70,90,110,70,110,70,90,110,110,140,110,70,70,70,90,140,90,70,110,140,110,90,90,90,50,70,90,90,70,70,90,110,110,90,110,90,90,110,110,110,70,70,90,140,140,140
mta marketing meaning,USD,30,-20%,-43%,Low,2,,,,,,,,10,10,10,10,10,10,10,10,10,10,10,20,20,20,40,30,30,40,30,20,30,20,30,40,40,40,30,40,30,30,50,30,30,30,30,70,40,40,50,50,40,40,30,20,40,50,20,40
mta meaning marketing,USD,10,-50%,-67%,Low,0,,,,,,,,20,10,10,10,10,10,10,10,20,10,20,20,20,10,10,10,10,10,10,10,10,10,10,10,10,10,10,10,10,10,10,10,20,20,30,30,30,20,20,10,30,30,20,10,20,20,10,10
multi touchpoint,USD,20,0%,-33%,Low,19,10.55,22.45,,,,,,20,20,30,30,30,30,30,30,40,30,20,30,30,30,20,30,30,20,30,20,20,20,30,20,20,10,20,20,20,20,20,20,20,20,10,30,20,20,30,20,20,20,20,20,20,20,10,20
partner performance metrics,USD,20,100%,300%,Low,0,,,,,,,,10,20,20,20,20,20,10,30,30,20,20,30,20,30,20,30,20,20,10,20,20,20,10,10,20,10,10,10,10,10,10,10,10,20,10,10,10,10,10,10,20,20,10,20,10,20,30,40
partnership affiliate marketing,USD,10,0%,0%,High,86,,,,,,Y,,10,0,10,10,10,10,0,10,0,10,10,10,10,10,10,10,10,10,10,10,20,10,10,10,10,20,10,10,10,10,10,10,10,10,10,10,10,10,30,30,10,10,10,10,10,10,10,10
pie chart and graph,USD,320,0%,0%,Low,1,1.11,6.99,,,,,,390,260,260,390,480,390,320,320,390,390,390,390,320,210,210,260,390,390,320,260,390,320,390,390,320,260,210,320,390,390,320,320,320,390,390,390,320,260,260,320,480,390,320,320,320,390,390,390
pie chart in a pie chart,USD,33100,49%,49%,Low,0,1.41,9.17,,,,,,33100,27100,22200,33100,49500,40500,33100,27100,33100,40500,40500,33100,33100,27100,22200,33100,40500,40500,33100,27100,33100,33100,40500,40500,33100,22200,22200,33100,40500,40500,33100,27100,33100,40500,40500,40500,33100,22200,22200,33100,49500,40500,33100,33100,33100,40500,49500,60500
pie chart in data visualization,USD,10,0%,0%,Low,6,,,,,,,,10,10,10,10,10,10,10,10,10,10,10,10,10,10,10,10,10,10,10,10,10,10,10,10,10,10,10,10,10,10,10,10,10,10,10,10,10,10,10,0,10,10,10,10,10,10,10,10
pie chart of a pie chart,USD,33100,49%,49%,Low,0,1.41,9.17,,,,,,33100,27100,22200,33100,49500,40500,33100,27100,33100,40500,40500,33100,33100,27100,22200,33100,40500,40500,33100,27100,33100,33100,40500,40500,33100,22200,22200,33100,40500,40500,33100,27100,33100,40500,40500,40500,33100,22200,22200,33100,49500,40500,33100,33100,33100,40500,49500,60500
pie chart over time,USD,20,0%,0%,Low,0,,,,,,,,40,50,30,20,30,30,30,30,20,50,30,20,30,30,30,20,30,20,20,20,20,20,30,30,20,30,10,10,10,20,30,10,20,20,20,20,30,20,10,10,10,30,20,20,20,20,30,20
pie chart program,USD,50,-33%,0%,Low,22,2.46,18.37,,,,,,30,30,20,20,20,20,20,20,20,30,40,30,20,20,20,10,20,10,10,10,30,20,30,30,20,20,30,20,20,20,40,20,20,40,30,20,40,10,10,20,20,30,880,720,30,30,40,20
pie chart when to use,USD,10,0%,0%,Low,0,,,,,,,,10,10,10,10,20,10,10,10,10,10,10,10,10,10,10,20,10,10,10,10,10,10,20,10,10,10,10,20,20,10,10,10,10,10,10,10,10,10,10,10,20,10,10,10,10,10,10,10
pie chart with bar graph,USD,10,âˆž,0%,Low,0,,,,,,,,10,10,10,10,10,20,10,10,10,10,10,10,20,10,10,10,20,10,10,10,10,0,10,10,10,10,10,10,10,10,10,10,10,10,10,10,10,10,10,10,10,10,10,10,10,0,10,10
pie graph and bar graph,USD,10,0%,0%,Low,0,,,,,,,,10,0,0,10,10,0,10,10,10,10,10,10,10,10,10,0,10,10,10,0,10,0,10,10,0,10,10,10,10,10,10,10,10,0,10,10,0,10,10,10,10,10,10,0,10,10,10,10
pie graph chart,USD,33100,49%,49%,Low,0,1.41,9.17,,,,,,33100,27100,22200,33100,49500,40500,33100,27100,33100,40500,40500,33100,33100,27100,22200,33100,40500,40500,33100,27100,33100,33100,40500,40500,33100,22200,22200,33100,40500,40500,33100,27100,33100,40500,40500,40500,33100,22200,22200,33100,49500,40500,33100,33100,33100,40500,49500,60500
pie of pie charts,USD,260,24%,53%,Low,0,,,,,,,,260,260,210,210,260,260,210,170,260,260,260,260,210,260,260,320,320,320,320,210,260,320,390,390,390,260,210,260,260,260,260,170,260,170,210,170,170,170,140,170,170,170,140,140,170,210,260,260
pixel affiliate marketing,USD,10,0%,0%,Medium,57,,,,,,,,10,10,10,0,0,10,10,10,10,10,10,10,10,0,10,10,10,10,10,10,10,10,10,10,10,10,10,10,10,10,10,10,10,10,10,10,10,10,10,10,0,10,0,10,10,10,10,10
referral code examples,USD,260,0%,-19%,Low,1,,,< 1%,,,,,260,260,260,210,260,260,320,260,320,320,320,390,260,320,390,390,320,320,390,320,390,260,320,260,260,210,210,210,210,210,260,210,260,320,260,260,320,260,320,260,260,210,260,210,210,210,170,210
referral code marketing,USD,10,-75%,0%,Low,8,,,20%,,,,,10,10,0,10,10,10,10,10,10,10,10,10,10,10,10,10,10,10,10,10,10,10,10,10,10,10,10,10,10,10,0,10,0,10,10,10,10,0,10,10,0,0,0,10,10,40,40,10
referral customers,USD,260,22%,22%,Low,8,8.61,27.30,19%,,,,,260,260,260,260,260,320,260,260,320,320,320,320,260,260,260,320,320,320,260,260,320,260,390,320,260,210,170,210,260,260,210,170,260,260,260,320,320,210,210,260,320,320,260,260,320,320,480,390
referral link example,USD,20,-50%,100%,Low,8,,,10%,,,,,10,10,10,10,20,20,10,10,20,10,20,20,10,10,10,20,10,10,20,20,20,30,20,20,10,20,10,20,10,20,10,10,20,20,10,10,10,10,10,10,30,10,10,10,10,40,40,20
referral marketing benefits,USD,10,-100%,-100%,Unknown,,,,,,,,,10,10,10,0,0,10,10,10,10,10,10,10,10,0,0,10,10,10,10,10,10,0,0,10,10,0,0,0,10,20,0,10,10,0,10,10,10,10,0,10,0,10,0,10,0,10,10,0
referral marketing definition,USD,70,100%,100%,Low,0,,,,,,,,90,50,70,50,70,90,70,90,70,90,90,90,70,50,50,50,50,70,90,70,70,70,110,110,110,70,70,50,90,90,70,90,70,90,70,70,70,30,50,40,40,30,40,40,50,70,110,140
referral marketing stats,USD,70,29%,29%,Low,6,6.47,15.36,9%,,,,,50,50,40,50,50,50,50,50,50,50,50,40,50,40,40,70,70,110,110,40,50,50,70,90,70,50,20,50,70,90,110,30,50,40,40,70,70,70,40,40,50,90,110,40,50,70,90,90
referral marketing tips,USD,30,56%,1300%,Low,0,,,,,,,,20,10,10,10,20,20,20,20,20,20,20,20,30,20,10,20,30,30,20,20,20,10,20,30,20,10,10,10,10,20,10,20,10,10,10,10,20,20,30,20,20,30,40,50,70,90,110,140
referral module,USD,10,0%,0%,Low,7,,,10%,,,,,10,10,10,10,0,10,10,10,10,10,10,10,10,10,10,10,10,10,0,10,10,10,10,10,10,10,10,10,10,10,10,10,10,10,10,10,10,10,10,10,10,10,10,10,10,10,10,10
referral offer examples,USD,10,0%,0%,Low,16,,,30%,,,,,10,10,10,10,10,10,10,0,10,10,10,10,10,10,10,10,0,10,10,10,10,10,10,10,10,0,10,10,10,10,10,10,10,10,10,10,10,10,10,0,10,10,10,10,10,10,10,10
referral program definition,USD,40,67%,25%,Low,0,,,,,,,,70,90,90,90,50,50,50,40,40,30,50,40,40,30,40,30,40,40,30,20,40,50,40,30,20,10,20,20,20,20,30,20,20,30,30,40,20,20,40,40,40,40,30,20,40,30,40,50
referral program marketing strategy,USD,140,23%,88%,Low,3,2.79,14.38,6%,,,,,90,90,90,70,90,70,90,90,90,110,140,140,110,110,140,140,110,170,110,110,90,90,110,140,110,90,70,110,140,170,210,140,210,140,170,170,210,140,140,140,140,140,170,170,260,260,390,320
referral program mechanics,USD,10,0%,âˆž,Low,0,,,,,,,,0,0,10,10,10,10,0,10,10,10,10,0,0,0,0,10,0,0,10,0,10,10,10,0,10,10,0,10,0,10,0,0,10,10,0,0,10,10,10,10,0,10,0,0,10,30,40,30
referral program statistics,USD,20,-40%,50%,Low,0,,,,,,,,10,30,20,10,20,10,30,10,30,20,30,30,30,20,10,20,20,20,20,20,20,20,20,20,20,20,20,20,10,10,20,10,10,20,20,20,10,10,10,10,10,30,20,10,20,50,50,30
referral program terms,USD,10,0%,0%,Low,0,,,,,,,,10,10,10,10,10,10,10,10,20,10,0,10,10,10,10,20,10,10,20,10,10,10,10,10,10,10,20,10,10,10,10,10,20,10,10,10,10,20,10,10,10,10,10,10,10,10,10,10
referral promo,USD,40,0%,75%,Low,9,3.87,9.95,3%,,,,,20,30,40,70,40,50,70,70,40,50,50,20,30,30,20,40,30,50,30,20,50,30,30,30,20,30,30,30,30,40,30,30,30,40,50,40,40,40,30,30,40,30,40,40,70,70,70,70
return on ad spending,USD,1000,60%,23%,Low,2,2.49,14.57,,,,,,880,880,880,880,880,880,880,720,880,1300,1300,1300,1300,1300,880,1000,1000,1000,1300,1300,1300,1300,1300,1300,1300,1000,1300,1300,1300,1300,1300,1300,1300,1300,1300,1300,1300,1000,1000,1000,1000,1000,1000,1000,1000,1000,1300,1600
roas digital,USD,10,0%,-50%,Low,1,,,,,,,,10,10,10,10,10,10,10,10,10,10,10,10,10,10,10,10,10,10,10,10,10,10,10,10,10,10,10,10,10,10,10,10,10,10,10,20,10,10,10,10,10,10,10,20,10,10,10,10
roas in ads,USD,40,0%,40%,Low,7,,,,,,,,10,10,10,10,10,10,20,20,20,40,30,40,40,30,20,20,20,20,30,30,30,30,40,50,40,30,30,30,30,40,50,40,40,50,40,50,50,50,40,50,40,50,40,50,50,70,70,70
roas optimization,USD,20,67%,150%,Low,5,,,,,,,,40,30,20,20,20,20,10,10,10,30,20,20,20,10,20,20,20,70,20,10,20,10,20,20,20,10,10,10,10,10,20,20,20,10,20,20,30,10,30,10,20,40,30,50,30,30,40,50
roas return on ad spend,USD,210,0%,0%,Low,2,1.17,13.51,,,,,,70,70,40,50,70,50,50,70,70,210,260,260,210,260,90,90,170,140,210,210,260,260,260,210,210,210,210,260,210,260,260,210,210,320,260,260,260,170,210,210,210,260,260,210,210,260,260,260
roi on ad spend,USD,10,0%,0%,Low,12,,,,,,,,10,10,10,10,10,10,10,10,10,40,40,70,40,40,40,40,30,20,10,10,10,10,10,10,10,10,10,10,10,10,10,10,10,10,10,10,10,10,10,10,10,10,10,10,10,10,10,10
roi on digital advertising,USD,30,75%,133%,Low,1,,,,,,,,10,10,20,20,10,20,10,20,30,50,50,40,50,40,30,40,40,40,30,20,20,20,20,30,20,20,10,20,20,20,20,20,40,30,20,30,20,20,30,40,40,40,30,30,70,40,110,70
roi performance marketing,USD,10,0%,0%,Low,0,,,,,,,,0,10,0,10,10,10,10,10,0,10,0,10,0,10,10,10,10,10,0,10,10,10,10,10,10,10,0,0,10,10,0,10,0,10,0,10,10,0,0,0,10,10,0,0,10,10,10,10
savage x fenty marketing strategy,USD,20,33%,300%,Low,0,,,,,,,,20,20,10,20,30,20,20,40,20,40,50,30,40,10,10,10,30,20,30,20,10,20,20,10,10,10,10,10,40,10,20,20,10,20,10,10,10,10,10,10,10,20,30,20,30,30,30,40
successful referral,USD,10,-50%,0%,Low,0,,,,,,,,10,10,20,10,10,10,10,20,10,20,10,10,10,10,10,10,10,10,20,10,20,10,10,10,10,10,10,10,10,10,10,10,10,10,10,20,10,10,10,10,10,10,20,20,20,40,30,20
swot after you,USD,10,âˆž,âˆž,Low,0,,,,,,,,0,0,0,10,0,0,10,10,0,10,0,10,10,10,0,0,0,10,0,10,0,0,0,0,0,0,10,0,0,0,0,0,0,0,0,0,0,0,0,10,0,0,10,0,0,0,10,10
tag management solution,USD,10,-50%,0%,Low,0,,,,,,Y,,10,10,10,10,10,10,10,10,10,10,10,10,10,10,10,10,10,10,10,10,10,10,10,10,10,10,10,10,10,10,10,10,10,10,10,10,10,10,10,10,10,10,10,10,10,20,20,10
tag management vendors,USD,10,100%,300%,Low,0,,,,,,,,0,10,10,20,10,10,10,10,10,10,20,10,10,30,40,30,20,10,10,10,10,10,10,10,10,10,10,10,10,10,10,0,10,10,10,10,10,10,10,0,10,10,10,10,10,20,40,40
tagging in marketing,USD,10,0%,0%,Low,0,,,,,,,,10,10,10,10,10,10,10,10,10,10,10,10,10,10,10,10,10,10,10,10,10,10,10,10,10,10,10,10,10,10,10,10,10,10,10,10,10,10,10,10,10,10,10,10,10,10,10,10
tagging marketing,USD,260,52%,0%,Low,24,1.93,9.54,,,,,,210,210,210,170,210,210,170,140,210,260,260,260,210,260,210,210,260,260,260,170,260,260,480,260,320,320,260,260,260,260,260,210,320,320,320,320,320,260,260,260,260,260,210,210,260,210,260,320
the attribution model,USD,10,0%,0%,Low,14,,,,,,,,10,10,10,10,10,10,20,20,10,10,10,40,30,10,10,10,10,10,20,30,10,10,10,10,10,10,0,10,10,10,10,10,10,10,10,10,10,10,10,0,0,10,10,10,10,10,10,10
touch attribution,USD,20,-33%,100%,Low,11,,,,,,,,10,10,10,10,10,10,10,10,10,10,10,20,10,30,30,40,20,20,20,10,10,10,30,10,10,10,20,20,30,70,70,20,20,20,20,10,20,10,10,10,10,20,20,30,20,30,10,20
use a pie chart,USD,30,400%,-29%,Low,0,,,,,,,,10,10,10,10,10,30,70,10,10,20,30,70,20,10,20,10,20,50,70,10,20,30,50,90,30,20,30,10,30,90,110,30,20,20,90,70,20,10,30,10,10,40,50,10,10,10,30,50
voucher marketing,USD,10,0%,0%,Low,20,,,,,,,,10,10,10,10,10,10,10,20,10,10,10,10,10,10,10,10,10,10,10,20,30,20,20,30,10,20,10,20,10,10,10,10,10,10,10,10,10,10,40,10,10,10,10,10,10,10,10,10
xoom energy referral program,USD,10,0%,0%,Low,10,,,,,,,,10,10,10,20,20,30,10,10,20,10,20,30,10,20,10,20,10,10,10,20,20,10,10,10,10,10,10,20,10,20,20,20,50,20,10,10,10,10,10,10,20,10,20,10,10,10,10,10