Date,Total spent,Impressions,Clicks,CTR,CPM,CPC,Leads,Lead Conv. Rate,Cost per lead,Web Conv,Web CVR,Cost per Web Conv
"Jul 9, 2025",6178.894690665175,62725,480,0.007652451175767238,98.5076873760889,12.872697272219115,39,0.08125,158.43319719654295,0,0,null
"Jul 8, 2025",12215.499999999995,148411,1035,0.006973876599443437,82.30858898599156,11.802415458937192,64,0.06183574879227053,190.86718749999991,1,0.000966183574879227,12215.499999999995
"Jul 7, 2025",12481.57,153954,1077,0.0069955960871429124,81.07337256583135,11.58920148560817,90,0.08356545961002786,138.68411111111112,12,0.011142061281337047,1040.1308333333334
"Jul 6, 2025",10778.230000000001,114308,949,0.008302131084438535,94.29112573048256,11.357460484720761,62,0.06533192834562697,173.84241935483874,1,0.001053740779768177,10778.230000000001
"Jul 5, 2025",10139.729999999996,103087,917,0.008895399031885689,98.36089904643647,11.057502726281347,53,0.05779716466739367,191.31566037735843,1,0.0010905125408942203,10139.729999999996
"Jul 4, 2025",7221.34,68335,610,0.008926611546059853,105.67556888856369,11.838262295081968,48,0.07868852459016394,150.44458333333333,0,0,null
"Jul 3, 2025",9583.050000000003,92313,800,0.008666168361985853,103.81040590166069,11.978812500000004,70,0.0875,136.90071428571432,4,0.005,2395.7625000000007
"Jul 2, 2025",9008.379999999997,99972,782,0.007822190213259713,90.10903052854796,11.519667519181583,62,0.0792838874680307,145.29645161290318,18,0.023017902813299233,500.4655555555554
"Jul 1, 2025",9263.44,92465,808,0.008738441572486887,100.18320445574001,11.464653465346535,65,0.08044554455445545,142.51446153846155,7,0.008663366336633664,1323.3485714285714
"Jun 30, 2025",7350.799999999999,76988,586,0.00761157582999948,95.47981503610951,12.544027303754264,44,0.07508532423208192,167.06363636363633,12,0.020477815699658702,612.5666666666666
"Jun 29, 2025",6545.3499999999985,55236,569,0.010301252806140923,118.49789992034178,11.503251318101931,39,0.06854130052724078,167.82948717948713,2,0.0035149384885764497,3272.6749999999993
"Jun 28, 2025",7710.009999999999,62518,619,0.009901148469240858,123.32464250295914,12.455589660743133,37,0.05977382875605816,208.37864864864864,0,0,null
"Jun 27, 2025",7729.66,82186,638,0.0077628793225123505,94.05081157374735,12.115454545454545,54,0.08463949843260188,143.14185185185184,10,0.01567398119122257,772.966
"Jun 26, 2025",9468.63,105463,776,0.00735803077856689,89.78153475626523,12.201842783505153,50,0.06443298969072164,189.37259999999998,5,0.006443298969072165,1893.7259999999999
"Jun 25, 2025",8377.049999999996,83483,630,0.0075464465819388375,100.3443814908424,13.296904761904756,63,0.1,132.96904761904756,5,0.007936507936507936,1675.4099999999992
"Jun 24, 2025",8476.87,88394,658,0.0074439441591058215,95.89870353191395,12.882781155015198,49,0.07446808510638298,172.99734693877554,36,0.0547112462006079,235.46861111111113
"Jun 23, 2025",8031.400000000001,78372,622,0.007936507936507936,102.4779257898229,12.912218649517685,51,0.0819935691318328,157.47843137254904,15,0.024115755627009645,535.4266666666667
"Jun 22, 2025",7229.980000000002,64127,607,0.009465591716437695,112.74470971665605,11.911004942339378,36,0.05930807248764415,200.83277777777784,5,0.008237232289950576,1445.9960000000005
"Jun 21, 2025",7193.019999999999,59511,606,0.010182991379744922,120.86874695434454,11.869669966996698,37,0.06105610561056106,194.40594594594592,0,0,null
"Jun 20, 2025",7880.95,81305,644,0.007920792079207921,96.93069306930694,12.237499999999999,55,0.08540372670807453,143.29,3,0.004658385093167702,2626.983333333333
"Jun 19, 2025",9212.600000000002,92938,704,0.00757494243474144,99.12629925326564,13.086079545454549,67,0.09517045454545454,137.50149253731345,3,0.004261363636363636,3070.8666666666672
"Jun 18, 2025",8163.939999999999,94963,663,0.0069816665438118,85.96969345955792,12.31363499245852,50,0.07541478129713423,163.27879999999996,22,0.033182503770739065,371.08818181818174
"Jun 17, 2025",8576.539999999999,97053,691,0.007119821128661659,88.36965369437316,12.411780028943559,68,0.09840810419681621,126.1255882352941,7,0.010130246020260492,1225.2199999999998
"Jun 16, 2025",7283.97,79805,602,0.007543387005826702,91.27210074556733,12.099617940199336,47,0.07807308970099668,154.978085106383,22,0.036544850498338874,331.0895454545455
"Jun 15, 2025",5922.060000000001,58610,521,0.008889268042996076,101.04180174031738,11.36671785028791,30,0.05758157389635317,197.40200000000004,0,0,null
"Jun 14, 2025",6007.839999999998,62239,538,0.008644097752213243,96.5285431963881,11.16698884758364,34,0.06319702602230483,176.7011764705882,1,0.0018587360594795538,6007.839999999998
"Jun 13, 2025",8003.489999999999,80706,640,0.007930017594726538,99.16846331127796,12.505453124999999,55,0.0859375,145.51799999999997,3,0.0046875,2667.8299999999995
"Jun 12, 2025",8181.859999999999,78365,629,0.008026542461558093,104.40706948254959,13.00772655007949,58,0.09220985691573927,141.06655172413792,4,0.006359300476947536,2045.4649999999997
"Jun 11, 2025",8386.039999999999,80129,664,0.008286637796553057,104.65674100512922,12.629578313253012,66,0.09939759036144578,127.06121212121211,15,0.022590361445783132,559.0693333333332
"Jun 10, 2025",9047.82,104068,718,0.0068993350501595115,86.94142291578582,12.60142061281337,71,0.0988857938718663,127.43408450704224,16,0.022284122562674095,565.48875
"Jun 9, 2025",7200.190000000002,92793,590,0.00635823822917677,77.59410731412933,12.203711864406783,37,0.06271186440677966,194.5997297297298,16,0.02711864406779661,450.01187500000015
"Jun 8, 2025",3845.370000000001,33952,309,0.009101083883129123,113.25901272384544,12.444563106796119,25,0.08090614886731391,153.81480000000002,0,0,null
"Jun 7, 2025",8817.239999999996,91004,753,0.008274361566524549,96.88848841809147,11.709482071713142,62,0.08233731739707835,142.21354838709672,2,0.0026560424966799467,4408.619999999998
"Jun 6, 2025",9432.309999999998,109138,810,0.0074217962579486525,86.4255346442119,11.644827160493824,56,0.0691358024691358,168.4341071428571,16,0.019753086419753086,589.5193749999999
"Jun 5, 2025",9880.359999999997,108311,797,0.00735844004764059,91.22212886964387,12.396938519447925,72,0.0903387703889586,137.22722222222217,10,0.012547051442910916,988.0359999999997
"Jun 4, 2025",9151.619999999999,103441,743,0.007182838526309684,88.47188252240407,12.317119784656795,65,0.08748317631224764,140.79415384615382,18,0.024226110363391656,508.4233333333333
"Jun 3, 2025",9208.66,108144,720,0.006657789613848202,85.15183459091581,12.789805555555555,64,0.08888888888888889,143.8853125,21,0.029166666666666667,438.507619047619
"Jun 2, 2025",9296.900000000003,118338,735,0.006211022663894945,78.5622538829455,12.64884353741497,68,0.09251700680272108,136.71911764705888,14,0.01904761904761905,664.0642857142859
"Jun 1, 2025",11914.539999999995,100647,823,0.008177094200522619,118.37948473377246,14.476962332928306,61,0.07411907654921021,195.3203278688524,3,0.0036452004860267314,3971.513333333332
"May 31, 2025",12502.010000000004,97765,813,0.008315859458906562,127.87817726180128,15.377626076260768,63,0.07749077490774908,198.44460317460323,8,0.00984009840098401,1562.7512500000005
"May 30, 2025",11743.389999999998,92299,690,0.0074757039621231,127.23203935037213,17.019405797101445,76,0.11014492753623188,154.51828947368418,13,0.01884057971014493,903.3376923076921
"May 29, 2025",11686.699999999997,95137,706,0.007420877261212777,122.84074545129651,16.553399433427757,72,0.10198300283286119,162.31527777777774,15,0.021246458923512748,779.1133333333331
"May 28, 2025",11996.18,113521,794,0.006994300613983316,105.67366390359494,15.108539042821159,78,0.0982367758186398,153.79717948717948,14,0.017632241813602016,856.87
"May 27, 2025",5971.410000000001,89338,585,0.006548165394345071,66.8406501152925,10.207538461538462,48,0.08205128205128205,124.40437500000002,4,0.006837606837606838,1492.8525000000002
"May 26, 2025",4158.8099999999995,45854,408,0.008897806080167488,90.69677672613075,10.19316176470588,23,0.056372549019607844,180.8178260869565,12,0.029411764705882353,346.56749999999994
"May 25, 2025",5448.380000000001,62206,532,0.00855222968845449,87.58608494357459,10.241315789473687,43,0.08082706766917293,126.706511627907,3,0.005639097744360902,1816.126666666667
"May 24, 2025",6717.16,76418,673,0.00880682561700123,87.90023292941454,9.980921248142645,48,0.0713224368499257,139.94083333333333,3,0.004457652303120356,2239.0533333333333
"May 23, 2025",7834.419999999999,97727,742,0.007592579328128357,80.1663818596703,10.558517520215633,83,0.11185983827493262,94.39060240963855,23,0.03099730458221024,340.6269565217391
"May 22, 2025",7891.779999999999,104826,765,0.0072978077957758574,75.28456680594509,10.316052287581698,73,0.09542483660130718,108.10657534246573,17,0.022222222222222223,464.2223529411764
"May 21, 2025",8011.639999999999,102630,799,0.007785247978174023,78.0633343077073,10.027083854818523,63,0.07884856070087609,127.16888888888887,26,0.03254067584480601,308.14
"May 20, 2025",7931.349999999999,109889,788,0.007170872425811501,72.17601397774118,10.06516497461929,74,0.09390862944162437,107.1804054054054,9,0.011421319796954314,881.2611111111111
"May 19, 2025",6289.6,90355,599,0.00662940623097781,69.60987217088152,10.50016694490818,69,0.11519198664440734,91.1536231884058,9,0.015025041736227046,698.8444444444444
"May 18, 2025",7294.969999999999,107643,835,0.007757123082782902,67.7700361379746,8.73649101796407,53,0.06347305389221557,137.6409433962264,0,0,null
"May 17, 2025",7584.5999999999985,97902,772,0.007885436456865028,77.47134889992032,9.824611398963729,54,0.06994818652849741,140.45555555555552,0,0,null
"May 16, 2025",8162.130000000001,120758,824,0.006823564484340582,67.59080143758592,9.905497572815536,72,0.08737864077669903,113.36291666666668,18,0.021844660194174758,453.4516666666667
"May 15, 2025",7776.649999999997,115553,755,0.006533798343617215,67.29942104488846,10.300198675496684,71,0.09403973509933775,109.5302816901408,7,0.009271523178807948,1110.9499999999996
"May 14, 2025",8160.62,131972,791,0.0059936956324068745,61.83599551419998,10.316839443742099,79,0.09987357774968394,103.29898734177215,15,0.018963337547408345,544.0413333333333
"May 13, 2025",8715.64,130820,876,0.006696223818987922,66.623146307904,9.949360730593607,83,0.09474885844748858,105.00771084337349,12,0.0136986301369863,726.3033333333333
"May 12, 2025",7596.439999999998,114727,756,0.006589556076599231,66.21318434195959,10.048201058201055,51,0.06746031746031746,148.9498039215686,8,0.010582010582010581,949.5549999999997
"May 11, 2025",6135.350000000001,80030,653,0.008159440209921279,76.66312632762715,9.395635528330782,44,0.06738131699846861,139.43977272727275,0,0,null
"May 10, 2025",6629.389999999999,83713,681,0.008134937225998352,79.19188178658034,9.734787077826725,45,0.06607929515418502,147.31977777777777,4,0.005873715124816446,1657.3474999999999
"May 9, 2025",6690.349999999999,97264,653,0.006713686461589077,68.78547047211713,10.245558958652373,62,0.09494640122511486,107.90887096774193,2,0.0030627871362940277,3345.1749999999997
"May 8, 2025",8524.749999999998,120898,848,0.007014177240318285,70.51191913844727,10.052771226415093,77,0.09080188679245282,110.71103896103894,13,0.015330188679245283,655.7499999999999
"May 7, 2025",8284.579999999998,114040,782,0.006857243072606103,72.64626446860748,10.59409207161125,70,0.08951406649616368,118.35114285714283,10,0.01278772378516624,828.4579999999999
"May 6, 2025",9115.92,132737,866,0.0065241793923322055,68.67655589624597,10.52646651270208,75,0.08660508083140878,121.54560000000001,48,0.05542725173210162,189.915
"May 5, 2025",9174.199999999999,128614,883,0.006865504532943536,71.33127031271867,10.389807474518685,71,0.08040770101925254,129.21408450704223,53,0.06002265005662514,173.09811320754716
"May 4, 2025",8843.950000000003,110331,923,0.008365735831271356,80.15834171719646,9.581744312026006,52,0.056338028169014086,170.0759615384616,6,0.0065005417118093175,1473.991666666667
"May 3, 2025",8234.23,112091,852,0.0076009670713973465,73.46022428205653,9.664589201877934,47,0.05516431924882629,175.1963829787234,6,0.007042253521126761,1372.3716666666667
"May 2, 2025",9077.29,132070,878,0.0066479897024305295,68.73090028015447,10.33859908883827,74,0.08428246013667426,122.66608108108109,5,0.0056947608200455585,1815.458
"May 1, 2025",10147.890000000001,156950,994,0.006333227142402039,64.6568333864288,10.209144869215294,95,0.09557344064386318,106.81989473684212,7,0.007042253521126761,1449.6985714285715
"Apr 30, 2025",8141.419999999999,127192,783,0.006156047550160387,64.00889993081326,10.39772669220945,75,0.09578544061302682,108.55226666666665,8,0.010217113665389528,1017.6774999999999
"Apr 29, 2025",7954.89,114497,744,0.006497986846816947,69.47684218800492,10.692056451612904,72,0.0967741935483871,110.48458333333333,31,0.041666666666666664,256.6093548387097
"Apr 28, 2025",5906.91,90251,581,0.006437601799426045,65.449801110237,10.166798623063682,50,0.08605851979345955,118.1382,20,0.03442340791738382,295.3455
"Apr 27, 2025",5322.590000000001,65204,540,0.008281700509171217,81.62980798724007,9.85664814814815,46,0.08518518518518518,115.70847826086958,6,0.011111111111111112,887.0983333333335
"Apr 26, 2025",5904.339999999998,75417,605,0.008022063990877388,78.28924513040825,9.759239669421484,48,0.07933884297520662,123.0070833333333,1,0.001652892561983471,5904.339999999998
"Apr 25, 2025",6070.939999999999,84544,573,0.006777535957607873,71.80805261165781,10.595008726003488,56,0.09773123909249563,108.40964285714283,17,0.029668411867364748,357.1141176470587
"Apr 24, 2025",6296.269999999999,86188,593,0.00688030816354945,73.05274516173944,10.617655986509272,64,0.10792580101180438,98.37921874999998,19,0.03204047217537943,331.38263157894727
"Apr 23, 2025",6264.3,95618,596,0.006233136020414566,65.51381539040767,10.510570469798658,58,0.09731543624161074,108.0051724137931,5,0.008389261744966443,1252.8600000000001
"Apr 22, 2025",7031.930000000002,111362,700,0.00628580664858749,63.14478906628834,10.045614285714288,68,0.09714285714285714,103.41073529411767,37,0.05285714285714286,190.05216216216223
"Apr 21, 2025",6681.609999999997,108294,646,0.00596524276506547,61.6988014109738,10.343049535603711,61,0.09442724458204334,109.53459016393438,3,0.0046439628482972135,2227.2033333333325
"Apr 20, 2025",4191.1900000000005,68809,450,0.00653984217180892,60.910491360141854,9.313755555555558,32,0.07111111111111111,130.97468750000002,0,0,null
"Apr 19, 2025",5271.169999999999,79819,538,0.006740249815206906,66.03903832420852,9.79771375464684,41,0.0762081784386617,128.56512195121948,0,0,null
"Apr 18, 2025",6639.64,96945,643,0.006632626747124658,68.48873072360617,10.326034214618973,61,0.09486780715396578,108.84655737704918,7,0.01088646967340591,948.5200000000001
"Apr 17, 2025",7375.820000000001,125386,732,0.005837972341409727,58.824908681990024,10.076256830601094,65,0.08879781420765027,113.47415384615385,32,0.04371584699453552,230.49437500000002
"Apr 16, 2025",7122.96,119692,657,0.005489088660896301,59.51074424355847,10.841643835616438,64,0.0974124809741248,111.29625,35,0.0532724505327245,203.51314285714287
"Apr 15, 2025",8059.0599999999995,130112,786,0.006040949335956714,61.93940605017215,10.25325699745547,80,0.10178117048346055,100.73825,4,0.005089058524173028,2014.7649999999999
"Apr 14, 2025",6999.6900000000005,103914,670,0.006447639394114364,67.36041341878862,10.447298507462687,77,0.11492537313432835,90.90506493506494,12,0.01791044776119403,583.3075
"Apr 13, 2025",5592.88,75155,524,0.006972257334841328,74.41793626505222,10.673435114503818,48,0.0916030534351145,116.51833333333333,0,0,null
"Apr 12, 2025",7958.740000000001,124394,881,0.007082335160859848,63.980095502998545,9.033757094211124,66,0.07491486946651532,120.5869696969697,1,0.0011350737797956867,7958.740000000001
"Apr 11, 2025",8614.980000000001,118951,832,0.006994476717303764,72.42461181494903,10.35454326923077,84,0.10096153846153846,102.55928571428574,36,0.04326923076923077,239.30500000000004
"Apr 10, 2025",7886.69,119375,746,0.0062492146596858636,66.06651308900523,10.571970509383377,69,0.09249329758713137,114.29985507246376,9,0.012064343163538873,876.2988888888889
"Apr 9, 2025",6157.750000000001,88948,554,0.006228358141835679,69.22865044745245,11.115072202166067,57,0.10288808664259928,108.03070175438599,10,0.018050541516245487,615.7750000000001
"Apr 8, 2025",8994.789326465778,128676,868,0.006745624669713078,69.90261840953852,10.362660514361496,54,0.06221198156682028,166.57017271232922,38,0.04377880184331797,236.7049822754152
"Apr 7, 2025",9577.452700690452,122267,888,0.007262793721936418,78.3322785436009,10.785419707984744,46,0.0518018018018018,208.2054934932707,28,0.03153153153153153,342.0518821675161
"Apr 6, 2025",7916.529044821935,85782,753,0.008778065328390572,92.28659910962597,10.513318784624083,29,0.03851261620185923,272.9837601662736,2,0.0026560424966799467,3958.2645224109674
"Apr 5, 2025",9053.98,108722,792,0.007284634204668788,83.27642979341806,11.431792929292929,51,0.06439393939393939,177.52901960784314,12,0.015151515151515152,754.4983333333333
"Apr 4, 2025",10412.88,134537,917,0.006815968841285297,77.39789054312196,11.355376226826607,56,0.061068702290076333,185.9442857142857,3,0.003271537622682661,3470.9599999999996
"Apr 3, 2025",9948.98,141953,905,0.006375349587539538,70.0864370601537,10.993348066298342,63,0.06961325966850829,157.92031746031745,39,0.0430939226519337,255.10205128205126
"Apr 2, 2025",10432.31,143132,933,0.00651845848587318,72.885937456334,11.181468381564844,77,0.08252947481243302,135.48454545454544,33,0.03536977491961415,316.13060606060606
"Apr 1, 2025",9094.519999999997,146596,864,0.005893748806243008,62.03798193675132,10.526064814814811,85,0.09837962962962964,106.99435294117643,25,0.028935185185185185,363.7807999999999
"Mar 31, 2025",7504.659999999997,119571,689,0.005762266770370742,62.76321181557398,10.892104499274307,74,0.10740203193033382,101.41432432432428,22,0.03193033381712627,341.120909090909
"Mar 30, 2025",5868.5999999999985,86367,593,0.006866048374958028,67.9495640696099,9.896458684654299,46,0.0775716694772344,127.57826086956518,0,0,null
"Mar 29, 2025",6395.8899999999985,88187,606,0.006871761143932779,72.52644947668021,10.554273927392737,44,0.07260726072607261,145.36113636363632,17,0.028052805280528052,376.22882352941167
"Mar 28, 2025",7255.770000000001,100552,625,0.006215689394542127,72.15938022117909,11.609232000000002,60,0.096,120.92950000000002,14,0.0224,518.2692857142858
"Mar 27, 2025",7857.749999999998,112581,722,0.006413160302360078,69.79641324912727,10.883310249307478,64,0.0886426592797784,122.77734374999997,27,0.037396121883656507,291.0277777777777
"Mar 26, 2025",7400.620000000002,105415,633,0.006004838021154485,70.20461983588675,11.691342812006322,88,0.13902053712480253,84.09795454545457,30,0.04739336492890995,246.68733333333338
"Mar 25, 2025",7271.57,113157,667,0.005894465212050514,64.26089415590727,10.90190404797601,74,0.11094452773613193,98.26445945945946,44,0.06596701649175413,165.26295454545453
"Mar 24, 2025",6667.6399999999985,101292,618,0.006101172846819098,65.82592899735417,10.789061488673136,62,0.10032362459546926,107.54258064516127,78,0.1262135922330097,85.48256410256408
"Mar 23, 2025",6476.799999999998,87702,638,0.0072746345579348245,73.8500832364142,10.151724137931032,37,0.05799373040752351,175.0486486486486,14,0.0219435736677116,462.6285714285713
"Mar 22, 2025",6975.7,91767,663,0.007224819379515512,76.01534320616344,10.521417797888386,46,0.0693815987933635,151.64565217391305,4,0.006033182503770739,1743.925
"Mar 21, 2025",7306.990000000001,104888,646,0.006158950499580505,69.66468995499962,11.311130030959754,46,0.07120743034055728,158.84760869565218,19,0.029411764705882353,384.5784210526316
"Mar 20, 2025",8045.119999999999,117948,722,0.0061213416081663105,68.20904127242513,11.142825484764542,81,0.11218836565096953,99.32246913580245,27,0.037396121883656507,297.9674074074074
"Mar 19, 2025",9088.630000000003,133462,822,0.006159056510467399,68.0990094558751,11.056727493917279,66,0.08029197080291971,137.7065151515152,10,0.012165450121654502,908.8630000000003
"Mar 18, 2025",9038.7,135619,821,0.006053724035717709,66.6477410982237,11.009378806333741,82,0.09987819732034105,110.22804878048781,31,0.037758830694275276,291.57096774193553
"Mar 17, 2025",8684.960000000001,136087,783,0.005753672283171795,63.81917449866629,11.09190293742018,79,0.10089399744572158,109.93620253164558,19,0.024265644955300127,457.1031578947369
"Mar 16, 2025",6971.039999999999,97328,718,0.007377116554331744,71.62419858622388,9.708969359331475,40,0.055710306406685235,174.27599999999998,17,0.023676880222841225,410.0611764705882
"Mar 15, 2025",8130.200000000001,114630,795,0.006935357236325569,70.92558667015616,10.226666666666668,60,0.07547169811320754,135.50333333333336,1,0.0012578616352201257,8130.200000000001
"Mar 14, 2025",11025.349999999999,160477,979,0.006100562697458203,68.70361484823368,11.26184882533197,96,0.09805924412665985,114.84739583333332,7,0.007150153217568948,1575.0499999999997
"Mar 13, 2025",11977.559999999996,166825,1039,0.006228083320845197,71.7971527049303,11.527969201154953,85,0.08180943214629452,140.91247058823524,12,0.011549566891241578,998.1299999999997
"Mar 12, 2025",12613.479999999996,169896,1105,0.006503978904741724,74.24236003201956,11.414914027149317,97,0.08778280542986425,130.03587628865975,19,0.017194570135746608,663.8673684210524
"Mar 11, 2025",11535.16,171314,1009,0.0058897696627245874,67.33343451206557,11.43226957383548,92,0.09117938553022795,125.38217391304347,30,0.02973240832507433,384.50533333333334
"Mar 10, 2025",10942.7,161766,964,0.0059592250534723,67.64524065625658,11.351348547717842,84,0.08713692946058091,130.2702380952381,48,0.04979253112033195,227.9729166666667
"Mar 9, 2025",9216.210000000001,127036,902,0.007100349507226298,72.54801788469412,10.217527716186254,55,0.06097560975609756,167.56745454545455,3,0.0033259423503325942,3072.07
"Mar 8, 2025",12606.540000000003,185552,1236,0.006661205484176942,67.94073898422006,10.199466019417478,80,0.06472491909385113,157.58175000000003,0,0,null
"Mar 7, 2025",13726.439999999997,206341,1258,0.006096703999689834,66.52308557194158,10.911319554848964,110,0.08744038155802862,124.78581818181816,47,0.037360890302066775,292.051914893617
"Mar 6, 2025",13779.38,226565,1266,0.005587800410478229,60.81866131132345,10.884186413902054,96,0.07582938388625593,143.53520833333332,52,0.04107424960505529,264.9880769230769
"Mar 5, 2025",14143.41,211755,1291,0.006096668319520201,66.79138627187079,10.955391169635941,104,0.08055770720371805,135.99432692307693,22,0.017041053446940357,642.8822727272727
"Mar 4, 2025",14182.870000000004,224967,1306,0.005805295887841328,63.04422426400319,10.859777947932622,106,0.08116385911179173,133.80066037735853,60,0.045941807044410414,236.38116666666673
"Mar 3, 2025",14267.01,206713,1215,0.005877714512391577,69.01844586455617,11.742395061728395,93,0.07654320987654321,153.40870967741935,36,0.02962962962962963,396.30583333333334
"Mar 2, 2025",14603.95,165422,1260,0.0076168828813579816,88.28299742476817,11.59043650793651,94,0.0746031746031746,155.36117021276596,14,0.011111111111111112,1043.1392857142857
"Mar 1, 2025",14394.480000000005,164720,1246,0.0075643516270034,87.38756677999032,11.552552166934193,82,0.06581059390048154,175.54243902439032,0,0,null
"Feb 28, 2025",14485.260000000002,182569,1207,0.006611199053508537,79.34129014235715,12.001043910521958,118,0.09776304888152444,122.75644067796613,20,0.016570008285004142,724.2630000000001
"Feb 27, 2025",14308.619999999999,181243,1194,0.006587840633845169,78.94715933856756,11.983768844221105,95,0.07956448911222781,150.61705263157893,8,0.006700167504187605,1788.5774999999999
"Feb 26, 2025",14458.800000000003,187330,1210,0.0064591896652965355,77.18357977899964,11.949421487603308,119,0.09834710743801653,121.50252100840339,51,0.04214876033057851,283.5058823529412
"Feb 25, 2025",14343.499999999996,184862,1193,0.0064534625828996765,77.59031061007668,12.023051131601003,116,0.0972338642078793,123.65086206896548,52,0.04358759430008382,275.8365384615384
"Feb 24, 2025",14395.550000000005,196304,1228,0.006255603553671856,73.3329427826229,11.722760586319222,118,0.09609120521172639,121.996186440678,15,0.012214983713355049,959.7033333333336
"Feb 23, 2025",14523.360000000004,182618,1332,0.007293914071997284,79.52863354105293,10.903423423423426,107,0.08033033033033032,135.73233644859818,0,0,null
"Feb 22, 2025",14597.560000000003,176812,1246,0.0070470330068094925,82.55978101033868,11.715537720706262,92,0.0738362760834671,158.66913043478263,0,0,null
"Feb 21, 2025",14387.63,214515,1293,0.006027550520942592,67.07050788989115,11.127324052590874,99,0.0765661252900232,145.32959595959596,27,0.02088167053364269,532.8751851851852
"Feb 20, 2025",14261.769999999997,207652,1244,0.005990792287095718,68.6811107044478,11.464445337620576,112,0.09003215434083602,127.33723214285712,31,0.02491961414790997,460.05709677419344
"Feb 19, 2025",14325.419999999998,209734,1243,0.005926554588192663,68.30280259757598,11.524875301689459,107,0.08608205953338696,133.88242990654203,20,0.016090104585679808,716.271
"Feb 18, 2025",14260.020000000004,216757,1266,0.005840641824716157,65.78804836752678,11.263838862559245,118,0.09320695102685624,120.8476271186441,45,0.035545023696682464,316.8893333333334
"Feb 17, 2025",14138.819999999998,214484,1280,0.005967811118778091,65.92016187687659,11.045953124999999,105,0.08203125,134.65542857142856,8,0.00625,1767.3524999999997
"Feb 16, 2025",14209.190000000004,180009,1342,0.007455182796415735,78.93599764456225,10.588070044709392,82,0.06110283159463487,173.28280487804884,2,0.0014903129657228018,7104.595000000002
"Feb 15, 2025",14370.539999999997,200783,1370,0.006823286832052514,71.57249368721453,10.48944525547445,90,0.06569343065693431,159.67266666666663,1,0.00072992700729927,14370.539999999997
"Feb 14, 2025",14442.340000000002,187786,1201,0.0063955779451077294,76.90850223126326,12.025262281432141,111,0.09242298084929226,130.11117117117118,47,0.03913405495420483,307.2838297872341
"Feb 13, 2025",14355.380000000003,194045,1216,0.006266587647195238,73.97964389703421,11.805411184210529,98,0.0805921052631579,146.48346938775512,58,0.047697368421052634,247.50655172413798
"Feb 12, 2025",14401.230000000003,196556,1238,0.00629845947210973,73.26782189299743,11.63265751211632,94,0.07592891760904685,153.20457446808513,24,0.01938610662358643,600.0512500000001
"Feb 11, 2025",14362.64,197684,1240,0.00627263713805872,72.65453956819975,11.582774193548387,98,0.07903225806451612,146.55755102040817,31,0.025,463.3109677419355
"Feb 10, 2025",14217.35,211974,1218,0.005745987715474539,67.07119741100324,11.672701149425288,106,0.08702791461412152,134.12594339622643,40,0.03284072249589491,355.43375000000003
"Feb 9, 2025",14663.91,180755,1346,0.007446543664075682,81.12588863378606,10.894435364041605,87,0.06463595839524518,168.55068965517242,3,0.002228826151560178,4887.97
"Feb 8, 2025",14415.349999999997,170423,1294,0.0075928718541511415,84.5857073282362,11.140146831530137,98,0.07573415765069552,147.09540816326526,20,0.015455950540958269,720.7674999999998
"Feb 7, 2025",14598.160000000002,212499,1296,0.006098852229892846,68.697546811985,11.264012345679014,106,0.08179012345679013,137.71849056603776,34,0.026234567901234566,429.3576470588236
"Feb 6, 2025",14450.619999999995,187798,1245,0.006629463572562008,76.94767782404496,11.606923694779113,112,0.08995983935742972,129.02339285714282,7,0.005622489959839358,2064.374285714285
"Feb 5, 2025",14394.890000000003,203601,1244,0.006109989636593141,70.70147003207255,11.571454983922832,111,0.08922829581993569,129.68369369369373,83,0.06672025723472669,173.43240963855425
"Feb 4, 2025",14329.889999999996,191487,1260,0.006580081154334237,74.83479296244651,11.372928571428568,103,0.08174603174603175,139.1251456310679,23,0.018253968253968255,623.0386956521737
"Feb 3, 2025",14347.260000000004,185654,1166,0.0062805002854772855,77.27956305816198,12.304682675814755,92,0.07890222984562607,155.94847826086962,30,0.025728987993138937,478.24200000000013
"Feb 2, 2025",14744.889999999996,160003,1294,0.008087348362218208,92.15383461560093,11.394814528593505,65,0.05023183925811438,226.84446153846147,28,0.021638330757341576,526.6032142857141
"Feb 1, 2025",14490.730000000001,176970,1230,0.006950330564502458,81.88240944792904,11.781081300813009,78,0.06341463414634146,185.77858974358975,3,0.0024390243902439024,4830.243333333334
"Jan 31, 2025",14476.480000000005,187026,1243,0.006646134762011699,77.4035695571739,11.646403861625105,92,0.07401448109412712,157.35304347826093,6,0.004827031375703942,2412.7466666666674
"Jan 30, 2025",14453.39,160622,1130,0.007035150851066479,89.98387518521746,12.790610619469026,103,0.09115044247787611,140.32417475728155,41,0.036283185840707964,352.52170731707315
"Jan 29, 2025",14527.56,180077,1161,0.006447242013138824,80.67415605546516,12.51297157622739,110,0.09474590869939707,132.06872727272727,22,0.018949181739879414,660.3436363636364
"Jan 28, 2025",14478.999999999998,175844,1171,0.006659311662610041,82.34002866176837,12.364645602049528,88,0.07514944491887275,164.53409090909088,19,0.016225448334756618,762.0526315789473
"Jan 27, 2025",14538.329999999998,206647,1221,0.005908626788678277,70.35345298988129,11.906904176904176,120,0.09828009828009827,121.15274999999998,41,0.03357903357903358,354.5934146341463
"Jan 26, 2025",14840.2,177883,1363,0.007662339852599742,83.42674679424117,10.887894350696993,81,0.05942773294203962,183.21234567901234,7,0.005135730007336757,2120.0285714285715
"Jan 25, 2025",14570.050000000001,185772,1214,0.006534892233490516,78.42974183407618,12.001688632619441,91,0.07495881383855024,160.11043956043957,0,0,null
"Jan 24, 2025",14645.97,187682,1162,0.006191323621871037,78.03609296576124,12.604104991394147,107,0.09208261617900172,136.8782242990654,12,0.010327022375215147,1220.4975
"Jan 23, 2025",14366.43,172697,1134,0.006566414008349885,83.18864832625928,12.668809523809523,108,0.09523809523809523,133.0225,7,0.006172839506172839,2052.347142857143
"Jan 22, 2025",14576.059999999998,187253,1173,0.006264252108110418,77.8415299087331,12.42630861040068,118,0.10059676044330776,123.52593220338981,8,0.0068201193520886615,1822.0074999999997
"Jan 21, 2025",14318.120000000003,171183,1077,0.006291512591787736,83.64218409538331,13.29444753946147,84,0.07799442896935933,170.45380952380955,21,0.019498607242339833,681.8152380952382
"Jan 20, 2025",14307.46,174569,1116,0.006392887626096271,81.95876702049046,12.820304659498207,99,0.08870967741935484,144.51979797979797,18,0.016129032258064516,794.8588888888888
"Jan 19, 2025",14720.440000000006,163093,1201,0.007363896672450688,90.25795098502084,12.256819317235642,76,0.06328059950041633,193.69000000000008,0,0,null
"Jan 18, 2025",14568.630000000001,160763,1122,0.006979217854854662,90.62178486343252,12.984518716577542,95,0.08467023172905526,153.354,4,0.0035650623885918,3642.1575000000003
"Jan 17, 2025",14581.609999999999,187118,1140,0.006092412274607467,77.92735065573595,12.79088596491228,97,0.08508771929824561,150.32587628865977,11,0.009649122807017544,1325.600909090909
"Jan 16, 2025",14417.980000000001,174126,1091,0.00626557779998392,82.80199395839794,13.21538038496792,102,0.09349220898258478,141.35274509803924,25,0.022914757103574702,576.7192
"Jan 15, 2025",14414.780000000002,172062,1097,0.006375608792179563,83.7766619009427,13.140182315405655,86,0.07839562443026436,167.61372093023257,7,0.006381039197812215,2059.254285714286
"Jan 14, 2025",14371.490000000002,162780,1092,0.006708440840398083,88.28781177048778,13.16070512820513,86,0.07875457875457875,167.11034883720933,9,0.008241758241758242,1596.8322222222223
"Jan 13, 2025",14321.980000000005,195842,1131,0.005775063571654701,73.13027848980302,12.663112290008845,113,0.09991158267020336,126.74318584070801,15,0.013262599469496022,954.798666666667
"Jan 12, 2025",13539.679999999997,169523,1240,0.007314641671041688,79.86928027465298,10.919096774193546,72,0.05806451612903226,188.05111111111106,0,0,null
"Jan 11, 2025",14685.879999999997,182338,1276,0.0069979927387598855,80.54207022123747,11.509310344827584,75,0.05877742946708464,195.8117333333333,0,0,null
"Jan 10, 2025",14464.56,190346,1173,0.006162462042806258,75.99087976632028,12.331253196930946,98,0.08354646206308611,147.59755102040816,9,0.0076726342710997444,1607.1733333333332
"Jan 9, 2025",14472.440000000002,172968,1166,0.006741131307525091,83.67119929697981,12.41204116638079,95,0.08147512864493997,152.34147368421054,23,0.01972555746140652,629.2365217391306
"Jan 8, 2025",14429.449999999997,179476,1103,0.006145668501638102,80.39765762553208,13.082003626473252,99,0.08975521305530372,145.75202020202016,36,0.032638259292837715,400.8180555555555
"Jan 7, 2025",14309.550000000003,190289,1082,0.005686088002984933,75.19903935592704,13.225092421441778,88,0.08133086876155268,162.60852272727277,6,0.005545286506469501,2384.9250000000006
"Jan 6, 2025",9433.41,139652,805,0.005764328473634463,67.54940852977401,11.718521739130434,70,0.08695652173913043,134.763,13,0.016149068322981366,725.646923076923
"Jan 5, 2025",4264.280000000001,73903,454,0.006143187691974615,57.701040553157526,9.392687224669604,28,0.06167400881057269,152.2957142857143,4,0.00881057268722467,1066.0700000000002
"Jan 4, 2025",5377.48,81440,537,0.006593811394891945,66.02996070726914,10.013929236499068,30,0.055865921787709494,179.2493333333333,1,0.00186219739292365,5377.48
"Jan 3, 2025",7971.18,133340,726,0.0054447277636118195,59.780860956952154,10.979586776859504,57,0.07851239669421488,139.84526315789475,9,0.012396694214876033,885.6866666666667
"Jan 2, 2025",8517.98,130431,736,0.00564283030874562,65.30640721914268,11.573342391304347,60,0.08152173913043478,141.96633333333332,8,0.010869565217391304,1064.7475
"Jan 1, 2025",8252.4,108521,795,0.007325771048921407,76.04426792970945,10.380377358490566,43,0.05408805031446541,191.91627906976743,0,0,null
"Dec 31, 2024",7904.66,96391,646,0.0067018705065825645,82.00620389870424,12.236315789473684,54,0.08359133126934984,146.3825925925926,4,0.006191950464396285,1976.165
"Dec 30, 2024",7288.43,91094,585,0.006421937778558412,80.00998968098887,12.458854700854701,45,0.07692307692307693,161.96511111111113,7,0.011965811965811967,1041.2042857142858
"Dec 29, 2024",6225.58,70063,545,0.007778713443615032,88.85688594550618,11.42308256880734,37,0.06788990825688074,168.2589189189189,7,0.012844036697247707,889.3685714285714
"Dec 28, 2024",6155.029999999999,70376,548,0.007786745481414118,87.4592190519495,11.231806569343064,39,0.07116788321167883,157.82128205128203,0,0,null
"Dec 27, 2024",6886.13,81276,555,0.006828584083862395,84.72525714848172,12.407441441441442,36,0.06486486486486487,191.2813888888889,10,0.018018018018018018,688.613
"Dec 26, 2024",6158.4400000000005,68728,493,0.007173204516354325,89.60598300547085,12.491764705882353,42,0.08519269776876268,146.62952380952382,11,0.02231237322515213,559.8581818181818
"Dec 25, 2024",4578.659999999999,45469,365,0.008027447271767577,100.69849787767488,12.544273972602737,23,0.06301369863013699,199.07217391304343,0,0,null
"Dec 24, 2024",5254.87,59069,407,0.0068902469992720376,88.9615534375053,12.911228501228502,30,0.07371007371007371,175.16233333333332,0,0,null
"Dec 23, 2024",6328.679999999999,74400,475,0.006384408602150538,85.06290322580644,13.323536842105263,39,0.08210526315789474,162.27384615384614,1,0.002105263157894737,6328.679999999999
"Dec 22, 2024",5718.949999999997,61795,510,0.008253094910591471,92.54713164495506,11.213627450980386,35,0.06862745098039216,163.39857142857136,3,0.0058823529411764705,1906.3166666666657
"Dec 21, 2024",6017.549999999998,66335,524,0.007899299012587624,90.71455491068062,11.483874045801523,41,0.07824427480916031,146.7695121951219,1,0.0019083969465648854,6017.549999999998
"Dec 20, 2024",11773.81,142309,869,0.006106430373342515,82.73412082159244,13.548688147295742,83,0.09551208285385501,141.85313253012046,4,0.004602991944764097,2943.4525
"Dec 19, 2024",12643.22,143105,896,0.006261136927430908,88.34925404423325,14.110736607142856,91,0.1015625,138.93648351648352,11,0.012276785714285714,1149.3836363636362
"Dec 18, 2024",13039.520000000004,150146,926,0.006167330465014053,86.84560361248387,14.081555075593958,87,0.0939524838012959,149.8795402298851,23,0.024838012958963283,566.9356521739132
"Dec 17, 2024",12408.140000000001,148598,881,0.005928747358645473,83.50139302009448,14.084154370034053,93,0.10556186152099886,133.42086021505378,16,0.018161180476730987,775.5087500000001
"Dec 16, 2024",11272.280000000004,144917,814,0.005617008356507518,77.78438692492948,13.848009828009832,72,0.08845208845208845,156.5594444444445,43,0.052825552825552825,262.146046511628
"Dec 15, 2024",8076.669999999998,83295,647,0.007767573083618464,96.9646437361186,12.483261205564139,44,0.06800618238021638,183.5606818181818,4,0.0061823802163833074,2019.1674999999996
"Dec 14, 2024",8302.11,88524,612,0.0069133794225294835,93.78371966924225,13.565539215686275,44,0.0718954248366013,188.68431818181818,2,0.0032679738562091504,4151.055
"Dec 13, 2024",10593.599999999997,112853,737,0.0065306194784365505,93.87078766182553,14.373948439620078,73,0.09905020352781546,145.11780821917804,7,0.009497964721845319,1513.3714285714282
"Dec 12, 2024",11110.609999999999,130533,781,0.005983161346172998,85.11725004405015,14.226133162612035,86,0.11011523687580026,129.1931395348837,3,0.0038412291933418692,3703.5366666666664
"Dec 11, 2024",10502.500000000002,131896,779,0.005906168496391096,79.62713046642811,13.482028241335048,81,0.10397946084724005,129.6604938271605,24,0.03080872913992298,437.60416666666674
"Dec 10, 2024",9476.899999999998,135044,758,0.005612985397351974,70.17638695536269,12.502506596306066,76,0.10026385224274406,124.69605263157892,24,0.0316622691292876,394.8708333333332
"Dec 9, 2024",8485.5,118201,679,0.005744452246596899,71.78873275183797,12.497054491899853,94,0.13843888070692195,90.27127659574468,22,0.03240058910162003,385.70454545454544
"Dec 8, 2024",5898.870000000001,74277,528,0.007108526192495658,79.4171816309221,11.172102272727274,48,0.09090909090909091,122.89312500000001,0,0,null
"Dec 7, 2024",6881.519999999999,87130,572,0.006564903018478136,78.97991506943646,12.030629370629368,57,0.09965034965034965,120.72842105263156,0,0,null
"Dec 6, 2024",9244.84,121185,753,0.006213640302017576,76.28699921607459,12.27734395750332,79,0.1049136786188579,117.02329113924051,11,0.014608233731739707,840.44
"Dec 5, 2024",11939.799999999997,152380,1015,0.006660979131119569,78.35542722142013,11.763349753694579,111,0.10935960591133005,107.56576576576575,25,0.024630541871921183,477.59199999999987
"Dec 4, 2024",9868.339999999998,134992,855,0.006333708664217139,73.10314685314684,11.541918128654968,103,0.12046783625730995,95.80912621359222,14,0.016374269005847954,704.8814285714285
"Dec 3, 2024",10629.040000000003,153105,879,0.005741158028803762,69.4232062963326,12.092195676905577,88,0.10011376564277588,120.78454545454548,6,0.006825938566552901,1771.5066666666671
"Dec 2, 2024",8449.01,116986,698,0.005966525909083138,72.22240268066264,12.104598853868195,71,0.1017191977077364,119.00014084507042,7,0.01002865329512894,1207.0014285714285
"Dec 1, 2024",7699.359999999999,97520,704,0.007219031993437244,78.95159967186217,10.936590909090908,49,0.06960227272727272,157.12979591836734,1,0.0014204545454545455,7699.359999999999
"Nov 30, 2024",6023.590000000002,78978,542,0.006862670617133885,76.26921421155261,11.113634686346867,37,0.06826568265682657,162.7997297297298,0,0,null
"Nov 29, 2024",5449.569999999999,60380,447,0.007403113613779397,90.25455448824111,12.191431767337805,45,0.10067114093959731,121.10155555555554,1,0.0022371364653243847,5449.569999999999
"Nov 28, 2024",4638.1799999999985,54980,390,0.007093488541287741,84.36122226264094,11.892769230769227,32,0.08205128205128205,144.94312499999995,0,0,null
"Nov 27, 2024",8284.980000000001,100365,683,0.006805161161759578,82.54849798236438,12.130278184480236,76,0.11127379209370425,109.01289473684213,21,0.03074670571010249,394.5228571428572
"Nov 26, 2024",10012.210000000001,130987,776,0.005924252025010115,76.43666928779193,12.902332474226805,72,0.09278350515463918,139.05847222222224,12,0.015463917525773196,834.3508333333334
"Nov 25, 2024",9540.919999999998,119841,755,0.006300014185462405,79.61315409584364,12.63698013245033,74,0.09801324503311258,128.93135135135134,23,0.030463576158940398,414.8226086956521
"Nov 24, 2024",7101.7699999999995,74280,575,0.007740980075390415,95.60810446957457,12.350904347826086,34,0.059130434782608696,208.87558823529412,0,0,null
"Nov 23, 2024",7632.890000000002,92222,629,0.006820498362646657,82.76647654572663,12.134960254372022,44,0.06995230524642289,173.47477272727278,13,0.02066772655007949,587.1453846153847
"Nov 22, 2024",9991.97,135067,842,0.006233943154138316,73.97787764590906,11.866947743467932,56,0.0665083135391924,178.4280357142857,21,0.02494061757719715,475.80809523809523
"Nov 21, 2024",9203.600000000002,131131,779,0.005940624261234948,70.18630224737096,11.814634146341467,78,0.10012836970474968,117.99487179487183,31,0.03979460847240052,296.8903225806452
"Nov 20, 2024",8498.3,109753,680,0.006195730412836096,77.4311408344191,12.497499999999999,69,0.10147058823529412,123.16376811594202,15,0.022058823529411766,566.5533333333333
"Nov 19, 2024",8512.12,120493,704,0.005842663059264854,70.64410380686016,12.091079545454546,72,0.10227272727272728,118.2238888888889,23,0.032670454545454544,370.0921739130435
"Nov 18, 2024",8527.640000000001,130938,742,0.005666804136308787,65.12731216300845,11.492776280323453,68,0.09164420485175202,125.40647058823531,12,0.016172506738544475,710.6366666666668
"Nov 17, 2024",6419.259999999999,90379,596,0.006594452251076024,71.0260126799367,10.770570469798656,48,0.08053691275167785,133.73458333333332,4,0.006711409395973154,1604.8149999999998
"Nov 16, 2024",7683.899999999999,102385,691,0.006749035503247546,75.04907945499828,11.11997105643994,43,0.06222865412445731,178.69534883720928,4,0.005788712011577424,1920.9749999999997
"Nov 15, 2024",10094.210000000001,145649,885,0.006076251810860356,69.30504157254771,11.405887005649719,69,0.07796610169491526,146.29289855072466,13,0.014689265536723164,776.4776923076923
"Nov 14, 2024",10312.190000000002,151683,888,0.005854314590296869,67.9851400618395,11.612826576576579,84,0.0945945945945946,122.7641666666667,21,0.02364864864864865,491.0566666666668
"Nov 13, 2024",8332.01,122839,682,0.005551982676511531,67.82870261073438,12.217023460410557,76,0.11143695014662756,109.63171052631579,20,0.02932551319648094,416.6005
"Nov 12, 2024",9708.51,128201,795,0.006201199678629652,75.72881646789027,12.211962264150944,95,0.11949685534591195,102.19484210526316,10,0.012578616352201259,970.851
"Nov 11, 2024",8559.94,130641,739,0.0056567233869918325,65.52261541170078,11.583139377537213,83,0.11231393775372124,103.13180722891566,7,0.009472259810554804,1222.8485714285714
"Nov 10, 2024",8244.790000000003,107912,782,0.007246645414782415,76.40290236488993,10.54320971867008,74,0.09462915601023018,111.41608108108112,10,0.01278772378516624,824.4790000000003
"Nov 9, 2024",8509.779999999999,113783,785,0.006899097404708963,74.78955555750858,10.84048407643312,61,0.07770700636942675,139.5045901639344,2,0.0025477707006369425,4254.889999999999
"Nov 8, 2024",9249.96,145004,836,0.005765358197015255,63.79106783261152,11.064545454545453,87,0.10406698564593302,106.32137931034482,19,0.022727272727272728,486.84
"Nov 7, 2024",11149.21,162094,945,0.005829950522536306,68.78237319086455,11.79810582010582,98,0.1037037037037037,113.76744897959183,4,0.004232804232804233,2787.3025
"Nov 6, 2024",13127.370000000003,206277,1119,0.005424744397097107,63.63952355328031,11.73134048257373,94,0.0840035746201966,139.65287234042555,23,0.020554066130473638,570.7552173913044
"Nov 5, 2024",14031,192482,1152,0.005984975218461986,72.89512785611123,12.1796875,117,0.1015625,119.92307692307692,13,0.011284722222222222,1079.3076923076924
"Nov 4, 2024",10149.099999999997,159735,920,0.005759539236861051,63.53710833568095,11.031630434782604,89,0.0967391304347826,114.03483146067413,29,0.03152173913043478,349.96896551724126
"Nov 3, 2024",6501.029999999999,98383,677,0.006881270138133621,66.0787941006068,9.602703101920234,54,0.07976366322008863,120.38944444444442,9,0.013293943870014771,722.3366666666666
"Nov 2, 2024",6659.18,99419,678,0.006819622003842324,66.98095937396273,9.821799410029499,44,0.06489675516224189,151.345,3,0.004424778761061947,2219.726666666667
"Nov 1, 2024",6942.160000000003,120367,683,0.0056743127269101995,57.67494412920487,10.164216691068818,66,0.09663250366032211,105.18424242424247,28,0.040995607613469986,247.9342857142858
"Oct 31, 2024",6487.880000000001,104115,647,0.00621428228401287,62.314556019785826,10.027635239567235,75,0.11591962905718702,86.50506666666668,51,0.07882534775888717,127.21333333333335
"Oct 30, 2024",6805.140000000001,109058,669,0.006134350529076272,62.39927378092392,10.172107623318388,77,0.11509715994020926,88.37844155844158,14,0.02092675635276532,486.08142857142866
"Oct 29, 2024",5821.149999999999,98921,561,0.005671192163443556,58.84645323035553,10.376381461675576,44,0.0784313725490196,132.29886363636362,19,0.0338680926916221,306.3763157894736
"Oct 28, 2024",6585.3899999999985,108599,617,0.005681451947071336,60.639508651092534,10.673241491085896,74,0.11993517017828201,88.99175675675674,19,0.03079416531604538,346.59947368421047
"Oct 27, 2024",4906.740000000001,77313,496,0.006415479932223559,63.4659112956424,9.892620967741937,31,0.0625,158.281935483871,0,0,null
"Oct 26, 2024",5386.569999999999,77389,531,0.006861440256367184,69.60381966429335,10.144199623352163,49,0.09227871939736347,109.92999999999998,0,0,null
"Oct 25, 2024",6630.72,109421,638,0.005830690635252831,60.59823982599318,10.392978056426333,53,0.08307210031347963,125.1079245283019,29,0.045454545454545456,228.6455172413793
"Oct 24, 2024",7396.209999999998,113360,690,0.006086803105151729,65.24532462949894,10.71914492753623,93,0.13478260869565217,79.52913978494622,20,0.028985507246376812,369.81049999999993
"Oct 23, 2024",7495.87,118462,719,0.0060694568722459525,63.27657814320203,10.425410292072323,74,0.10292072322670376,101.29554054054054,39,0.054242002781641166,192.20179487179487
"Oct 22, 2024",8292.039990646957,127689,825,0.006461010737025116,64.939344741105,10.050957564420555,65,0.07878787878787878,127.5698460099532,91,0.1103030303030303,91.121318578538
"Oct 21, 2024",7810.949993362535,139106,801,0.0057581987836613805,56.151064608015,9.75149811905435,72,0.0898876404494382,108.48541657447964,12,0.0149812734082397,650.9124994468779
"Oct 20, 2024",6425.369990055342,102187,709,0.006938260248368188,62.878546097403216,9.062581086114728,53,0.07475317348377997,121.23339603878004,3,0.004231311706629055,2141.789996685114
"Oct 19, 2024",6860.969988145107,99692,732,0.007342615254985355,68.82167062698218,9.372909819870365,56,0.07650273224043716,122.51732121687691,0,0,null
"Oct 18, 2024",7320.9699950979175,113449,707,0.006231875115690751,64.53093456176711,10.354978776659006,73,0.10325318246110325,100.28726020682079,14,0.019801980198019802,522.9264282212798
"Oct 17, 2024",7689.449994298449,127866,752,0.005881156836062753,60.136783775972106,10.225332439226662,68,0.09042553191489362,113.0801469749772,13,0.017287234042553192,591.496153407573
"Oct 16, 2024",10702.6299935547,150741,966,0.006408342786634028,71.00012600125181,11.079327115481055,93,0.09627329192546584,115.08204294144838,13,0.013457556935817806,823.2792302734384
"Oct 15, 2024",11351.389990617194,157753,940,0.005958682243760816,71.9567297649946,12.07594679852893,85,0.09042553191489362,133.5457645954964,18,0.019148936170212766,630.6327772565107
"Oct 14, 2024",10333.729996001555,163786,898,0.005482764094611261,63.09287726668675,11.507494427618658,77,0.08574610244988864,134.20428566235785,45,0.05011135857461024,229.6384443555901
"Oct 13, 2024",10092.82996993361,126691,948,0.007482773046230592,79.66493255190669,10.646445115963722,64,0.06751054852320675,157.70046828021265,3,0.0031645569620253164,3364.2766566445366
"Oct 12, 2024",10243.589989115846,132997,954,0.007173094129942781,77.02121092292191,10.737515711861473,59,0.06184486373165619,173.62016930704823,6,0.006289308176100629,1707.2649981859743
"Oct 11, 2024",10997.189991823829,156405,923,0.005901345864902017,70.31226617962231,11.914615375757128,82,0.08884073672806067,134.1120730710223,6,0.0065005417118093175,1832.8649986373048
"Oct 10, 2024",11775.179992933128,171854,1006,0.0058538061377681055,68.51850985681524,11.704950291186012,81,0.0805168986083499,145.37259250534726,15,0.014910536779324055,785.0119995288752
"Oct 9, 2024",12930.759988442367,163019,977,0.005993166440721634,79.32056992401111,13.2351688725101,72,0.0736949846468782,179.5938887283662,20,0.02047082906857728,646.5379994221183
"Oct 8, 2024",13665.269983522017,176055,1059,0.006015165715259436,77.619323413263,12.90393766149388,96,0.0906515580736544,142.34656232835434,13,0.012275731822474031,1051.1746141170784
"Oct 7, 2024",13764.179979915954,179221,1040,0.005802891402235229,76.80004006180053,13.23478844222688,74,0.07115384615384615,186.0024321610264,25,0.02403846153846154,550.5671991966382
"Oct 6, 2024",10520.879991007754,130715,933,0.00713766591439391,80.48716666800102,11.276398704188376,50,0.05359056806002144,210.4175998201551,1,0.0010718113612004287,10520.879991007754
"Oct 5, 2024",12229.009990897091,137822,977,0.007088853738880585,88.73046386568974,12.516898660078907,58,0.0593654042988741,210.8449998430533,0,0,null
"Oct 4, 2024",13671.259989435766,160780,1011,0.006288095534270431,85.03084954245408,13.522512353546752,87,0.08605341246290801,157.1409194188019,19,0.018793273986152326,719.5399994439877
"Oct 3, 2024",13643.58998957329,170635,1070,0.0062706947578163915,79.95774600505926,12.751018681844196,80,0.07476635514018691,170.5448748696661,36,0.03364485981308411,378.9886108214803
"Oct 2, 2024",13074.029996117566,186944,1110,0.00593760698390962,69.93554217368606,11.778405401907717,106,0.09549549549549549,123.33990562375062,51,0.04594594594594595,256.35352933563854
"Oct 1, 2024",11980.789986649883,184322,1026,0.005566345851281996,64.9992403872022,11.677183222855636,92,0.08966861598440545,130.2259781157596,24,0.023391812865497075,499.19958277707843
"Sep 30, 2024",10940.879995248599,147794,846,0.00572418366104172,74.02790367165514,12.932482263887232,87,0.10283687943262411,125.75724132469654,9,0.010638297872340425,1215.6533328054
"Sep 29, 2024",8580.839992760344,104498,779,0.00745468812800245,82.11487294264334,11.015198963748837,49,0.06290115532734275,175.1191835257213,1,0.0012836970474967907,8580.839992760344
"Sep 28, 2024",7726.379990088177,99530,668,0.00671154425801266,77.62865457739552,11.566437110910444,43,0.06437125748502993,179.68325558344597,2,0.0029940119760479044,3863.1899950440884
"Sep 27, 2024",9446.87999575317,120531,737,0.00611460951954269,78.37718093895488,12.818018990167124,62,0.08412483039348712,152.36903218956726,3,0.004070556309362279,3148.95999858439
"Sep 26, 2024",9764.729992262584,124111,763,0.006147722603153629,78.67739356110727,12.79781126115673,73,0.09567496723460026,133.76342455154224,9,0.011795543905635648,1084.9699991402872
"Sep 25, 2024",10721.689992296184,137415,861,0.006265691518393189,78.02416033399689,12.452601617068739,97,0.11265969802555169,110.53288651851736,7,0.008130081300813009,1531.6699988994549
"Sep 24, 2024",10932.319993495465,137282,865,0.006300898879678326,79.63403791826653,12.63852022369418,77,0.08901734104046242,141.97818173370734,29,0.03352601156069364,376.9765514998436
"Sep 23, 2024",9935.839983439238,133662,818,0.0061199144109769415,74.335562713705,12.146503647236234,91,0.11124694376528117,109.18505476306855,13,0.01589242053789731,764.2953833414799
"Sep 22, 2024",8103.169993483959,102053,761,0.0074569096449883885,79.4015853868476,10.648055181976293,51,0.06701708278580815,158.8856861467443,0,0,null
"Sep 21, 2024",7691.769993951256,92545,695,0.00750986006807499,83.11383644660712,11.067294955325549,44,0.06330935251798561,174.81295440798309,1,0.0014388489208633094,7691.769993951256
"Sep 20, 2024",8330.839990473545,113204,653,0.00576834740821879,73.59139244614629,12.757794778673116,70,0.10719754977029096,119.01199986390779,14,0.021439509954058193,595.059999319539
"Sep 19, 2024",10076.269991259698,133864,791,0.005908982250642443,75.27244062077703,12.738647270871931,73,0.0922882427307206,138.0310957706808,8,0.010113780025284451,1259.5337489074623
"Sep 18, 2024",11155.579992198065,157355,866,0.005503479393727559,70.89434712718418,12.881732092607466,77,0.08891454965357967,144.8776622363385,15,0.017321016166281754,743.7053328132043
"Sep 17, 2024",10208.85999297732,135148,817,0.006045224494628111,75.53837269495162,12.495544667046904,69,0.08445532435740515,147.95449265184524,18,0.022031823745410038,567.15888849874
"Sep 16, 2024",9443.739990823422,134711,754,0.005597167269191083,70.10370341563363,12.524854099235307,64,0.08488063660477453,147.55843735661597,30,0.03978779840848806,314.7913330274474
"Sep 15, 2024",7687.719992313069,100352,735,0.00732421875,76.60754137748195,10.45948298273887,50,0.06802721088435375,153.75439984626138,2,0.0027210884353741495,3843.8599961565346
"Sep 14, 2024",8249.109987281288,102722,742,0.007223379607094877,80.30519253208941,11.117398904691763,59,0.07951482479784366,139.81542351324217,14,0.018867924528301886,589.2221419486634
"Sep 13, 2024",8636.839987804167,121059,721,0.00595577363103941,71.34405527721333,11.978973630796348,65,0.09015256588072122,132.87446135083334,20,0.027739251040221916,431.84199939020834
"Sep 12, 2024",10068.369991227148,129210,809,0.0062611252998993885,77.92252914810888,12.445451163445176,86,0.10630407911001236,117.07406966543195,15,0.018541409147095178,671.2246660818098
"Sep 11, 2024",11307.869994490342,147982,945,0.006385911800083794,76.41382056257073,11.965999994169675,91,0.0962962962962963,124.262307631762,12,0.012698412698412698,942.3224995408618
"Sep 10, 2024",10673.379994954646,144504,889,0.006152078835187954,73.86217679064002,12.006051737856746,88,0.09898762654668167,121.28840903357553,9,0.010123734533183352,1185.9311105505162
"Sep 9, 2024",9354.059992549595,140109,766,0.005467171987523999,66.76273467478602,12.211566569908088,68,0.08877284595300261,137.55970577278816,7,0.009138381201044387,1336.2942846499423
"Sep 8, 2024",6333.509989833175,89206,607,0.006804475035311526,70.99869952506754,10.434118599395674,60,0.09884678747940692,105.5584998305529,5,0.008237232289950576,1266.701997966635
"Sep 7, 2024",7316.409990966998,97786,657,0.006718753195753994,74.82062862748244,11.13608826631202,48,0.0730593607305936,152.42520814514577,0,0,null
"Sep 6, 2024",9452.86999290659,127698,751,0.005881063133330201,74.02520002589382,12.587043931966164,78,0.10386151797603196,121.19064093469987,11,0.014647137150466045,859.3518175369627
"Sep 5, 2024",9991.639993780173,147053,834,0.005671424588413701,67.94584261307266,11.980383685587737,76,0.09112709832134293,131.46894728658123,18,0.02158273381294964,555.0911107655652
"Sep 4, 2024",10371.699993411637,160987,845,0.0052488710268531,64.4256989285572,12.274201175635074,87,0.10295857988165681,119.21494245300732,14,0.016568047337278107,740.835713815117
"Sep 3, 2024",9451.039995122128,143415,762,0.005313251751908796,65.89994069743142,12.402939626144525,67,0.08792650918635171,141.06029843465862,9,0.011811023622047244,1050.1155550135697
"Sep 2, 2024",7198.189994840714,89627,585,0.006527051000256619,80.31274052284148,12.304598281778997,39,0.06666666666666667,184.56897422668496,8,0.013675213675213675,899.7737493550892
"Sep 1, 2024",6302.379993806753,93842,592,0.006308475948935445,67.1594807634828,10.645912151700596,40,0.06756756756756757,157.55949984516883,0,0,null
"Aug 31, 2024",8055.939995389729,109979,749,0.006810391074659708,73.24980219305257,10.755594119345433,50,0.06675567423230974,161.1187999077946,2,0.0026702269692923898,4027.9699976948646
"Aug 30, 2024",9475.179986588906,130566,790,0.006050579783404562,72.57004110249916,11.993898717201146,72,0.09113924050632911,131.59972203595703,5,0.006329113924050633,1895.0359973177813
"Aug 29, 2024",9932.059988150262,141128,803,0.005689870188764809,70.37625409663752,12.36869238873009,68,0.08468244084682441,146.05970570809208,16,0.019925280199252802,620.7537492593914
"Aug 28, 2024",9991.359987659262,144327,798,0.005529110977156041,69.22724083268731,12.520501237668247,70,0.08771929824561403,142.73371410941803,24,0.03007518796992481,416.30666615246923
"Aug 27, 2024",10873.009996364517,153722,906,0.005893756261302872,70.73164541421865,12.001114786274302,80,0.08830022075055188,135.91262495455646,21,0.023178807947019868,517.7623807792627
"Aug 26, 2024",10645.159992610817,161094,937,0.005816479819235974,66.08042504755495,11.360896470235664,96,0.10245464247598719,110.88708325636269,12,0.012806830309498399,887.0966660509015
"Aug 25, 2024",8575.839992044544,118728,878,0.007395054241627922,72.23098167276923,9.767471517135016,69,0.0785876993166287,124.2875361165876,4,0.004555808656036446,2143.959998011136
"Aug 24, 2024",9409.749990866476,129222,937,0.007251087276160406,72.818482850184,10.042422615652589,55,0.05869797225186766,171.08636347029957,5,0.005336179295624333,1881.9499981732952
"Aug 23, 2024",10849.76998902116,160018,982,0.006136809608918997,67.80343454499595,11.048645610001183,69,0.07026476578411406,157.24304331914726,17,0.017311608961303463,638.2217640600683
"Aug 22, 2024",10526.069987683057,157768,915,0.005799655189899092,66.71866276864166,11.503901625883122,72,0.07868852459016394,146.195416495598,44,0.048087431693989074,239.2288633564331
"Aug 21, 2024",10510.359992358362,152239,877,0.005760678932468027,69.03855117518088,11.98444696962185,78,0.08893956670467502,134.74820503023543,24,0.027366020524515394,437.9316663482651
"Aug 20, 2024",10667.07999660186,170075,930,0.0054681758047920035,62.71985886580544,11.469978490969742,72,0.07741935483870968,148.1538888416925,42,0.04516129032258064,253.97809515718714
"Aug 19, 2024",10297.629998050734,158199,875,0.005531008413453941,65.09288932326206,11.768719997772267,68,0.07771428571428571,151.43573526545197,24,0.027428571428571427,429.0679165854472
"Aug 18, 2024",6563.649993933641,121703,749,0.006154326516191055,53.931702537600884,8.76321761539872,48,0.06408544726301736,136.74270820695085,11,0.014686248331108143,596.6954539939674
"Aug 17, 2024",7771.789988393259,115592,743,0.006427780469236625,67.23467011898106,10.460013443328746,51,0.06864064602960969,152.38803898810312,3,0.004037685060565276,2590.5966627977527
"Aug 16, 2024",10091.179987343883,143863,848,0.0058944968476953765,70.14437337844952,11.899976400169674,66,0.07783018867924528,152.8966664749073,14,0.01650943396226415,720.798570524563
"Aug 15, 2024",11285.54999688,161936,970,0.005990020748937852,69.691421282976,11.634587625649484,67,0.06907216494845361,168.44104472955223,11,0.01134020618556701,1025.9590906254546
"Aug 14, 2024",11565.819995228103,164355,1013,0.006163487572632412,70.37096525951813,11.417393874854987,88,0.08687068114511352,131.4297726730466,11,0.01085883514313919,1051.438181384373
"Aug 13, 2024",11604.489989343158,173750,981,0.005646043165467626,66.78843159334191,11.82924565682279,84,0.0856269113149847,138.14869034932332,10,0.010193679918450561,1160.4489989343158
"Aug 12, 2024",10797.299991549236,162245,934,0.005756725939166076,66.5493543193888,11.56027836354308,65,0.069593147751606,166.11230756229594,11,0.011777301927194861,981.572726504476
"Aug 11, 2024",7178.7599965793515,112140,727,0.006482967718922775,64.01605133386259,9.874497932021116,46,0.06327372764786796,156.05999992563807,1,0.001375515818431912,7178.7599965793515
"Aug 10, 2024",8102.5899927029395,118226,799,0.006758242687733663,68.53475540661901,10.140913632919824,50,0.0625782227784731,162.0517998540588,2,0.0025031289111389237,4051.2949963514698
"Aug 9, 2024",10584.24999480941,159613,968,0.00606466891794528,66.3119545075239,10.93414255662129,84,0.08677685950413223,126.00297612868346,11,0.011363636363636364,962.2045449826736
"Aug 8, 2024",11261.669990645176,171469,1001,0.005837789921210248,65.67758598140291,11.250419571074103,79,0.07892107892107893,142.55278469171108,29,0.028971028971028972,388.3334479532819
"Aug 7, 2024",11630.769993269185,168385,999,0.0059328324969563796,69.07248266335591,11.64241240567486,81,0.08108108108108109,143.58975300332327,54,0.05405405405405406,215.3846295049849
"Aug 6, 2024",11174.309991876285,160662,979,0.0060935379865805234,69.55166742525479,11.414004077503867,85,0.08682328907048008,131.4624704926622,15,0.015321756894790603,744.953999458419
"Aug 5, 2024",10420.109989512926,153089,895,0.005846272429763079,68.06570027574108,11.642580993869192,82,0.09162011173184358,127.07451206723081,30,0.0335195530726257,347.33699965043087
"Aug 4, 2024",8057.609991786592,132293,830,0.006273952514494342,60.907304179258105,9.707963845526015,46,0.05542168674698795,175.16543460405634,0,0,null
"Aug 3, 2024",9693.749997757415,138005,975,0.007064961414441506,70.24202020040879,9.942307690007606,72,0.07384615384615385,134.63541663551965,0,0,null
"Aug 2, 2024",11638.369994448034,172987,985,0.005694069496551764,67.27887063448718,11.815604055277191,85,0.08629441624365482,136.92199993468276,5,0.005076142131979695,2327.673998889607
"Aug 1, 2024",12359.619993786184,182802,1073,0.005869738843119878,67.61206110319462,11.518751159166994,91,0.08480894687791239,135.8199999317163,18,0.016775396085740912,686.6455552103436
"Jul 31, 2024",12643.089994000087,200473,1150,0.0057364333351623414,63.066298174817,10.99399129913051,98,0.08521739130434783,129.011122387756,14,0.01217391304347826,903.0778567142919
"Jul 30, 2024",11892.479995092108,198506,1050,0.005289512659566965,59.90992713113008,11.326171423897245,92,0.08761904761904762,129.26608690317508,47,0.04476190476190476,253.03148925727888
"Jul 29, 2024",11237.459991776392,185630,1031,0.0055540591499218875,60.53687438332377,10.899573221897567,81,0.07856450048496605,138.73407397254803,18,0.01745877788554801,624.3033328764662
"Jul 28, 2024",8267.909989655214,142847,900,0.006300447331760555,57.879479370621816,9.186566655172461,51,0.056666666666666664,162.11588215010224,13,0.014444444444444444,635.9930761273242
"Jul 27, 2024",9843.359997628042,147834,999,0.006757579447217826,66.58387108261998,9.85321321083888,67,0.06706706706706707,146.91582086012002,3,0.003003003003003003,3281.1199992093475
"Jul 26, 2024",11367.059994876521,169371,986,0.0058215396968784505,67.11337829307567,11.528458412653672,77,0.07809330628803246,147.62415577761715,5,0.005070993914807302,2273.4119989753044
"Jul 25, 2024",10155.889991459386,152034,845,0.005557967296788876,66.80012360037482,12.018804723620574,53,0.06272189349112427,191.6205658765922,5,0.005917159763313609,2031.1779982918772
"Jul 24, 2024",10342.559991555365,150486,850,0.005648365960953178,68.7277221240206,12.167717637123959,64,0.07529411764705882,161.60249986805258,8,0.009411764705882352,1292.8199989444206
"Jul 23, 2024",9602.789993026785,138435,779,0.005627189655795138,69.36677858219947,12.327073161780211,69,0.08857509627727857,139.1708694641563,17,0.021822849807445442,564.8699995898108
"Jul 22, 2024",7972.999994670042,103070,590,0.00572426506257883,77.35519544649308,13.513559313000071,59,0.1,135.1355931300007,64,0.10847457627118644,124.5781249167194
"Jul 21, 2024",6983.969993634365,101252,662,0.0065381424564453046,68.97611892737295,10.549803615761881,38,0.05740181268882175,183.7886840430096,1,0.0015105740181268882,6983.969993634365
"Jul 20, 2024",8088.339997142908,112572,754,0.006697935543474399,71.85037129253196,10.727241375521098,44,0.058355437665782495,183.8259090259752,4,0.005305039787798408,2022.084999285727
"Jul 19, 2024",8912.179989715816,128983,750,0.00581471976927192,69.09577223134688,11.882906652954421,76,0.10133333333333333,117.26552618047127,3,0.004,2970.7266632386054
"Jul 18, 2024",10720.449997042335,141024,903,0.006403165418652144,76.01862092298002,11.872037648994834,78,0.08637873754152824,137.4416666287479,13,0.014396456256921373,824.6499997724873
"Jul 17, 2024",10230.229995573243,137986,832,0.006029597205513603,74.13962282820897,12.295949513910148,72,0.08653846153846154,142.08652771629505,23,0.027644230769230768,444.7926085031845
"Jul 16, 2024",9926.979994500227,139342,797,0.005719739920483415,71.2418365927016,12.455432866374187,77,0.09661229611041405,128.92181811039256,19,0.02383939774153074,522.4726312894857
"Jul 15, 2024",10615.999993222129,150914,872,0.005778125289900208,70.34469958534086,12.174311918832716,75,0.0860091743119266,141.54666657629505,25,0.028669724770642203,424.6399997288852
"Jul 14, 2024",7956.90999512471,109137,737,0.0067529801991991715,72.90753818709246,10.796350061227557,57,0.0773405698778833,139.59491219517034,6,0.008141112618724558,1326.1516658541184
"Jul 13, 2024",7750.739995802572,105547,700,0.006632116497863511,73.434015138304,11.072485708289388,46,0.06571428571428571,168.49434773483853,1,0.0014285714285714286,7750.739995802572
"Jul 12, 2024",9759.719989583784,134963,824,0.006105377029259871,72.31404154904519,11.844320375708476,62,0.07524271844660194,157.41483854167393,30,0.03640776699029126,325.3239996527928
"Jul 11, 2024",10910.729995764557,154537,909,0.005882086490613898,70.60270353225802,12.00300329567058,71,0.0781078107810781,153.67225346147265,40,0.04400440044004401,272.7682498941139
"Jul 10, 2024",10853.649995884403,149279,911,0.006102666818507627,72.70714565266651,11.913995604702967,63,0.06915477497255763,172.2801586648318,42,0.04610318331503842,258.4202379972477
"Jul 9, 2024",10462.33999295994,125826,845,0.006715623162144549,83.1492695703586,12.38146744728987,86,0.10177514792899409,121.6551161972086,39,0.046153846153846156,268.26512802461383
"Jul 8, 2024",10614.459996118982,155298,902,0.0058081881286301176,68.34898064443188,11.767694009001088,92,0.10199556541019955,115.37456517520631,80,0.08869179600886919,132.68074995148726
"Jul 7, 2024",7666.559991098478,114702,751,0.006547401091524124,66.83893908648915,10.208468696535924,51,0.06790945406125166,150.3247057078133,14,0.018641810918774968,547.6114279356055
"Jul 6, 2024",7717.599988200771,113196,750,0.006625675818933531,68.17908749603141,10.290133317601027,47,0.06266666666666666,164.2042550681015,5,0.006666666666666667,1543.519997640154
"Jul 5, 2024",8250.529995246032,112376,709,0.006309176336584324,73.4189684207129,11.636854718259565,42,0.05923836389280677,196.44119036300077,16,0.022566995768688293,515.658124702877
"Jul 4, 2024",8341.279994414397,92945,684,0.007359190919360913,89.74425729640537,12.194853793003505,48,0.07017543859649122,173.77666655029995,13,0.019005847953216373,641.6369226472614
"Jul 3, 2024",11019.519981650146,159439,980,0.0061465513456557055,69.11433201193024,11.244408144540966,74,0.07551020408163266,148.91243218446144,34,0.03469387755102041,324.1035288720631
"Jul 2, 2024",10698.109996525362,146122,879,0.006015521276741353,73.21354755974707,12.170773602417931,71,0.080773606370876,150.67760558486424,102,0.11604095563139932,104.88343133848393
"Jul 1, 2024",11058.039996883135,167634,955,0.005696934989321975,65.96537693357634,11.579099473176058,88,0.09214659685863874,125.65954541912653,16,0.016753926701570682,691.127499805196
"Jun 30, 2024",8043.620000000003,103893,801,0.007709855331928041,77.42215548689519,10.041972534332087,55,0.0686641697877653,146.24763636363642,26,0.03245942571785269,309.3700000000001
"Jun 29, 2024",7841.730000000001,99334,774,0.007791894014134134,78.94306078482697,10.131434108527134,55,0.0710594315245478,142.5769090909091,10,0.012919896640826873,784.1730000000001
"Jun 28, 2024",8253.529999999999,110072,778,0.007068100879424377,74.98301111999417,10.608650385604111,70,0.08997429305912596,117.90757142857142,19,0.02442159383033419,434.39631578947365
"Jun 27, 2024",9184.900000000001,121244,870,0.007175612813829963,75.75550130315727,10.557356321839082,63,0.07241379310344828,145.7920634920635,35,0.040229885057471264,262.4257142857143
"Jun 26, 2024",9679.359999999997,121393,901,0.007422174260459829,79.73573435041556,10.742907880133181,96,0.10654827968923418,100.82666666666664,65,0.07214206437291898,148.91323076923072
"Jun 25, 2024",10849.140000000001,128238,980,0.007642040580795084,84.60160014972162,11.070551020408164,87,0.08877551020408163,124.70275862068966,69,0.07040816326530612,157.23391304347828
"Jun 24, 2024",11404.929999999998,131492,1054,0.00801569677242722,86.73478234417301,10.820616698292218,69,0.06546489563567362,165.28884057971013,36,0.03415559772296015,316.8036111111111
"Jun 23, 2024",8504.840000000002,97666,824,0.00843691765814101,87.0808674461942,10.321407766990294,46,0.055825242718446605,184.88782608695655,0,0,null
"Jun 22, 2024",9740.789999999999,102436,917,0.008951930961771251,95.09147174821352,10.622453653217011,55,0.05997818974918211,177.1052727272727,12,0.013086150490730643,811.7325
"Jun 21, 2024",11497.459999999997,128608,1035,0.00804771087335158,89.39925976611094,11.108657004830915,68,0.06570048309178744,169.08029411764701,12,0.011594202898550725,958.1216666666664
"Jun 20, 2024",11644.249999999998,139065,1094,0.007866824866069823,83.73242728220615,10.643738574040217,80,0.07312614259597806,145.55312499999997,34,0.031078610603290677,342.47794117647055
"Jun 19, 2024",11438.8,124726,990,0.007937398778121642,91.7114314577554,11.554343434343433,76,0.07676767676767676,150.51052631578946,14,0.014141414141414142,817.0571428571428
"Jun 18, 2024",12156.79,130447,1051,0.008056912002575758,93.19332755831871,11.56687916270219,78,0.07421503330161751,155.85628205128205,45,0.04281636536631779,270.1508888888889
"Jun 17, 2024",11701.81,137857,1107,0.008030060134777342,84.88368381728893,10.57074074074074,96,0.08672086720867209,121.89385416666666,21,0.018970189701897018,557.2290476190476
"Jun 16, 2024",6544.180000000001,77924,652,0.008367126944202044,83.98157178789592,10.037085889570553,39,0.0598159509202454,167.79948717948722,1,0.0015337423312883436,6544.180000000001
"Jun 15, 2024",8676.589999999998,93525,755,0.008072707832130446,92.77294840951615,11.492172185430462,52,0.06887417218543046,166.85749999999996,6,0.007947019867549669,1446.0983333333331
"Jun 14, 2024",11083.370000000003,134575,996,0.007401077466096972,82.35831320824822,11.12788152610442,79,0.07931726907630522,140.29582278481016,35,0.035140562248995984,316.66771428571434
"Jun 13, 2024",12038.349999999999,140222,1060,0.007559441457117999,85.85207742009099,11.356933962264149,86,0.08113207547169811,139.98081395348837,32,0.03018867924528302,376.19843749999995
"Jun 12, 2024",11871.159999999996,140041,1071,0.007647760298769646,84.76917474168276,11.084183006535945,93,0.08683473389355742,127.64688172043007,26,0.02427637721755369,456.58307692307676
"Jun 11, 2024",12500.770000000002,134028,1200,0.008953353030710001,93.26983913809056,10.417308333333335,81,0.0675,154.33049382716052,60,0.05,208.3461666666667
"Jun 10, 2024",12740.300000000001,157107,1268,0.008070932549154398,81.09314034384211,10.047555205047319,91,0.07176656151419558,140.0032967032967,43,0.03391167192429022,296.28604651162794
"Jun 9, 2024",7888.6799999999985,106109,884,0.008331055801110179,74.34506026821475,8.923846153846153,43,0.048642533936651584,183.45767441860463,17,0.019230769230769232,464.0399999999999
"Jun 8, 2024",8932.119999999999,108408,868,0.008006789166851155,82.3935502914914,10.290460829493087,51,0.0587557603686636,175.13960784313724,13,0.014976958525345621,687.0861538461538
"Jun 7, 2024",11750.329999999998,136247,1077,0.007904761205751318,86.2428530536452,10.91024141132776,76,0.07056638811513463,154.60960526315787,36,0.033426183844011144,326.3980555555555
"Jun 6, 2024",12584.459999999997,160675,1156,0.007194647580519683,78.3224521549712,10.886211072664358,90,0.07785467128027682,139.8273333333333,25,0.02162629757785467,503.3783999999999
"Jun 5, 2024",13038.85,156489,1163,0.007431832269360786,83.32119190486233,11.211392949269133,83,0.07136715391229578,157.094578313253,28,0.02407566638005159,465.6732142857143
"Jun 4, 2024",12883.940000000002,154792,1167,0.007539149310041863,83.23388805623031,11.040222793487578,84,0.07197943444730077,153.38023809523813,27,0.02313624678663239,477.1829629629631
"Jun 3, 2024",11907.84,159617,1101,0.006897761516630434,74.60257992569713,10.815476839237057,81,0.07356948228882834,147.01037037037037,18,0.01634877384196185,661.5466666666666
"Jun 2, 2024",9636.670000000002,127984,979,0.007649393674209276,75.29589636204527,9.843381001021452,45,0.045965270684371805,214.14822222222227,1,0.0010214504596527069,9636.670000000002
"Jun 1, 2024",10366.279999999999,135539,983,0.007252525103475752,76.48189819904233,10.54555442522889,54,0.054933875890132246,191.96814814814812,3,0.003051881993896236,3455.4266666666663
"May 31, 2024",12281.560000000001,161398,1097,0.006796862414651978,76.09487106407762,11.195587967183227,82,0.07474931631722881,149.77512195121952,16,0.014585232452142206,767.5975000000001
"May 30, 2024",11013.64,162657,1203,0.007395931315590475,67.71082707783864,9.155145469659185,94,0.07813798836242726,117.1663829787234,29,0.024106400665004156,379.7806896551724
"May 29, 2024",13087.189999999999,178303,1269,0.007117098422348474,73.39859677066565,10.312994483845547,79,0.062253743104806934,165.66063291139238,20,0.015760441292356184,654.3594999999999
"May 28, 2024",10512.960000000001,129883,953,0.007337372866348945,80.94177067052657,11.031437565582372,80,0.08394543546694648,131.412,13,0.013641133263378805,808.6892307692308
"May 27, 2024",6816.089999999998,76671,580,0.007564789816227779,88.90049692843446,11.751879310344824,40,0.06896551724137931,170.40224999999995,0,0,null
"May 26, 2024",7593.72,93451,729,0.007800879605354678,81.25884153192582,10.416625514403293,41,0.056241426611796985,185.21268292682927,1,0.0013717421124828531,7593.72
"May 25, 2024",7406.250000000001,90113,676,0.007501692319643115,82.18847447094204,10.955991124260356,36,0.05325443786982249,205.72916666666669,1,0.0014792899408284023,7406.250000000001
"May 24, 2024",9104.080000000002,101475,724,0.007134762256713476,89.71746735649177,12.574696132596687,72,0.09944751381215469,126.44555555555559,16,0.022099447513812154,569.0050000000001
"May 23, 2024",9851.97,113927,808,0.00709226083369175,86.47616456151745,12.193032178217821,80,0.09900990099009901,123.14962499999999,50,0.06188118811881188,197.0394
"May 22, 2024",9559.420000000002,120284,832,0.006916963187123807,79.47374546905658,11.489687500000002,72,0.08653846153846154,132.76972222222224,14,0.016826923076923076,682.8157142857144
"May 21, 2024",9364.749999999998,116626,808,0.006928129233618576,80.29727505016032,11.590037128712869,80,0.09900990099009901,117.05937499999997,26,0.03217821782178218,360.18269230769226
"May 20, 2024",8787.980000000001,108885,776,0.007126785140285623,80.70882123341141,11.324716494845363,74,0.09536082474226804,118.75648648648651,13,0.01675257731958763,675.9984615384617
"May 19, 2024",7349.36,89968,658,0.0073137115418815575,81.68860039125022,11.169240121580547,45,0.06838905775075987,163.3191111111111,1,0.001519756838905775,7349.36
"May 18, 2024",7766.72,88634,695,0.007841234740618723,87.62687004986799,11.175136690647482,61,0.08776978417266187,127.3232786885246,1,0.0014388489208633094,7766.72
"May 17, 2024",9163.130000000001,114570,776,0.0067731517849349745,79.97844112769486,11.808157216494847,74,0.09536082474226804,123.8260810810811,23,0.029639175257731958,398.3969565217392
"May 16, 2024",10192.789999999999,130425,838,0.006425148552808127,78.15058462718036,12.163233890214796,81,0.09665871121718377,125.8369135802469,7,0.008353221957040573,1456.112857142857
"May 15, 2024",10044.36,123645,847,0.006850256783533504,81.23547252214,11.85874852420307,63,0.0743801652892562,159.43428571428572,32,0.03778040141676505,313.88625
"May 14, 2024",11442.13,145029,965,0.006653841645464011,78.89546228685298,11.857129533678755,74,0.0766839378238342,154.62337837837836,13,0.013471502590673576,880.1638461538461
"May 13, 2024",10301.470000000003,136376,885,0.006489411626679181,75.53726462134102,11.6400790960452,79,0.08926553672316384,130.39835443037978,38,0.04293785310734463,271.09131578947375
"May 12, 2024",7724.56,99873,771,0.007719804151272116,77.34382665985802,10.018884565499352,39,0.05058365758754864,198.06564102564104,0,0,null
"May 11, 2024",9538.660000000002,108271,845,0.00780449058381284,88.0998605351387,11.288355029585802,61,0.07218934911242604,156.37147540983608,1,0.001183431952662722,9538.660000000002
"May 10, 2024",11414.37,150287,974,0.006480933147910332,75.95048141223127,11.719065708418892,59,0.060574948665297744,193.46389830508477,12,0.012320328542094456,951.1975000000001
"May 9, 2024",11970.150000000005,133796,930,0.006950880444856348,89.46567909354545,12.87112903225807,97,0.1043010752688172,123.40360824742274,7,0.007526881720430108,1710.0214285714294
"May 8, 2024",12060.900000000003,141141,953,0.006752113135091858,85.45284502731313,12.655718782791189,97,0.10178384050367262,124.339175257732,20,0.02098635886673662,603.0450000000002
"May 7, 2024",11915.409999999998,137940,982,0.007119037262577932,86.38110772799766,12.133818737270873,80,0.0814663951120163,148.94262499999996,33,0.03360488798370672,361.07303030303024
"May 6, 2024",11673.73,143733,978,0.006804282941286969,81.21816145213695,11.936329243353782,76,0.07770961145194274,153.60171052631577,54,0.05521472392638037,216.18018518518517
"May 5, 2024",8166.700000000002,107531,798,0.007421115771265961,75.9474012145335,10.233959899749376,46,0.05764411027568922,177.53695652173917,6,0.007518796992481203,1361.116666666667
"May 4, 2024",10112.400000000003,102514,864,0.008428117135220556,98.64408763681061,11.704166666666671,55,0.06365740740740741,183.86181818181825,12,0.013888888888888888,842.7000000000003
"May 3, 2024",11478.249999999998,136650,930,0.006805708013172338,83.99743871203803,12.342204301075267,73,0.07849462365591398,157.23630136986299,8,0.008602150537634409,1434.7812499999998
"May 2, 2024",11651.530000000002,125287,945,0.007542682002123126,92.99871495047374,12.329661375661379,73,0.07724867724867725,159.61000000000004,10,0.010582010582010581,1165.1530000000002
"May 1, 2024",12116.87,152724,1048,0.006862051805872031,79.3383489170006,11.561898854961832,76,0.07251908396946564,159.4325,8,0.007633587786259542,1514.60875
"Apr 30, 2024",12041.089999999998,144044,1001,0.006949265502207659,83.59313820776984,12.029060939060937,88,0.08791208791208792,136.83056818181817,17,0.016983016983016984,708.2994117647058
"Apr 29, 2024",11137.489999999998,142173,920,0.006470989569046162,78.33758871234339,12.105967391304345,75,0.08152173913043478,148.49986666666663,8,0.008695652173913044,1392.1862499999997
"Apr 28, 2024",8236.359999999999,92478,756,0.008174917277622786,89.06291226021322,10.894656084656082,55,0.07275132275132275,149.75199999999998,7,0.009259259259259259,1176.622857142857
"Apr 27, 2024",9469.83,100503,787,0.007830612021531696,94.22435151189516,12.0328208386277,46,0.05844980940279543,205.8658695652174,0,0,null
"Apr 26, 2024",12097.389999999998,136567,960,0.007029516647506352,88.58208791289256,12.601447916666665,69,0.071875,175.32449275362316,16,0.016666666666666666,756.0868749999998
"Apr 25, 2024",12567.67,144387,1014,0.007022792910719109,87.04156191346867,12.394151873767258,68,0.0670611439842209,184.81867647058823,14,0.013806706114398421,897.6907142857143
"Apr 24, 2024",12870.869999999999,158303,1066,0.006733921656569996,81.30528164343063,12.073986866791744,60,0.05628517823639775,214.51449999999997,11,0.010318949343339587,1170.0790909090908
"Apr 23, 2024",11930.33,174752,1191,0.006815372642373192,68.27006271745103,10.017069689336692,77,0.06465155331654072,154.93935064935064,8,0.006717044500419815,1491.29125
"Apr 22, 2024",9916.43,153106,1055,0.00689065092158374,64.76839575196269,9.39945971563981,82,0.07772511848341232,120.93207317073171,20,0.018957345971563982,495.8215
"Apr 21, 2024",8421.699999999999,121466,934,0.0076893945630876126,69.3338053447055,9.01680942184154,41,0.043897216274089934,205.4073170731707,4,0.004282655246252677,2105.4249999999997
"Apr 20, 2024",9430.180000000004,130571,975,0.007467201752303344,72.2226221749087,9.671979487179492,55,0.05641025641025641,171.45781818181825,0,0,null
"Apr 19, 2024",10689.570000000002,165544,1086,0.006560189436041173,64.57237954863965,9.843066298342542,84,0.07734806629834254,127.25678571428573,4,0.003683241252302026,2672.3925000000004
"Apr 18, 2024",9051.33,164368,1016,0.006181251825172783,55.067470553879105,8.90878937007874,83,0.08169291338582677,109.05216867469879,7,0.006889763779527559,1293.047142857143
"Apr 17, 2024",8974.809999999998,146561,1061,0.007239306500365036,61.236004121150906,8.458821866163994,100,0.0942507068803016,89.74809999999998,2,0.001885014137606032,4487.404999999999
"Apr 16, 2024",8091.2,130145,962,0.007391755349802144,62.17065580698452,8.41081081081081,70,0.07276507276507277,115.58857142857143,25,0.02598752598752599,323.64799999999997
"Apr 15, 2024",8618.450000000003,125735,1010,0.008032767328110708,68.5445579989661,8.53311881188119,63,0.062376237623762376,136.80079365079368,9,0.00891089108910891,957.6055555555558
"Apr 14, 2024",6220.499999999999,90116,759,0.008422477695414798,69.0276976341604,8.195652173913043,38,0.05006587615283267,163.6973684210526,1,0.0013175230566534915,6220.499999999999
"Apr 13, 2024",7341.07,100357,805,0.00802136373147862,73.14955608477734,9.119341614906832,43,0.05341614906832298,170.72255813953487,1,0.0012422360248447205,7341.07
"Apr 12, 2024",9245.069999999998,132554,1022,0.0077100653318647495,69.74568854957224,9.046056751467708,80,0.07827788649706457,115.56337499999998,4,0.003913894324853229,2311.2674999999995
"Apr 11, 2024",9545.870000000003,143821,1103,0.0076692555329193925,66.37326955034385,8.654460562103356,97,0.08794197642792384,98.41103092783509,1,0.0009066183136899365,9545.870000000003
"Apr 10, 2024",9175.39,143447,1054,0.007347661505643199,63.96362419569597,8.705303605313093,65,0.061669829222011384,141.15984615384613,12,0.011385199240986717,764.6158333333333
"Apr 9, 2024",10396.819999999998,143699,1147,0.00798196229618856,72.35137335680831,9.064359197907583,81,0.07061900610287707,128.35580246913577,5,0.004359197907585004,2079.3639999999996
"Apr 8, 2024",9048.92,125589,986,0.007851006059447881,72.05185167490784,9.177403651115618,60,0.060851926977687626,150.81533333333334,7,0.007099391480730223,1292.702857142857
"Apr 7, 2024",8609.4,92389,784,0.008485858706123024,93.18641829655046,10.981377551020408,40,0.05102040816326531,215.23499999999999,2,0.002551020408163265,4304.7
"Apr 6, 2024",11447.38,62197,555,0.00892325996430696,184.05035612650124,20.625909909909907,26,0.04684684684684685,440.2838461538461,0,0,null
"Apr 5, 2024",11217.469999999998,148995,1065,0.0071478908688211015,75.28755998523438,10.532835680751171,88,0.08262910798122065,127.47124999999997,2,0.0018779342723004694,5608.734999999999
"Apr 4, 2024",10391.279999999999,158932,1172,0.007374222938111897,65.38192434500289,8.866279863481228,82,0.06996587030716724,126.72292682926827,9,0.007679180887372013,1154.5866666666666
"Apr 3, 2024",11140.460000000003,167277,1250,0.007472635209861488,66.59887492004282,8.912368000000003,86,0.0688,129.54023255813956,2,0.0016,5570.230000000001
"Apr 2, 2024",10770.550000000001,165547,1236,0.007466157647073037,65.060375603303,8.71403721682848,78,0.06310679611650485,138.08397435897436,3,0.0024271844660194173,3590.183333333334
"Apr 1, 2024",9322.35,147640,1186,0.008033053373069629,63.14244107287999,7.860328836424958,91,0.07672849915682968,102.44340659340659,11,0.00927487352445194,847.4863636363636
"Mar 31, 2024",7385.6100000000015,89599,827,0.009230013727831783,82.42960300896218,8.930604594921405,59,0.07134220072551391,125.1798305084746,2,0.0024183796856106408,3692.8050000000007
"Mar 30, 2024",7606.0199999999995,97913,868,0.008865012817501251,77.68141104858395,8.762695852534561,54,0.06221198156682028,140.85222222222222,0,0,null
"Mar 29, 2024",6803.330000000001,102588,819,0.007983389870160253,66.31701563535697,8.306874236874238,74,0.09035409035409035,91.9368918918919,7,0.008547008547008548,971.9042857142858
"Mar 28, 2024",8789.14,127012,1039,0.008180329417692816,69.19928825622776,8.459230028873916,80,0.07699711260827719,109.86425,12,0.011549566891241578,732.4283333333333
"Mar 27, 2024",10039.22,134935,1124,0.00832993663615815,74.40041501463668,8.931690391459075,101,0.0898576512455516,99.39821782178217,8,0.0071174377224199285,1254.9025
"Mar 26, 2024",9392.919999999998,144601,1170,0.008091230351104073,64.95750375170294,8.028136752136751,83,0.07094017094017094,113.16771084337347,31,0.026495726495726495,302.99741935483866
"Mar 25, 2024",8364.7,125303,1077,0.0085951653192661,66.75578397963338,7.7666666666666675,86,0.07985143918291551,97.2639534883721,2,0.0018570102135561746,4182.35
"Mar 24, 2024",6615.8,93773,746,0.007955381613044266,70.55122476619069,8.868364611260054,54,0.07238605898123325,122.51481481481481,0,0,null
"Mar 23, 2024",7918.410000000001,102672,922,0.008980052984260557,77.12336372136514,8.588297180043385,63,0.06832971800433839,125.68904761904763,7,0.007592190889370932,1131.2014285714288
"Mar 22, 2024",8338.92,112482,1009,0.008970324140751409,74.1355950285379,8.26453914767096,83,0.08225966303270565,100.4689156626506,0,0,null
"Mar 21, 2024",8569.850000000002,114783,1114,0.009705269944155494,74.66131744247843,7.692863554757632,92,0.08258527827648116,93.1505434782609,5,0.004488330341113106,1713.9700000000005
"Mar 20, 2024",9334.6,130262,1215,0.009327355637100613,71.66019253504476,7.682798353909465,89,0.07325102880658436,104.88314606741574,8,0.006584362139917695,1166.825
"Mar 19, 2024",9230.699999999999,139150,1216,0.008738771110312613,66.33632770391664,7.591036184210526,72,0.05921052631578947,128.20416666666665,1,0.0008223684210526315,9230.699999999999
"Mar 18, 2024",8238.91,128026,1156,0.009029415899895334,64.35341258806805,7.127084775086505,74,0.06401384083044982,111.33662162162162,4,0.0034602076124567475,2059.7275
"Mar 17, 2024",7584.699999999999,102353,966,0.00943792561038758,74.10334821646653,7.851656314699792,56,0.057971014492753624,135.4410714285714,0,0,null
"Mar 16, 2024",7461.780000000002,103171,942,0.009130472710354654,72.32439348266472,7.921210191082804,47,0.049893842887473464,158.7612765957447,0,0,null
"Mar 15, 2024",8597.16,123191,1227,0.009960143192278656,69.7872409510435,7.0066503667481665,58,0.04726976365118175,148.22689655172414,3,0.0024449877750611247,2865.72
"Mar 14, 2024",9505.070000000002,120024,1303,0.01085616210091315,79.19307805105646,7.294758250191866,68,0.052187260168841135,139.78044117647062,4,0.0030698388334612432,2376.2675000000004
"Mar 13, 2024",7718.2599999999975,109902,1179,0.010727739258612218,70.22856726902147,6.546446140797284,52,0.04410517387616624,148.42807692307687,6,0.005089058524173028,1286.3766666666663
"Mar 12, 2024",6704.049999999997,101305,1110,0.010957011006366911,66.17689156507574,6.039684684684683,50,0.04504504504504504,134.08099999999996,9,0.008108108108108109,744.8944444444442
"Mar 11, 2024",6989.22,96060,1137,0.011836352279825109,72.75890068707058,6.147071240105541,57,0.05013192612137203,122.6178947368421,9,0.0079155672823219,776.58
"Mar 10, 2024",5952.370000000002,84001,863,0.010273687218009309,70.86070403923765,6.897300115874857,43,0.04982618771726535,138.42720930232562,0,0,null
"Mar 9, 2024",7480.900000000001,95635,1063,0.01111517749777801,78.22345375646991,7.037535277516463,46,0.043273753527751646,162.62826086956522,0,0,null
"Mar 8, 2024",7838.15,113065,1201,0.010622208464157786,69.32428249237165,6.5263530391340545,43,0.035803497085761866,182.28255813953487,9,0.00749375520399667,870.9055555555556
"Mar 7, 2024",8315.66,106205,1276,0.012014500258933195,78.29819688338591,6.516974921630094,58,0.045454545454545456,143.37344827586207,13,0.01018808777429467,639.6661538461539
"Mar 6, 2024",7957.919999999999,103186,1215,0.011774853177756672,77.1220902060357,6.549728395061727,51,0.04197530864197531,156.03764705882352,7,0.005761316872427984,1136.8457142857142
"Mar 5, 2024",8619.159999999998,120686,1376,0.011401488159355683,71.41806008981985,6.26392441860465,68,0.04941860465116279,126.75235294117644,7,0.005087209302325582,1231.3085714285712
"Mar 4, 2024",7826.849999999999,110626,1295,0.011706108871332237,70.75054688771175,6.0438996138996135,67,0.051737451737451735,116.8186567164179,16,0.012355212355212355,489.17812499999997
"Mar 3, 2024",6318.200000000001,80802,944,0.011682879136655033,78.19360906908246,6.693008474576272,30,0.03177966101694915,210.60666666666668,0,0,null
"Mar 2, 2024",7221.259999999998,93509,1036,0.011079147461741651,77.22529382198503,6.970328185328184,55,0.05308880308880309,131.29563636363633,0,0,null
"Mar 1, 2024",6769.74,93608,1187,0.01268054012477566,72.32010084608152,5.7032350463352985,49,0.041280539174389216,138.15795918367346,6,0.005054759898904802,1128.29
"Feb 29, 2024",7184.88,107247,1276,0.011897768702154839,66.99376206327449,5.630783699059561,64,0.050156739811912224,112.26375,13,0.01018808777429467,552.6830769230769
"Feb 28, 2024",6976.319999999999,100771,1362,0.01351579323416459,69.22944100981432,5.122114537444933,52,0.0381791483113069,134.15999999999997,3,0.0022026431718061676,2325.4399999999996
"Feb 27, 2024",6984.339999999998,104481,1296,0.012404169179085192,66.84794364525607,5.3891512345679,70,0.05401234567901234,99.77628571428569,7,0.005401234567901234,997.7628571428569
"Feb 26, 2024",6537.28,96251,1270,0.01319466810734434,67.91908655494488,5.147464566929133,53,0.04173228346456693,123.34490566037735,2,0.0015748031496062992,3268.64
"Feb 25, 2024",5185.829999999998,70556,891,0.012628266908554907,73.49948976699356,5.820235690235688,40,0.04489337822671156,129.64574999999996,3,0.003367003367003367,1728.6099999999994
"Feb 24, 2024",5813.779999999999,81010,984,0.012146648561905938,71.76620170349338,5.90831300813008,27,0.027439024390243903,215.32518518518515,2,0.0020325203252032522,2906.8899999999994
"Feb 23, 2024",6859.239999999997,103479,1231,0.011896133515012708,66.28629963567484,5.572087733549957,61,0.04955320877335499,112.44655737704913,2,0.0016246953696181965,3429.6199999999985
"Feb 22, 2024",8049.69,125725,1459,0.011604692781865182,64.02616822429906,5.51726525017135,67,0.04592186429061001,120.14462686567164,10,0.006854009595613434,804.9689999999999
"Feb 21, 2024",8147.959999999997,131692,1450,0.011010539744251738,61.87133614798163,5.619282758620688,54,0.037241379310344824,150.8881481481481,23,0.015862068965517243,354.2591304347825
"Feb 20, 2024",8087.649999999999,123771,1553,0.012547365699558055,65.34365885385105,5.207759175788795,73,0.04700579523502898,110.78972602739724,14,0.00901481004507405,577.6892857142856
"Feb 19, 2024",6813.239999999999,105304,1264,0.012003342703031224,64.70067613765858,5.390221518987341,47,0.037183544303797465,144.96255319148935,7,0.005537974683544304,973.3199999999998
"Feb 18, 2024",7874.279999999997,107520,1304,0.01212797619047619,73.23549107142854,6.038558282208586,57,0.04371165644171779,138.14526315789468,1,0.0007668711656441718,7874.279999999997
"Feb 17, 2024",4765.750000000001,60913,977,0.01603926912153399,78.23863543086041,4.877942681678609,32,0.032753326509723645,148.92968750000003,10,0.01023541453428864,476.5750000000001
"Feb 16, 2024",4321.570000000001,61742,996,0.016131644585533348,69.99400732078651,4.338925702811245,47,0.04718875502008032,91.94829787234043,10,0.010040160642570281,432.15700000000004
"Feb 15, 2024",6525.579999999999,109424,1139,0.010409051030852464,59.635728907735036,5.7292186128182605,65,0.05706760316066725,100.39353846153844,13,0.01141352063213345,501.96769230769223
"Feb 14, 2024",4609.58,84432,977,0.011571442107257912,54.59517718400606,4.718096212896622,35,0.03582395087001024,131.70228571428572,23,0.02354145342886387,200.41652173913045
"Feb 13, 2024",4759.7,85511,957,0.011191542608553286,55.6618446749541,4.9735632183908045,61,0.06374085684430512,78.02786885245901,26,0.027168234064785787,183.0653846153846
"Feb 12, 2024",4400.249999999999,84846,950,0.011196756476439668,51.8616080899512,4.631842105263157,47,0.049473684210526316,93.6223404255319,8,0.008421052631578947,550.0312499999999
"Feb 11, 2024",4085.129999999999,75646,800,0.0105755757079026,54.00325198953017,5.106412499999999,46,0.0575,88.80717391304346,3,0.00375,1361.7099999999998
"Feb 10, 2024",4818.94,83603,870,0.010406325131873258,57.64075451837852,5.539011494252873,41,0.047126436781609195,117.53512195121951,1,0.0011494252873563218,4818.94
"Feb 9, 2024",5352.740000000001,100441,979,0.009747015660935275,53.29238060154718,5.467558733401431,58,0.059244126659857,92.28862068965519,16,0.01634320735444331,334.54625000000004
"Feb 8, 2024",5575.260000000001,121609,987,0.008116175612002402,45.84578444029637,5.648693009118542,66,0.0668693009118541,84.47363636363639,9,0.00911854103343465,619.4733333333335
"Feb 7, 2024",5538.179999999999,117856,990,0.008400081455335325,46.99107385283736,5.594121212121212,62,0.06262626262626263,89.32548387096773,6,0.006060606060606061,923.0299999999999
"Feb 6, 2024",5485.5599999999995,122962,996,0.008100063434231714,44.61183129747401,5.507590361445782,76,0.07630522088353414,72.17842105263158,4,0.004016064257028112,1371.3899999999999
"Feb 5, 2024",5078.420000000001,104017,971,0.00933501254602613,48.82298085889807,5.230092687950568,46,0.04737384140061792,110.40043478260871,15,0.015447991761071062,338.5613333333334
"Feb 4, 2024",5234.240000000001,99839,905,0.009064593996334098,52.426807159526845,5.783690607734807,55,0.06077348066298342,95.168,2,0.0022099447513812156,2617.1200000000003
"Feb 3, 2024",5499.04,101967,912,0.008944070140339521,53.929604676022635,6.029649122807018,66,0.07236842105263158,83.31878787878787,0,0,null
"Feb 2, 2024",5887.7300000000005,125960,1061,0.008423308986979993,46.742854874563356,5.549227144203582,62,0.058435438265786996,94.9633870967742,20,0.01885014137606032,294.3865
"Feb 1, 2024",5864.309999999999,121811,1091,0.008956498181609214,48.14269647240396,5.375169569202565,66,0.06049495875343722,88.8531818181818,2,0.0018331805682859762,2932.1549999999993
"Jan 31, 2024",6049.59,116626,1051,0.009011712654125151,51.871709567334904,5.756032350142721,58,0.05518553758325404,104.30327586206897,9,0.008563273073263558,672.1766666666667
"Jan 30, 2024",4813.41,99673,925,0.00928034673381959,48.292014888686,5.203686486486486,59,0.06378378378378378,81.58322033898305,7,0.0075675675675675675,687.63
"Jan 29, 2024",4137.48,87011,804,0.009240211007803612,47.551229154934425,5.146119402985074,51,0.06343283582089553,81.12705882352941,3,0.0037313432835820895,1379.1599999999999
"Jan 28, 2024",4798.230000000001,89164,801,0.00898344623390606,53.81353461038089,5.990299625468166,42,0.052434456928838954,114.24357142857146,2,0.0024968789013732834,2399.1150000000007
"Jan 27, 2024",5098.040000000001,94527,838,0.008865191955737515,53.932104054926114,6.083579952267304,46,0.05489260143198091,110.82695652173915,0,0,null
"Jan 26, 2024",5186.15,118067,936,0.007927702067470165,43.925482988472645,5.540758547008546,47,0.050213675213675216,110.34361702127659,5,0.005341880341880342,1037.23
"Jan 25, 2024",5611.679999999999,121696,987,0.008110373389429397,46.112279779121735,5.685592705167172,76,0.07700101317122594,73.8378947368421,2,0.002026342451874367,2805.8399999999997
"Jan 24, 2024",4538.38,92118,866,0.009400985692264269,49.26702707397034,5.240623556581986,58,0.06697459584295612,78.24793103448276,3,0.003464203233256351,1512.7933333333333
"Jan 23, 2024",4415.370000000001,87824,830,0.009450719621060302,50.275209509928956,5.319722891566266,58,0.06987951807228916,76.12706896551725,15,0.018072289156626505,294.35800000000006
"Jan 22, 2024",3619.24,78487,760,0.009683132238459872,46.112604635162505,4.762157894736842,49,0.06447368421052632,73.86204081632653,5,0.006578947368421052,723.848
"Jan 21, 2024",5458.06,107727,984,0.009134200339747696,50.66566413248304,5.546808943089431,52,0.052845528455284556,104.96269230769232,1,0.0010162601626016261,5458.06
"Jan 20, 2024",5213.630000000001,101337,957,0.00944373723319222,51.44843443164886,5.4478892371995835,55,0.05747126436781609,94.79327272727275,3,0.003134796238244514,1737.876666666667
"Jan 19, 2024",6035.670000000001,133061,1133,0.00851489166622827,45.360173153666366,5.327157987643425,77,0.06796116504854369,78.38532467532468,17,0.01500441306266549,355.03941176470596
"Jan 18, 2024",6224.579999999999,136338,1144,0.008390910824568353,45.6555032346081,5.441066433566433,73,0.06381118881118882,85.26821917808218,2,0.0017482517482517483,3112.2899999999995
"Jan 17, 2024",6401.459999999999,131398,1183,0.009003181174751518,48.7180931216609,5.41120879120879,72,0.060862214708368556,88.90916666666665,6,0.00507185122569738,1066.9099999999999
"Jan 16, 2024",5560.359999999998,130776,1169,0.008938949042637792,42.518199057931106,4.756509837467919,63,0.05389221556886228,88.2596825396825,4,0.003421727972626176,1390.0899999999995
"Jan 15, 2024",3197.2000000000003,60895,704,0.011560883487971099,52.50348961326875,4.541477272727273,50,0.07102272727272728,63.944,6,0.008522727272727272,532.8666666666667
"Jan 14, 2024",4296.25,86532,832,0.009614940137752508,49.64926270050386,5.163762019230769,35,0.042067307692307696,122.75,2,0.002403846153846154,2148.125
"Jan 13, 2024",5018.630000000001,96591,986,0.01020799039247963,51.95753227526375,5.089888438133875,56,0.056795131845841784,89.61839285714288,2,0.002028397565922921,2509.3150000000005
"Jan 12, 2024",6105.12,138937,1212,0.008723378221783974,43.941642614998166,5.037227722772277,75,0.06188118811881188,81.4016,3,0.0024752475247524753,2035.04
"Jan 11, 2024",9035.75,176639,1502,0.008503218428546358,51.15376558970556,6.01581225033289,77,0.05126498002663116,117.34740259740259,23,0.015312916111850865,392.85869565217394
"Jan 10, 2024",10254.659999999998,166495,1508,0.009057329048920388,61.59139914111534,6.800172413793102,96,0.0636604774535809,106.81937499999998,3,0.001989389920424403,3418.2199999999993
"Jan 9, 2024",11634.8,172768,1668,0.009654565660307464,67.34348953509908,6.975299760191846,91,0.05455635491606715,127.85494505494505,5,0.002997601918465228,2326.96
"Jan 8, 2024",9884.079999999998,159092,1441,0.009057652176099364,62.12807683604454,6.859181124219291,75,0.0520471894517696,131.7877333333333,17,0.01179736294240111,581.4164705882351
"Jan 7, 2024",10004.250000000002,135765,1333,0.009818436268552277,73.68799027731744,7.505063765941487,54,0.04051012753188297,185.2638888888889,0,0,null
"Jan 6, 2024",10810.269999999999,147757,1481,0.0100232137902096,73.16248976359833,7.29930452397029,79,0.053342336259284265,136.83886075949366,0,0,null
"Jan 5, 2024",11504.56,176504,1652,0.00935956125640212,65.18016588859176,6.964019370460048,91,0.05508474576271186,126.42373626373626,2,0.0012106537530266344,5752.28
"Jan 4, 2024",11722.44,194826,1762,0.009043967437610996,60.16876597579378,6.652917139614075,103,0.058456299659477864,113.81009708737865,6,0.00340522133938706,1953.74
"Jan 3, 2024",8017.509999999999,141200,1346,0.00953257790368272,56.78123229461756,5.956545319465081,80,0.05943536404160475,100.218875,21,0.015601783060921248,381.7861904761904
"Jan 2, 2024",0,0,48,null,null,0,0,0,null,3,0.0625,0
"Jan 1, 2024",0,0,18,null,null,0,0,0,null,0,0,null